TestId,ESVId,sequence,Kingdom,Phylum,Class,Order,Family,Genus,Species,% match,# species,S034199,S034127,S034126,S034191,S034187,S034174,S034179,S034171,S034210,S034158,S034170,S034148,CVI9JR2K,S034155,S034169,S034168,S034150,S034166,S034147,S034138,S034128,S034208,S034214,S034149,S034173,S034205,S034202,S034195
trnL,ESV_000029,GACTTAATTGAATTGAGCCTTAGTATGGAAACTTACTAAGTGATAACTTTCAAATTCAGAGAAACCCCGGAAAAAAAAGGGGCAATCCTGAGCCAAATCCTATTTTTCGAAAACAAACAAAGGTTCATAAAGACAGAATAAGAATACAAAAG,Eukaryota,Streptophyta,Magnoliopsida,Malpighiales,Salicaceae,Salix,,100,85,0,0,34664,0,0,0,0,0,0,0,0,0,0,0,0,0,0,0,0,0,0,0,0,0,0,0,0,0
trnL,ESV_000064,GACTTAATTGGATTGAGCCTTGGTATGGAAACTTACCAAGTGAAAACTTTCAAATTCAGAGAAACCCTGGAATTCACAATGGGCAATCCTGAGCCAAATCCTGCTTTCCGAAAACAAAAAAATAAAAGTTCAGAAAGTTAAAATTG,Eukaryota,Streptophyta,Magnoliopsida,Fabales,Fabaceae,Astragalus,,100,22,0,25928,0,0,0,0,0,0,0,0,0,0,0,0,0,0,0,0,0,0,0,0,0,0,0,0,0,0
trnL,ESV_015916,GACTTAATTGAATTGAGCCTTAGTATGGAAACTTACTAAGTGATAACTTTCAAATTCAGAGAAACCCCGGAAAAAAAAGGGGCAATCCTGAGCCAAATCCTATTTTTCGAAAACAAACAAAGGTTCATAAAGACAGAATAAGAATACAAAGG,Eukaryota,Streptophyta,Magnoliopsida,Malpighiales,Salicaceae,Salix,,99.3,90,0,0,23329,0,0,0,0,0,0,0,0,0,0,0,0,0,0,0,0,0,0,0,0,0,0,0,0,0
trnL,ESV_000075,GACTTAATTGGATTGAGCCTTGGTATGGAAACCTACTAAGTGATAACTTTCAAATTCAGAGAAACCCTGGAATTAATAAAAATGGGCAATCCTGAGCCAAATCCTGTTTTCCGAAAACAAAACAAAGAAAGGTTCAGAAAGCGAAAAAAG,Eukaryota,Streptophyta,Magnoliopsida,Boraginales,,,,96.7,26,10886,0,0,0,0,0,0,0,0,0,0,0,0,0,0,0,0,0,0,0,0,0,0,0,0,0,0,0
trnL,ESV_009488,GACTTGATTGGATTGAGCCTTGGTATGGAAACCTACTAAGTGATAACTTTCAAATTCAGAGAAACCCTGGAATTAAAAATGGGCAATCCTGAGCCAAATCCTGTTTTCAGAAAACAAAGAAGGTTTCTGAAAGTGAGAATAAAAAAAG,Eukaryota,Streptophyta,Magnoliopsida,,,,,98,6,1534,0,0,0,0,0,0,0,0,0,0,0,0,0,0,0,0,0,0,0,0,0,0,0,0,0,0,0
trnL,ESV_019706,GACTTAATTGGATTGAGCCTTGGTATGGAAACCTACTAAGTGATAACTTTCAAATTCAGAGAAACCCTGGAATTAAAAATGGGCAATCCTGAGCCAAATCCTGTTTTCAGAAAACAAAGAAGGTTTCTGAAAGTGAGAATAAAAAAAG,Eukaryota,Streptophyta,Magnoliopsida,,,,,97.3,6,928,0,0,0,0,0,0,0,0,0,0,0,0,0,0,0,0,0,0,0,0,0,0,0,0,0,0,0
trnL,ESV_002971,GACTTGATTGTATTGAGCCTTGGTATGGAAACCTGCTAAGTGGTAACTTCCAAATTCAGAGAAACCCTGGAATGAAAAATGGGCAATCCTGAGCCAAATCCCTTTTTTGAAAGACAAGTGGTTCTCAAACTAGAACCCAAAGGAAAAG,Eukaryota,Streptophyta,Magnoliopsida,Poales,Poaceae,,,99.3,55,0,714,0,0,0,0,0,0,0,0,0,0,0,0,0,0,0,0,0,0,0,0,0,0,0,0,0,0
trnL,ESV_156483,GACTTGATTGGATTGAGCCTTGGTATGGAAACCTACTAAGTGATAACTTTCAAATTCAGAGAAACCCTGGAATTAATAAAAATGGGCAATCCTGAGCCAAATCCTGTTTTCCGAAAACAAAACAAAGAAAGGTTCAGAAAGCGAAAAAAG,Eukaryota,Streptophyta,Magnoliopsida,Boraginales,,,,96,26,390,0,0,0,0,0,0,0,0,0,0,0,0,0,0,0,0,0,0,0,0,0,0,0,0,0,0,0
trnL,ESV_156475,GACTTAATTGAATTGAGCCTTAGTATGGAAACTTACTAAGTGATAACTTTCAAATTCAGAGAAACCCCGGAAAAAAAAGGGGCAATCCTGAGCCAAATCCTATTTTTCGAAGACAAACAAAGGTTCATAAAGACAGAATAAGAATACAAAGG,Eukaryota,Streptophyta,Magnoliopsida,Malpighiales,Salicaceae,Salix,,98.7,90,0,0,359,0,0,0,0,0,0,0,0,0,0,0,0,0,0,0,0,0,0,0,0,0,0,0,0,0
trnL,ESV_110456,GACTTAATTGGATTGAGCCTTGGTATGGGAACTTACCAAGTGAAAACTTTCAAATTCAGAGAAACCCTGGAATTCACAATGGGCAATCCTGAGCCAAATCCTGCTTTCCGAAAACAAAAAAATAAAAGTTCAGAAAGTTAAAATTG,Eukaryota,Streptophyta,Magnoliopsida,Fabales,Fabaceae,Astragalus,,99.3,33,0,356,0,0,0,0,0,0,0,0,0,0,0,0,0,0,0,0,0,0,0,0,0,0,0,0,0,0
trnL,ESV_011991,GACTTAATTGGATTGAGCCTTGGTATGGAAACTTACCAAGTGAAAACTTTCAAATTCAGAGAAACCCTGGAATTCACAATGGGCAATCCTGAGCCAAATCCTGCTTTCCGAAAACAAAGAAATAAAAGTTCAGAAAGTTAAAATTG,Eukaryota,Streptophyta,Magnoliopsida,Fabales,Fabaceae,Astragalus,,99.3,33,0,301,0,0,0,0,0,0,0,0,0,0,0,0,0,0,0,0,0,0,0,0,0,0,0,0,0,0
trnL,ESV_117929,GACTTAATTGGATTGAGCCTTGGTATGGAAACCTACTAAGTGATAACTTTCAAATTTAGAGAAACCGTGGAATTAATAAAAATGGGCAATTTTGAGCCAAATCATGTTTTCCGAAAACAAAGAAAGGTTCATAAAGCGAAAAAAG,Eukaryota,Streptophyta,Magnoliopsida,Boraginales,,,,95.9,26,75,0,0,0,0,0,0,0,0,0,0,0,0,0,0,0,0,0,0,0,0,0,0,0,0,0,0,0
trnL,ESV_156476,GACTAAATTGAATTGAGCCTTAGTATGGAAACTTACTAAGTGATAACTTTCAAATTCAGAGAAACCCCGGAAAAAAAAGGGGCAATCCTGAGCCAAATCCTATTTTTCGAAAACAAACAAAGGTTCATAAAGGCAGAATAAGAATACAAAGG,Eukaryota,Streptophyta,Magnoliopsida,Malpighiales,Salicaceae,Salix,,98,88,0,0,41,0,0,0,0,0,0,0,0,0,0,0,0,0,0,0,0,0,0,0,0,0,0,0,0,0
trnL,ESV_156484,GACTTAATTGGATTGAGCCTTGGTATGGAAACCTACTAAGTGATAACTTTCAAATTTAGAGAAACCGTGGAATTAATAAAAATGGGCAATTTTGAGTCAAATCATGTTTTCCGAAAACAAAGAAAGGTTCATAAAGCGAAAAAAG,Eukaryota,Streptophyta,Magnoliopsida,Boraginales,,,,95.2,26,19,0,0,0,0,0,0,0,0,0,0,0,0,0,0,0,0,0,0,0,0,0,0,0,0,0,0,0
trnL,ESV_156477,GACTTAATTGAATTGAGTCTTAGTATGGAAACTTACTAAGTGATAACTTTCAAATTCAGAGAAACCCCGGAAAAAAAAGGGGCAATCCTGAGCCAAATCCTATTTTTCGAAGACAAACAAAGGTTCATAAAGACAGAATAAGAATACAAAGG,Eukaryota,Streptophyta,Magnoliopsida,Malpighiales,Salicaceae,Salix,,98,90,0,0,16,0,0,0,0,0,0,0,0,0,0,0,0,0,0,0,0,0,0,0,0,0,0,0,0,0
trnL,ESV_156478,GACTTAATTGAATTGAGCCTTAGTATGGAAACTTACTAAGTGACAACTTTCAAATTCAGAGAAACCCCGGAAAAAAAAGGGGCAATCCTGAGCCAAATCCTATTTTTCGAAAACAAACAAAGGTTCATAAAGACAGAATAAGAATACAAAAA,Eukaryota,Streptophyta,Magnoliopsida,Malpighiales,Salicaceae,Salix,,98.7,90,0,0,15,0,0,0,0,0,0,0,0,0,0,0,0,0,0,0,0,0,0,0,0,0,0,0,0,0
trnL,ESV_156482,GACTTGATTGTATTGAGCCTTGGTATGGAAACCTGCTAAGTGGTAACTTCCAAATTCAGGGAAACCCTGGAATGAAAAATGGGCAATCCTGAGCCAAATCCCTTTTTTGAAAGACAAGTGGTTCTCAAACTAGAACCCAAAGGAAAAG,Eukaryota,Streptophyta,Magnoliopsida,Poales,Poaceae,,,98.6,55,0,14,0,0,0,0,0,0,0,0,0,0,0,0,0,0,0,0,0,0,0,0,0,0,0,0,0,0
trnL,ESV_156480,GACTTAATTGAATTGAGCCTTAGTATGGAAACTTACTAAGTGATAACTTTCAAATTCAGAGAAACCCCGGAAAAAAAAGGGGCAATCCTGAGCCAAATCCTATTTTTCGAAAACAAACAAAGGTTCATAAAAACAGAATAAGGATACAAAAG,Eukaryota,Streptophyta,Magnoliopsida,Malpighiales,Salicaceae,Salix,,98.7,90,0,0,13,0,0,0,0,0,0,0,0,0,0,0,0,0,0,0,0,0,0,0,0,0,0,0,0,0
trnL,ESV_156479,GACTTAATTGAATTGAGCCTTAGTATGGAAACTCACTAAGTGATAACTTTCAAATTCAGAGAAACCCCGGAAAAAAAAGGGGCAATCCTGGGCCAAATCCTATTTTTCGAAAACAAACAAAGGTTCATAAAGACAGAATAAGAATACAAAGG,Eukaryota,Streptophyta,Magnoliopsida,Malpighiales,Salicaceae,Salix,,98,90,0,0,13,0,0,0,0,0,0,0,0,0,0,0,0,0,0,0,0,0,0,0,0,0,0,0,0,0
trnL,ESV_156481,GACTTAATTGAATTGAGCCTTAGTATGGAAACTTACTAAGTGATAACTTTCAAATTCAGAGAAACCCCGGAAAAAAAAGGGGCAATCCTGAGCCAAATCCTATTTTTCAAAAACAAACAAAGGTTCATAAAGACAGAATAAGAACACAAAGG,Eukaryota,Streptophyta,Magnoliopsida,Malpighiales,Salicaceae,Salix,,98,90,0,0,9,0,0,0,0,0,0,0,0,0,0,0,0,0,0,0,0,0,0,0,0,0,0,0,0,0
