,,,,,,,,,,,,,,,,,,,,,,,,,,,,,,,,,,,,,,,,,,,,,,,,,,,,,,,,
Salinity (ppt) - Calculated,Site,Date,Sample Type,,Ostracod,Copepod,Hemiptera: Corixidae (boatman),Cladocera,Nematode,Diptera - TOTAL,Dipteran sp.,Diptera: Chironomid ,Diptera: Ceratopogonidae,Diptera: Culicidae,Diptera: Ephydridae,Diptera: Stratiomyidae,Amphipod,Hemiptera  TOTAL,Hemiptera-Notonectidae,Annelida TOTAL,Annelida Sp.,Annelida: Oligochaete,Annelida: Polychaete,Ephemeroptera Sp.,Odonate,Coleoptera - TOTAL,Coleoptera sp.,Coleoptera: Dytiscidae,Coleoptera: Dytiscidae: Liodessus affinis,Coleoptera: Dytiscidae: Agabus,Coleoptera: Dytiscidae: Colymbetinae,Coleoptera: Curculionidae  (Weavil),Coleoptera - Hydrophilidae,Coleoperta Hydraenidae,Coleoptera- Gyrindae- Gyrinini,Tipulidae Larva,Arachnida: Acari  (mite),Trichoptera Sp.,Collembola (Springtail),Gastropod - snail,Clam Shrimp,Total (#/Liter),,Date,Site,Depth (cm),Sample Type,Dissolved Oxygen (mg/L),Dissolved Oxygen (%),Conductivity-specific (mS/cm),Salinity (ppt),Salinity (ppt) - Calculated,Temperature (C),AtmosphPressure (mmHg),pH,Comments
,,FB250,"Used calculator at ( www.mt-oceanography.info/Utilities/salcon.html ) to calculate salinity from mS/cm,Temperature, and Pressure",,,,,,,,,,,,,,,,,,,,,,,,,,,,,,,,,,,,,,,,,,,,,,,,,,,,,
165.0,CUL1,7-Jan-18,FB,0-Jan-00,0.1,0.0,0.0,0.0,0.0,,0.0,0.0,0.0,0.0,20.0,0.0,0.0,,0.0,,,0.0,0.0,0.0,0.0,,0.0,0.0,,,,,0.0,0.0,,,0.0,,0.0,,0.0,20.1,,5-Jan-18,CUL1,5,YSI 2030,-,25,162,-,165.0,16.8,770,-,
118.0,NMC,28-Sep-18,FB,0-Jan-00,0.0,0.4,0.3,0.0,0.0,,0.0,0.3,0.0,0.0,0.0,0.0,0.0,,0.0,,,0.0,0.0,0.0,0.0,,0.0,0.0,,,,,0.0,0.0,,,0.0,,0.0,,0.0,0.9,,28-Sep-18,NMC,10,YSI 2030,-,156,158,-,118.0,28.5,759,7.9,
115.0,CUL1,24-Aug-18,FB250,0-Jan-00,0.0,0.0,0.0,0.0,0.0,,0.0,0.0,0.0,0.0,0.0,0.0,0.0,,0.0,,,0.0,0.0,0.0,0.0,,0.0,0.0,,,,,0.0,0.0,,,0.0,,0.4,,0.1,0.5,,24-Aug-18,CUL1,10,Synthetic,-,120,160,-,115.0,30.0,761,-,
111.0,NVBR,28-Sep-18,FB,0-Jan-00,44.5,0.1,11.5,0.0,0.0,,0.0,0.0,0.0,0.0,0.0,0.0,0.0,,0.0,,,0.0,0.0,0.0,0.0,,0.0,0.0,,,,,0.0,0.0,,,0.0,,0.0,,0.0,56.1,,28-Sep-18,NVBR,10,YSI 2030,-,170,144,-,111.0,25.8,760,8.2,
88.2,VBR1,24-Aug-18,FB,0-Jan-00,0.1,5.6,0.9,0.0,0.0,,0.0,0.0,0.4,0.0,0.4,0.0,0.0,,0.0,,,0.0,0.0,0.0,0.0,,0.0,0.0,,,,,0.0,0.0,,,0.0,,0.0,,0.0,7.5,,24-Aug-18,VBR1,10,YSI 2030,-,69,113,-,88.2,23.0,762,-,
76.7,NEC,26-Sep-18,FB,0-Jan-00,0.0,5.9,1.1,0.0,0.0,,0.0,0.0,0.9,0.0,0.0,0.0,0.0,,0.0,,,0.0,0.0,0.0,0.0,,0.1,0.0,,,,,0.0,0.0,,,0.0,,0.0,,0.0,8.0,,26-Sep-18,NEC,10,YSI2030,-,143,117,-,76.7,31.3,760,-,
76.1,NVBR,24-Aug-18,FB,0-Jan-00,0.3,16.3,0.1,0.0,0.1,,0.0,0.0,0.0,0.0,0.0,0.0,0.0,,0.0,,,0.0,0.0,0.0,0.0,,0.0,0.0,,,,,0.0,0.0,,,0.0,,0.0,,0.0,16.8,,24-Aug-19,NVBR,10,YSI2030,-,12,102,-,76.1,24.2,761,-,
71.4,CUL1,30-Dec-18,FB250,0-Jan-00,13.9,280.0,3.7,0.0,0.0,,0.0,0.0,0.7,0.0,0.3,0.0,0.0,,0.0,,,0.0,0.0,0.0,0.0,,0.0,0.0,,,,,0.0,0.0,,,0.0,,0.0,,0.0,298.5,,30-Dec-18,CUL1,10,Synthetic,-,80,80,-,71.4,15.0,766,-,Best Guess
,,,AVE,0-Jan-00,7.4,38.5,2.2,0.0,0.0,,0.0,0.0,0.3,0.0,2.6,0.0,0.0,,0.0,,,0.0,0.0,0.0,0.0,,0.0,0.0,,,,,0.0,0.0,,,0.0,,0.1,,0.0,409,,,,,,,,,,,,,,
,,,,,,,,,,,,,,,,,,,,,,,,,,,,,,,,,,,,,,,,,,,,,,,,,,,,,,,,
61.6,NEC,8-Aug-18,FB,0-Jan-00,0.4,69.3,10.4,0.0,0.0,,0.4,0.0,1.3,0.0,1.9,0.0,0.0,,0.0,,,0.0,0.0,0.0,0.0,,0.0,0.0,,,,,0.0,0.0,,,0.0,,0.0,,0.0,83.7,,8-Aug-18,NEC,10,YSI 2030,5.2,93,92,61.2,61.6,28.2,759,-,
57.9,MO1,7-Jan-18,FB,0-Jan-00,0.0,70.3,0.0,0.0,0.0,,0.0,0.4,0.0,0.0,0.1,0.0,0.0,,0.0,,,0.0,0.0,0.0,0.0,,0.0,0.0,,,,,0.0,0.0,,,0.1,,0.0,,0.0,70.9,,5-Jan-18,MO1,5,YSI 2030,5.8,79,69,-,57.9,16.4,770,-,
55.5,NMC,8-Aug-18,FB250,0-Jan-00,1.5,56.7,0.4,0.0,0.0,,0.5,0.0,0.4,0.0,0.8,0.0,0.0,,0.0,,,0.0,0.0,0.0,0.0,,0.0,0.0,,,,,0.0,0.0,,,0.0,,0.0,,0.0,60.3,,8-Aug-18,NMC,10,YSI 2030,3.9,65,81,54.9,55.5,26.3,759,-,
46.6,NPB,2-Nov-18,FB,0-Jan-00,0.1,3.7,8.0,0.0,0.0,,0.0,0.0,0.1,0.0,0.0,0.0,0.0,,0.0,,,0.0,0.0,0.0,0.0,,0.0,0.0,,,,,0.0,0.0,,,0.0,,0.0,,0.0,12.0,,2-Nov-18,NBP,10,YSI 2030,10.5,162,67,45.3,46.6,23.8,761,8.7,
46.5,MO1,19-Oct-18,FB,0-Jan-00,4.5,0.4,408.1,0.0,0.0,,0.0,0.0,0.0,0.0,0.0,0.0,0.0,,0.0,,,0.0,0.0,0.0,0.0,,0.0,0.0,,,,,0.0,0.0,,,0.0,,0.0,,0.0,413.1,,19-Oct-18,MO1,10,YSI 2030,8.8,140,69,46.6,46.5,25.6,760,8.8,
42.7,VBR1,24-Oct-18,FB,0-Jan-00,0.0,1.1,8.8,0.0,0.0,,0.0,0.1,0.0,0.0,0.0,0.0,0.0,,0.0,,,0.0,0.0,0.0,0.0,,0.0,0.0,,,,,0.0,0.0,,,0.0,,0.0,,0.0,10.0,,24-Oct-18,VBR1,10,YSI 2030,8.0,124,64,43.3,42.7,25.6,759,8.4,
42.7,NVBR,24-Oct-18,FB,0-Jan-00,0.0,1.7,1.5,0.0,0.0,,0.0,0.4,0.0,0.0,0.0,0.0,0.0,,0.0,,,0.0,0.0,0.0,0.0,,0.0,0.0,,,,,0.0,0.0,,,0.0,,0.0,,0.0,3.6,,24-Oct-18,NVBR,10,YSI 2030,8.0,124,64,43.3,42.7,25.6,759,8.4,
42.5,MO1,6-Aug-18,FB,0-Jan-00,0.0,0.1,0.1,0.0,0.0,,0.0,0.0,0.0,0.0,0.0,0.0,0.0,,0.0,,,0.0,0.0,0.0,0.0,,0.0,0.0,,,,,0.0,0.0,,,0.0,,0.0,,0.0,0.3,,6-Aug-18,MO1,10,YSI 2030,14.8,280,76,-,42.5,35.3,755,-,
38.5,DSP,8-May-18,FB,0-Jan-00,2.0,57.5,6.8,0.0,0.0,,0.0,0.0,0.0,0.0,0.0,0.0,0.0,,0.0,,,0.0,0.0,0.0,0.0,,0.0,0.0,,,,,0.0,0.0,,,0.0,,0.0,,0.0,66.3,,8-May-18,DSP,5,YSI 2030,4.4,79,56,37.1,38.5,24.5,763,-,
38.2,MO1,7-Jun-18,FB,0-Jan-00,0.1,8.5,1.3,0.4,0.0,,0.0,0.0,0.1,0.0,0.0,0.0,0.0,,0.0,,,0.0,0.0,0.0,0.0,,0.0,0.0,,,,,0.0,0.0,,,0.0,,0.0,,0.0,10.5,,7-Jun-18,MO1,10,Synthetic,-,183,54,-,38.2,22.0,759,-,
37.3,DSP,9-May-18,FB,0-Jan-00,52.4,0.4,31.7,0.0,0.0,,0.0,1.6,0.0,0.0,0.0,0.0,0.0,,0.0,,,0.0,0.0,0.0,0.0,,0.0,0.0,,,,,0.0,0.0,,,0.0,,0.0,,0.0,86.1,,9-May-18,DSP,5,YSI 2030,9.4,136,54,35.9,37.3,23.1,762,-,
,,,AVE,0-Jan-00,5.6,24.5,43.4,0.0,0.0,,0.1,0.2,0.2,0.0,0.3,0.0,0.0,,0.0,,,0.0,0.0,0.0,0.0,,0.0,0.0,,,,,0.0,0.0,,,0.0,,0.0,,0.0,817,,,,,,,,,,,,,,
,,,,,,,,,,,,,,,,,,,,,,,,,,,,,,,,,,,,,,,,,,,,,,,,,,,,,,,,
35.0,NEC,7-Nov-18,FB,0-Jan-00,0.8,2.1,18.5,0.0,0.0,,0.0,0.0,0.0,0.0,0.0,0.0,0.0,,0.0,,,0.0,0.0,0.0,0.0,,0.0,0.0,,,,,0.0,0.0,,,0.0,,0.0,,0.0,21.5,,7-Nov-18,NEC,10,YSI 2030,11.0,153,51,35.9,35.0,23.0,768,8.4,
29.3,MO1,8-May-18,FB,0-Jan-00,0.0,36.5,1.2,0.0,0.0,,0.0,0.0,0.0,0.0,0.0,0.0,0.0,,0.0,,,0.0,0.0,0.0,0.0,,0.0,0.0,,,,,0.0,0.0,,,0.0,,0.0,,0.0,37.7,,5-May-18,MO1,10,YSI 2030,9.8,135,43,-,29.3,22.5,762,-,
22.0,CUL1,23-Feb-18,FB,0-Jan-00,0.3,100.8,0.4,0.0,0.0,,0.0,0.0,0.0,0.0,0.1,0.0,0.0,,0.0,,,0.0,0.0,0.0,0.0,,0.0,0.0,,,,,0.0,0.0,,,0.0,,0.0,,0.0,101.6,,24-Feb-18,CUL1,10,YSI 2030,10.0,105,27,-,22.0,13.0,772,-,
21.9,VBR1,21-May-18,FB,0-Jan-00,0.0,0.4,6.8,0.0,0.0,,0.0,0.0,0.0,0.0,0.0,0.0,0.0,,0.0,,,0.0,0.0,0.0,0.0,,0.0,0.0,,,,,0.0,0.0,,,0.0,,0.0,,0.0,7.2,,21-May-18,VBR1,10,YSI 2030,12.3,169,35,21.9,21.9,25.3,759,-,
21.9,NVBR,21-May-18,FB,0-Jan-00,0.0,9.5,5.2,0.0,0.1,,0.0,0.3,0.0,0.0,0.0,0.0,0.0,,0.0,,,0.0,0.0,0.0,0.0,,0.0,0.0,,,,,0.0,0.0,,,0.0,,0.0,,0.0,15.1,,21-May-18,NVBR,10,YSI 2030,12.3,169,35,21.9,21.9,25.3,760,-,
21.5,MO1,16-Feb-18,FB,0-Jan-00,0.0,578.7,0.8,0.0,0.0,,0.0,0.4,0.1,0.0,0.0,0.0,0.0,,0.0,,,0.0,0.0,0.0,0.0,,0.0,0.0,,,,,0.0,0.0,,,0.0,,0.0,,0.0,580.0,,24-Feb-18,MO1,10,YSI 2030,17.8,193,27,-,21.5,14.1,772,-,
20.3,CUL1,28-Apr-18,FB,0-Jan-00,2.5,60.0,3.2,0.0,0.0,,0.0,0.1,0.0,0.0,0.0,0.0,0.0,,0.0,,,0.0,0.0,0.0,0.0,,0.0,0.0,,,,,0.1,0.0,,,0.0,,0.0,,0.0,66.0,,28-Apr-18,CUL1,10,YSI 2030,7.4,91,30,-,20.3,21.0,761,-,
18.7,MO1,11-Apr-18,FB,0-Jan-00,0.1,176.0,0.0,0.0,0.0,,0.0,0.0,0.0,0.0,0.0,0.0,0.0,,0.0,,,0.0,0.0,0.0,0.0,,0.0,0.0,,,,,0.0,0.0,,,0.0,,0.0,,0.0,176.1,,11-Apr-18,MO1,5,YSI 2030,7.6,104,31,-,18.7,26.4,759,-,
17.5,NVBR,14-May-18,FB,0-Jan-00,0.5,6.0,3.1,0.1,0.0,,0.0,0.1,0.0,0.0,0.0,0.0,0.0,,0.0,,,0.0,0.0,0.0,0.0,,0.0,0.0,,,,,0.0,0.0,,,0.0,,0.0,,0.0,9.9,,14-May-18,NVBR,10,YSI 2030,10.7,146,29,17.3,17.5,26.1,760,-,
17.3,NMC,25-May-18,FB,0-Jan-00,13.9,6.1,0.9,0.0,0.0,,0.0,0.0,0.0,0.0,0.0,0.0,0.0,,0.0,,,0.0,0.0,0.0,0.0,,0.0,0.0,,,,,0.0,0.0,,,0.0,,0.0,,0.0,20.9,,25-May-18,NMC,10,YSI 2030,10.7,137,27,17.3,17.3,22.6,764,-,
16.6,NMC,27-Apr-18,FB,0-Jan-00,1.6,6.7,0.8,0.0,0.0,,0.0,0.0,0.0,0.0,0.0,0.0,0.0,,0.0,,,0.0,0.0,0.0,0.0,,0.0,0.0,,,,,0.0,0.0,,,0.0,,0.0,,0.0,9.1,,27-Apr-18,NMC,10,YSI 2030,9.1,117,26,15.6,16.6,22.9,764,10.6,
16.6,DSP,6-Apr-18,FB,0-Jan-00,8.9,0.0,0.0,0.0,0.0,,0.0,0.0,0.0,0.0,0.0,0.0,0.0,,0.0,,,0.0,0.0,0.0,0.0,,0.0,0.0,,,,,0.0,0.0,,,0.0,,0.0,,0.0,8.9,,6-Apr-18,DSP,10,YSI 2030,9.1,120,26,15.9,16.6,22.9,766,9.4,
15.5,CUL1,4-Apr-18,FB,0-Jan-00,120.0,77.3,2.1,0.0,0.0,,0.0,0.0,0.0,0.1,0.0,0.0,0.0,,0.0,,,0.0,0.0,0.0,0.0,,0.0,0.0,,,,,0.0,0.0,,,0.0,,0.0,,0.0,199.6,,11-Apr-18,CUL1,20,YSI 2030,10.1,131,25,-,15.5,23.9,760,-,
15.5,NEC,25-May-18,FB,0-Jan-00,7.5,8.5,4.1,0.0,0.0,,0.0,0.0,0.0,0.0,0.0,0.0,0.0,,0.0,,,0.0,0.0,0.0,0.0,,0.0,0.0,,,,,0.0,0.0,,,0.0,,0.0,,0.0,20.1,,25-May-18,NEC,10,YSI 2030,9.6,123,25,16.1,15.5,22.7,764,-,
14.8,NVBR,30-Dec-18,FB250,0-Jan-00,2.7,136.3,5.3,0.0,0.0,,0.0,0.0,0.0,0.0,0.0,0.0,0.0,,0.0,,,0.0,0.0,0.0,0.0,,0.0,0.0,,,,,0.0,0.0,,,0.0,,0.0,,0.0,144.3,,30-Dec-18,NVBR,10,YSI2030,9.8,99,18,14.9,14.8,11.2,766,-,
14.5,NMC,30-Dec-18,FB,0-Jan-00,1.2,64.3,2.7,0.0,0.0,,0.0,0.0,0.0,0.0,0.0,0.0,0.0,,0.0,,,0.0,0.0,0.0,0.0,,0.0,0.0,,,,,0.0,0.0,,,0.0,,0.0,,0.0,68.1,,30-Dec-18,NEC*,10,YSI 2030,10.1,103,18,14.6,14.5,12.2,766,-,
14.2,NPB,30-Dec-18,FB,0-Jan-00,0.4,345.3,1.2,0.0,0.0,,0.0,0.0,0.0,0.0,0.0,0.0,0.0,,0.0,,,0.0,0.0,0.0,0.0,,0.0,0.0,,,,,0.0,0.0,,,0.0,,0.0,,0.0,346.9,,30-Dec-18,NPB,10,YSI 2030,7.5,74,17,14.5,14.2,10.5,766,-,
13.8,MO1,3-Feb-18,FB,0-Jan-00,0.4,111.3,0.0,0.0,0.0,,0.0,0.0,0.0,0.0,0.0,0.0,0.0,,0.0,,,0.0,0.0,0.0,0.0,,0.0,0.0,,,,,0.0,0.0,,,0.0,,0.0,,0.0,111.7,,3-Feb-18,MO1,0,YSI 2030,7.8,81,18,-,13.8,14.4,767,-,
13.2,CUL1,3-Feb-18,FB,0-Jan-00,0.9,41.6,0.4,0.0,0.0,,0.0,0.1,0.0,0.0,0.0,0.0,0.0,,0.0,,,0.0,0.0,0.0,0.0,,0.0,0.0,,,,,0.0,0.0,,,0.0,,0.0,,0.0,43.1,,3-Feb-18,CUL1,10,YSI 2030,6.9,74,18,-,13.2,15.6,767,-,
13.2,NVBR,18-May-18,FB,0-Jan-00,0.0,5.6,5.1,0.1,0.0,,0.0,0.0,0.0,0.0,0.0,0.0,0.0,,0.0,,,0.0,0.0,0.0,0.0,,0.0,0.0,,,,,0.0,0.0,,,0.0,,0.0,,0.0,10.8,,18-May-18,NVBR,10,YSI 2030,9.1,108,20,13.0,13.2,20.3,760,-,
12.1,NDC,4-Jun-18,FB,0-Jan-00,2.5,0.8,0.4,0.0,0.0,,0.9,0.0,0.0,5.1,0.0,0.0,0.0,,0.3,,,0.0,0.0,0.0,0.0,,0.0,0.0,,,,,0.0,0.0,,,0.0,,0.0,,0.0,10.0,,4-Jun-18,NDC,10,YSI 2030,12.6,161,20,12.0,12.1,24.3,759,-,
11.6,CUL1,20-Jan-18,FB,0-Jan-00,0.7,4.9,0.0,0.1,0.0,,0.0,0.0,0.0,0.0,0.0,0.0,0.0,,0.0,,,0.0,0.0,0.0,0.0,,0.0,0.0,,,,,0.0,0.0,,,0.0,,0.0,,0.0,5.7,,24-Jan-18,CUL1,5,YSI 2030,5.8,59,15,-,11.6,13.0,764,-,
11.6,CUL1,27-Jan-18,FB,0-Jan-00,0.1,0.0,12.0,0.0,1.7,,0.0,0.0,0.0,0.0,0.0,0.0,0.0,,0.0,,,0.0,0.0,0.0,0.0,,0.0,0.0,,,,,0.0,0.0,,,0.0,,0.0,,0.0,13.9,,24-Jan-18,CUL1,5,YSI 2030,5.8,59,15,-,11.6,13.0,764,-,
11.6,DSP,3-Mar-18,FB,0-Jan-00,23.1,0.4,8.1,0.0,0.0,,0.1,0.9,0.0,0.0,0.0,0.0,0.0,,0.0,,,0.0,0.0,0.0,0.0,,0.0,0.0,,,,,0.0,0.0,,,0.0,,0.0,,0.0,32.7,,"43,162",DSP,5,YSI 2030,3,36,18,7,11.6,21,766,9,
11.5,NVBR,9-Mar-18,FB,0-Jan-00,94.0,506.7,4.0,0.1,0.0,,0.0,0.0,0.0,0.0,0.0,0.0,0.0,,0.0,,,0.0,0.0,0.0,0.0,,0.0,0.0,,,,,0.0,0.0,,,0.0,,0.0,,0.0,604.8,,9-Mar-18,NVBR,10,YSI 2030,9.5,115,18,10.6,11.5,21.3,761,9.8,
10.3,NPB,9-Mar-18,FB,0-Jan-00,2.5,27.7,0.8,0.0,0.0,,0.0,0.0,0.0,0.0,0.0,0.0,0.0,,0.0,,,0.0,0.0,0.0,0.0,,0.0,0.0,,,,,0.0,0.0,,,0.0,,0.0,,0.0,31.1,,9-Mar-18,NPB,10,YSI 2030,8.6,107,17,9.8,10.3,23.5,760,9.4,
,,,AVE,0-Jan-00,15.5,73.5,3.9,0.1,0.2,,0.1,0.1,0.0,0.6,0.0,0.0,0.0,,0.0,,,0.0,0.0,0.0,0.0,,0.0,0.0,,,,,0.0,0.0,,,0.0,,0.0,,0.0,"2,697",,,,,,,,,,,,,,
,,,,,,,,,,,,,,,,,,,,,,,,,,,,,,,,,,,,,,,,,,,,,,,,,,,,,,,,
9.3,NMC,25-Sep-18,FB,0-Jan-00,0.0,0.4,0.3,0.0,0.0,,0.0,0.3,0.0,0.0,0.0,0.0,0.0,,0.0,,,0.0,0.0,0.0,0.0,,0.1,0.0,,,,,0.0,0.0,,,0.0,,0.0,,0.0,1.1,,25-Sep-18,NMC,10,YSI2030,-,165,19,-,9.3,34.4,760,-,
8.7,NMC,7-Mar-18,FB,0-Jan-00,0.1,104.9,0.3,0.0,0.0,,0.0,0.0,0.0,0.0,0.0,0.0,0.0,,0.0,,,0.0,0.0,0.0,0.0,,0.0,0.0,,,,,0.0,0.0,,,0.0,,0.0,,0.0,105.3,,7-Mar-18,NMC,10,YSI 2030,9.8,102,12,8.5,8.7,14.8,763,-,
8.7,NWP,12-Mar-18,FB,0-Jan-00,1.3,33.5,0.3,77.6,0.0,,0.0,0.0,0.0,0.0,0.0,0.0,0.0,,0.0,,,0.0,0.0,0.0,0.0,,0.0,0.0,,,,,0.0,0.0,,,0.0,,0.0,,0.0,112.7,,12-Mar-18,NWP,10,YSI 2030,9.6,95,12,0.8,8.7,14.7,763,-,
8.4,NEC,7-Mar-18,FB,0-Jan-00,3.1,72.0,0.0,0.5,0.0,,0.0,0.0,0.0,0.0,0.0,0.0,0.0,,0.0,,,0.0,0.0,0.0,0.0,,0.0,0.0,,,,,0.0,0.0,,,0.0,,0.0,,0.0,75.6,,7-Mar-18,NEC,10,YSI 2030,9.2,97,12,8.7,8.4,15.5,763,-,
6.2,NVBR,11-Apr-18,FB,0-Jan-00,37.6,6.1,0.4,72.4,0.0,,0.0,0.0,0.0,0.0,0.0,0.0,0.0,,0.0,,,0.0,0.0,0.0,0.0,,0.0,0.0,,,,,0.0,0.0,,,0.0,,0.0,,0.0,116.5,,11-Apr-18,NVBR,5,YSI 2030,11.2,142,11,6.0,6.2,25.6,760,10.7,
6.0,VBR1,22-Jan-18,FB,0-Jan-00,0.5,12.9,6.4,0.1,0.0,,0.3,0.0,0.0,0.0,0.0,0.0,0.0,,0.0,,,0.0,0.0,0.0,0.0,,0.0,0.0,,,,,0.0,0.0,,,0.0,,0.0,,0.0,20.3,,24-Jan-18,VBR1,10,YSI 2030,10.4,114,9,-,6.0,16.8,762,-,
5.5,NEC,4-Dec-18,FB,0-Jan-00,0.3,27.3,0.1,0.7,0.0,,0.0,0.0,0.0,0.0,0.0,0.0,0.0,,0.0,,,0.0,0.0,0.0,0.0,,0.0,0.0,,,,,0.0,0.0,,,0.0,,0.0,,0.0,28.4,,4-Dec-18,NEC,10,YSI2030,9.9,105,8,5.4,5.5,16.4,761,-,
4.7,NWP,4-Jun-18,FB,0-Jan-00,0.8,0.0,0.1,0.0,0.0,,0.0,0.0,0.0,0.0,0.0,0.0,0.0,,0.0,,,0.0,0.0,0.0,0.0,,0.0,0.0,,,,,0.0,0.0,,,0.0,,0.0,,0.0,0.9,,4-Jun-18,NWP,10,YSI 2030,8.6,101,8,4.5,4.7,22.0,760,-,
4.7,NWP,9-Mar-18,FB,0-Jan-00,1.2,58.7,0.3,8.0,0.0,,0.0,0.0,0.0,0.0,0.0,0.0,0.0,,0.0,,,0.0,0.0,0.0,0.0,,0.0,0.0,,,,,0.0,0.0,,,0.0,,0.0,,0.0,68.1,,9-Mar-18,NWP,10,YSI 2030,9.2,108,8,4.5,4.7,22.0,761,9.4,
4.6,NPB,8-Dec-18,FB,0-Jan-00,0.3,80.8,1.6,0.1,0.0,,0.0,0.0,0.0,0.0,0.0,0.1,0.0,,0.0,,,0.0,0.0,0.0,0.0,,0.0,0.0,,,,,0.0,0.0,,,0.0,,0.0,,0.0,82.9,,8-Dec-18,NPB,10,YSI 2030,19.6,208,7,3.8,4.6,17.1,769,9.3,
4.6,MO1,7-Dec-18,FB,0-Jan-00,0.0,1.9,24.1,0.0,0.0,,0.0,0.0,0.0,0.0,0.0,0.1,0.0,,0.0,,,0.0,0.0,0.0,0.0,,0.0,0.0,,,,,0.0,0.0,,,0.0,,0.0,,0.0,26.1,,7-Dec-18,MO1,10,YSI 2030,18.6,200,7,4.0,4.6,16.9,765,9.5,
3.9,VBR1,3-Mar-18,FB,0-Jan-00,17.3,228.0,1.7,0.0,0.0,,0.0,3.9,5.7,0.0,0.8,0.4,0.0,,0.0,,,0.0,0.0,0.0,0.0,,0.0,0.0,,,,,0.1,0.0,,,0.0,,0.0,,0.0,258.0,,3-Mar-18,VBR1,10,YSI 2030,8.0,85,6,-,3.9,16.9,766,-,
3.5,NMC,11-May-18,FB,0-Jan-00,2.5,20.0,1.6,0.0,0.0,,0.0,0.1,0.0,0.0,0.0,0.0,0.0,,0.0,,,0.0,0.0,0.0,0.0,,0.0,0.0,,,,,0.0,0.0,,,0.0,,0.0,,0.0,24.3,,11-May-18,NMC,10,YSI 2030,9.0,108,6,4.7,3.5,22.1,760,8.5,
3.4,NPB,28-Sep-18,FB,0-Jan-00,7.3,1.7,0.4,0.0,0.0,,0.0,0.4,0.1,0.0,0.0,0.0,0.0,,0.0,,,0.0,0.0,0.0,0.0,,0.0,0.0,,,,,0.0,0.0,,,0.0,,0.0,,0.0,10.0,,28-Sep-18,NPB,10,YSI 2030,6.4,77,6,3.1,3.4,22.5,759,7.6,
3.1,NMC,8-Dec-18,FB,0-Jan-00,0.0,53.2,2.9,0.0,0.0,,0.0,0.0,0.0,0.0,0.0,0.0,0.0,,0.0,,,0.0,0.0,0.0,0.0,,0.0,0.0,,,,,0.0,0.0,,,0.0,,0.0,,0.0,56.1,,8-Dec-18,NMC,10,YSI 2030,19.1,208,5,2.7,3.1,18.4,769,9.5,
2.8,NVBR,4-Dec-18,FB,0-Jan-00,0.3,1.1,1.5,0.0,0.0,,0.0,0.0,0.0,0.0,0.0,0.0,0.0,,0.0,,,0.0,0.0,0.0,0.0,,0.1,0.0,,,,,0.0,0.0,,,0.0,,0.0,,0.0,2.9,,2-Dec-18,NVBR,10,YSI2030,9.3,90,4,2.0,2.8,13.4,762,8.0,
2.7,NVP2,24-May-18,FB,0-Jan-00,1.7,33.9,1.2,0.7,0.0,,0.0,1.9,0.0,0.0,0.0,0.0,0.0,,0.0,,,0.0,0.0,0.0,0.0,,0.0,0.0,,,,,0.0,0.0,,,0.0,,0.0,,0.0,39.3,,24-May-18,NVP2,10,Synthetic,-,110,5,-,2.7,24.0,764,-,
2.7,NVP4,24-May-18,FB,0-Jan-00,0.0,4.1,1.1,0.1,0.0,,0.0,0.3,0.0,0.0,0.0,0.0,0.0,,1.1,,,0.0,0.0,0.0,0.0,,0.0,0.0,,,,,0.0,0.0,,,0.0,,0.0,,0.0,6.7,,24-May-18,NVP4,10,Synthetic,-,110,5,-,2.7,24.0,764,-,
2.3,NDC,30-Dec-18,FB250,0-Jan-00,7.1,85.3,6.7,254.0,0.0,,0.0,0.0,0.1,0.3,0.0,0.0,0.0,,0.0,,,0.0,0.0,0.0,0.0,,0.0,0.0,,,,,0.0,0.0,,,0.0,,0.0,,0.0,353.5,,30-Dec-18,NDC*,10,Synthetic,8.0,74,3,1.9,2.3,9.1,766,-,
2.3,NWP,30-Dec-18,FB250,0-Jan-00,13.1,24.1,0.1,282.0,0.0,,0.0,0.1,0.7,0.0,0.0,0.0,0.0,,0.0,,,0.0,0.0,0.0,0.0,,0.0,0.0,,,,,0.0,0.0,,,0.0,,0.0,,0.0,320.1,,30-Dec-18,NWP*,10,Synthetic,8.0,74,3,1.9,2.3,9.1,766,-,
2.1,NPB,11-May-18,FB,0-Jan-00,63.3,7.9,2.0,258.7,0.0,,0.0,0.0,0.0,0.0,0.0,0.0,0.0,,0.0,,,0.0,0.0,0.0,0.0,,0.0,0.0,,,,,0.0,0.0,,,0.0,,0.0,,0.0,331.9,,11-May-18,NPB,10,YSI 2030,6.7,83,4,1.9,2.1,25.9,760,-,
,,,AVE,0-Jan-00,11.6,26.4,2.0,99.4,0.0,,0.0,0.3,0.1,0.0,0.0,0.0,0.0,,0.1,,,0.0,0.0,0.0,0.0,,0.0,0.0,,,,,0.0,0.0,,,0.0,,0.0,,0.0,"2,041",,,,,,,,,,,,,,
,,,,,,,,,,,,,,,,,,,,,,,,,,,,,,,,,,,,,,,,,,,,,,,,,,,,,,,,
1.8,NWP,8-Dec-18,FB,0-Jan-00,0.5,0.1,0.0,0.0,0.0,,0.0,0.0,0.0,0.0,0.0,0.0,0.0,,0.0,,,0.0,0.0,0.0,0.0,,0.0,0.0,,,,,0.0,0.0,,,0.0,,0.0,,0.0,0.7,,8-Dec-18,NWP,10,YSI 2030,11.5,122,3,1.5,1.8,18.1,770,8.1,
1.2,NEC,19-Mar-18,FB,0-Jan-00,0.9,0.1,0.0,0.1,0.0,,0.0,0.0,0.0,0.0,0.0,0.0,0.0,,0.0,,,0.0,0.0,0.0,0.0,,0.0,0.0,,,,,0.0,0.0,,,0.0,,0.0,,0.0,1.2,,19-Mar-18,NEC,10,YSI 2030,15.2,156,2,0.9,1.2,16.5,762,-,
1.1,NWP,12-Apr-18,FB,0-Jan-00,1.3,19.3,0.3,89.3,0.0,,0.0,0.0,0.0,0.0,0.0,0.0,0.0,,0.0,,,0.0,0.0,0.0,0.0,,0.0,0.0,,,,,0.0,0.0,,,0.0,,0.0,,0.0,110.3,,12-Apr-18,NWP,10,YSI 2030,8.6,99,2,1.1,1.1,22.5,764,10.0,
0.6,NDC,19-Mar-18,FB,0-Jan-00,0.9,0.9,0.0,2.8,0.0,,0.0,0.0,0.0,0.0,0.0,0.0,0.0,,0.0,,,0.0,0.0,0.0,0.0,,0.0,0.0,,,,,0.0,0.0,,,0.0,,0.0,,0.0,4.7,,19-Mar-18,NDC,10,YSI 2030,8.4,82,1,0.5,0.6,14.1,762,-,
0.6,NDC,12-Apr-18,FB,0-Jan-00,44.5,11.5,0.0,464.0,0.0,,0.0,0.0,0.0,0.0,0.0,0.0,0.0,,0.0,,,0.0,0.0,0.0,0.0,,0.0,0.0,,,,,0.0,0.0,,,0.0,,0.0,,0.0,520.0,,12-Apr-18,NDC,10,YSI 2030,6.0,67,1,0.7,0.6,19.6,764,9.3,
0.5,NVP2,20-Apr-18,FB,0-Jan-00,1.5,6.4,0.8,144.0,0.0,,0.0,0.0,0.0,0.0,0.0,0.0,0.0,,0.0,,,0.0,0.0,0.0,0.0,,0.0,0.0,,,,,0.0,0.0,,,0.0,,0.0,,0.0,152.7,,20-Apr-18,NVP2,10,YSI 2030,8.6,97,1,0.5,0.5,21.4,764,9.8,
0.5,NVP4,20-Apr-18,FB,0-Jan-00,0.3,26.1,0.0,103.9,0.0,,0.0,0.3,0.0,0.0,0.0,0.0,0.0,,0.0,,,0.0,0.0,0.0,0.0,,0.0,0.0,,,,,0.0,0.0,,,0.0,,0.0,,0.0,130.5,,20-Apr-18,NVP4,10,YSI 2030,8.8,99,1,0.6,0.5,21.3,765,10.1,
0.0,NMC,2-Nov-18,FB250,0-Jan-00,0.0,0.9,6.3,0.0,0.0,,0.0,0.0,0.1,0.0,0.0,0.0,0.0,,0.0,,,0.0,0.0,0.0,0.0,,0.0,0.0,,,,,0.0,0.0,,,0.0,,0.0,,0.0,7.3,,2-Nov-18,NMC,10,YSI2030,7.5,87,0,0.0,0.0,22.7,761,-,
,,,AVE,0-Jan-00,6.3,8.2,0.9,100.5,0.0,,0.0,0.0,0.0,0.0,0.0,0.0,0.0,,0.0,,,0.0,0.0,0.0,0.0,,0.0,0.0,,,,,0.0,0.0,,,0.0,,0.0,,0.0,927,,,,,,,,,,,,,,
,,,,,,,,,,,,,,,,,,,,,,,,,,,,,,,,,,,,,,,,,TOTAL FB250,"6,890",,,,,,,,,,,,,,
,,,,,,,,,,,,,,,,,,,,,,,,,,,,,,,,,,,,,,,,,,,,,,,,,,,,,,,,
,CORE,,,,,,,,,,,,,,,,,,,,,,,,,,,,,,,,,,,,,,,,,,,,,,,,,,,,,,,
115.0,CUL1,24-Aug-18,CORE,0-Jan-00,0,0,0,0,0,,0,0,0,0,0,0,0,,0,,,0,0,0,0,,0,0,,,,,0,0,,,0,,0,,0,0,,24-Aug-18,CUL1,10,Synthetic,-,120,160,-,115.0,30,761,-,
88.5,VBR1 ,24-Aug-18,CORE,0-Jan-00,204,0,0,10,0,,0,0,0,0,31,0,0,,0,,,0,0,0,0,,0,0,,,,,0,0,,,0,,0,,0,245,,24-Aug-18,VBR1,10,YSI 2030,-,68.6,113.277,-,88.5,23,762,-,
75.8,NVBR,24-Aug-18,CORE,0-Jan-00,31,510,0,0,102,,0,0,0,0,0,0,0,,0,,,0,0,0,0,,0,0,,,,,0,0,,,0,,0,,0,642,,24-Aug-19,NVBR,10,YSI2030,-,12,102,-,75.8,24.2,761,-,
,,,AVE,0-Jan-00,78,170,0,3,34,,0,0,0,0,10,0,0,,0,,,0,0,0,0,,0,0,,,,,0,0,,,0,,0,,0,887,,,,,,,,,,,,,,
,,,,,,,,,,,,,,,,,,,,,,,,,,,,,,,,,,,,,,,,,,,,,,,,,,,,,,,,
61.2,NEC,8-Aug-18,CORE,0-Jan-00,"1,030","9,704",10,0,0,,0,0,0,0,10,0,0,,0,,,0,0,0,0,,0,0,,,,,0,0,,,0,,0,,0,"10,754",,8-Aug-18,NEC,10,YSI 2030,5.18,93.3,91.899,61.2,61.2,28.2,759,-,
54.9,NMC,8-Aug-18,CORE,0-Jan-00,41,"3,323",0,0,0,,0,31,0,0,0,0,0,,0,,,0,0,0,0,,0,0,,,,,0,0,,,0,,0,,0,"3,394",,8-Aug-18,NMC,10,YSI 2030,3.87,65.3,80.7,54.9,54.9,26.3,759,-,
46.6,NPB,2-Nov-18,CORE,0-Jan-00,10,"1,142",0,0,0,,0,0,122,0,0,0,0,,0,,,0,0,0,0,,0,0,,,,,0,0,,,0,,0,,0,"1,274",,2-Nov-18,NBP,10,YSI 2030,10.5,162,66.6,45.3,46.6,23.8,761,8.65,
46.1,MO1,19-Oct-18,CORE,0-Jan-00,122,10,"4,179",0,0,,0,10,0,0,20,0,0,,0,,,0,0,0,0,,0,0,,,,,0,0,,,0,,0,,0,"4,343",,19-Oct-18,MO1,10,YSI 2030,8.8,140,68.5,46.6,46.1,25.6,760,8.79,
,,,AVE,0-Jan-00,301,"3,545","1,047",0,0,,0,10,31,0,8,0,0,,0,,,0,0,0,0,,0,0,,,,,0,0,,,0,,0,,0,"19,766",,,,,,,,,,,,,,
,,,,,,,,,,,,,,,,,,,,,,,,,,,,,,,,,,,,,,,,,,,,,,,,,,,,,,,,
31.5,VBR1,30-Dec-18,CORE,0-Jan-00,316,"2,069",0,0,0,,0,0,41,0,0,0,0,,0,,,0,0,0,0,,0,0,,,,,0,0,,,0,,0,,0,"2,426",,30-Dec-18,VBR1,10,YSI 2030,5.08,61.1,38.96,31.5,31.5,14.9,766,-,
21.4,MO1,16-Feb-18,CORE,0-Jan-00,285,"26,035",31,0,0,,0,31,0,0,0,0,0,,0,,,0,0,0,0,,0,0,,,,,0,0,,,0,,0,,0,"26,381",,24-Feb-18,MO1,10,YSI 2030,17.8,193,26.67,-,21.4,14.1,772,-,
19.6,CUL1,28-Apr-18,CORE,0-Jan-00,326,0,0,0,0,,0,0,0,0,0,0,0,,0,,,0,0,0,0,,0,0,,,,,0,0,,,0,,0,,0,326,,28-Apr-18,CUL1,10,YSI 2030,7.4,91,29.8,-,19.6,21,761,-,
16.6,DSP,6-Apr-18,CORE,0-Jan-00,"1,081",0,0,0,0,,0,326,0,0,0,0,0,,0,,,0,0,0,0,,0,0,,,,,0,0,,,0,,0,,0,"1,407",,6-Apr-18,DSP,10,YSI 2030,9.1,120,26,15.9,16.6,22.9,766,9.4,
16.2,NMC,27-Apr-18,CORE,0-Jan-00,173,41,10,31,0,,0,61,0,0,0,0,0,,0,,,0,0,0,0,,0,0,,,,,0,0,,,0,,0,,0,316,,27-Apr-18,NMC,10,YSI 2030,9.1,117,25.5,15.6,16.2,22.9,764,10.6,
15.5,NEC,27-Apr-18,CORE,0-Jan-00,183,10,0,10,0,,0,20,0,0,0,0,0,,0,,,0,0,0,0,,0,0,,,,,0,0,,,0,,0,,0,224,,27-Apr-18,NEC,10,YSI 2030,9.1,120,25.45,15.5,15.5,24.9,761,10.3,
14.9,NVBR,30-Dec-18,CORE,0-Jan-00,163,51,0,0,0,,0,122,0,0,0,0,10,,0,,,0,0,0,0,,0,0,,,,,0,0,,,0,,0,,0,347,,30-Dec-18,NVBR,10,YSI2030,9.84,98.5,17.997,14.9,14.9,11.2,766,-,
14.6,NEC,30-Dec-18,CORE,0-Jan-00,306,265,0,0,0,,0,0,41,0,0,0,0,,0,,,0,0,0,0,,0,0,,,,,0,0,,,0,,0,,0,612,,30-Dec-18,NEC,10,YSI2030,10.1,103.2,18.19,14.6,14.6,12.2,766,-,
14.6,NMC,30-Dec-18,CORE,0-Jan-00,61,224,0,0,0,,0,0,0,0,0,0,0,,0,,,0,0,0,0,,0,0,,,,,0,0,,,0,,0,,0,285,,30-Dec-18,NEC*,10,YSI 2030,10.1,103.2,18.19,14.6,14.6,12.2,766,-,
14.5,NPB,30-Dec-18,CORE,0-Jan-00,"1,753",520,0,0,0,,0,0,71,0,0,0,0,,0,,,0,0,0,0,,0,0,,,,,0,0,,,0,,0,,0,"2,345",,30-Dec-18,NPB,10,YSI 2030,7.48,73.5,17.274,14.5,14.5,10.5,766,-,
,,,AVE,0-Jan-00,465,"2,922",4,4,0,,0,56,15,0,0,0,1,,0,,,0,0,0,0,,0,0,,,,,0,0,,,0,,0,,0,"34,669",,,,,,,,,,,,,,
,,,,,,,,,,,,,,,,,,,,,,,,,,,,,,,,,,,,,,,,,,,,,,,,,,,,,,,,
3.2,NPB,28-Sep-18,CORE,0-Jan-00,642,0,51,0,0,,20,10,0,0,0,0,0,,0,,,0,0,0,0,,0,0,,,,,0,0,,,0,,0,,0,724,,28-Sep-18,NPB,10,YSI 2030,6.4,77,5.67,3.1,3.2,22.5,759,7.58,
,,,AVE,0-Jan-00,642,0,51,0,0,,20,10,0,0,0,0,0,,0,,,0,0,0,0,,0,0,,,,,0,0,,,0,,0,,0,724,,,,,,,,,,,,,,
,,,,,,,,,,,,,,,,,,,,,,,,,,,,,,,,,,,,,,,,,,,,,,,,,,,,,,,,
2.0,NDC,30-Dec-18,CORE ,0-Jan-00,10,0,0,0,0,,0,0,285,0,0,0,20,,0,,,0,0,0,0,,0,0,,,,,0,0,,,0,,0,,0,316,,30-Dec-18,NDC*,10,Synthetic,8,73.82889201,2.6,1.9,2.0,9.1,766,-,
2.0,NWP,30-Dec-18,CORE,0-Jan-00,92,336,0,194,0,,0,693,0,0,0,0,0,,0,,,0,0,0,0,,0,0,,,,,0,0,,,0,,0,,0,"1,315",,30-Dec-18,NWP*,10,Synthetic,8,73.82889201,2.6,1.9,2.0,9.1,766,-,
1.0,NPB,19-Mar-18,CORE,0-Jan-00,61,0,0,0,0,,0,0,0,0,0,0,0,,0,,,0,0,0,0,,0,0,,,,,0,0,,,0,,0,,0,61,,19-Mar-18,NPB,10,YSI 2030,14.82,152.4,1.588,1,1.0,16.4,762,-,
0.9,NWP,19-Mar-18,CORE,0-Jan-00,10,51,0,0,0,,0,51,0,0,0,0,0,,0,,,0,0,0,0,,0,0,,,,,0,0,,,0,,0,,0,112,,19-Mar-18,NWP,5,YSI 2030,10,99,1.45,0.7,0.9,15,765,9.6,
0.9,NEC,19-Mar-18,CORE,0-Jan-00,336,31,0,71,0,,0,0,0,0,0,0,0,,0,,,0,0,0,0,,0,0,,,,,0,0,,,0,,0,,0,438,,19-Mar-18,NEC,10,YSI 2030,15.17,156,1.501,0.9,0.9,16.5,762,-,
0.6,NVP4,20-Apr-18,CORE,0-Jan-00,316,306,10,520,0,,0,153,0,0,0,0,0,,0,,,0,0,0,0,,0,0,,,,,0,0,,,0,,0,,0,"1,305",,20-Apr-18,NVP4,10,YSI 2030,8.8,99,1.15,0.6,0.6,21.3,765,10.1,
0.5,NVP2,20-Apr-18,CORE,0-Jan-00,31,20,0,71,0,,0,92,0,0,0,0,0,,0,,,0,0,0,0,,0,0,,,,,0,0,,,0,,0,,0,214,,20-Apr-18,NVP2,10,YSI 2030,8.6,97,1.09,0.5,0.5,21.4,764,9.8,
,,,AVE,0-Jan-00,122,106,1,122,0,,0,141,41,0,0,0,3,,0,,,0,0,0,0,,0,0,,,,,0,0,,,0,,0,,0,"3,761",,,,,,,,,,,,,,
,,,,,,,,,,,,,,,,,,,,,,,,,,,,,,,,,,,,,,,,,TOTAL Core,"59,806",,,,,,,,,,,,,,
,,,,,,,,,,,,,,,,,,,,,,,,,,,,,,,,,,,,,,,,,,,,,,,,,,,,,,,,
,,,,,,,,,,,,,,,,,,,,,,,,,,,,,,,,,,,,,,,,,2018 Total Invertebrates (#/Liter),"66,697",,Salinity,,,,,,,,,,,,
,,,,,,,,,,,,,,,,,,,,,,,,,,,,,,,,,,,,,,,,,2018 TOTAL FB250 ,"6,890",,Salinity,,,,,,,,,,,,
,,,,,,,,,,,,,,,,,,,,,,,,,,,,,,,,,,,,,,,,,2018 TOTAL CORE  ,"59,806",,Salinity,,,,,,,,,,,,
,,,,,,,,,,,,,,,,,,,,,,,,,,,,,,,,,,,,,,,,,,,,,,,,,,,,,,,,
,,,,,,,,,,,,,,,,,,,,,,,,,,,,,,,,,,,,,,,,,,,,,,,,,,,,,,,,
,,,,,,,,,,,,,,,,,,,,,,,,,,,,,,,,,,,,,,,,,,,,,,,,,,,,,,,,
,,,,,,,,,,,,,,,,,,,,,,,,,,,,,,,,,,,,,,,,,,,,,,,,,,,,,,,,
,,,,,,,,,,,,,,,,,,,,,,,,,,,,,,,,,,,,,,,,,,,,,,,,,,,,,,,,
,,,,,,,,,,,,,,,,,,,,,,,,,,,,,,,,,,,,,,,,,,,,,,,,,,,,,,,,
,,,,,,,,,,,,,,,,,,,,,,,,,,,,,,,,,,,,,,,,,,,,,,,,,,,,,,,,
,,,,,,,,,,,,,,,,,,,,,,,,,,,,,,,,,,,,,,,,,,,,,,,,,,,,,,,,
,,,,,,,,,,,,,,,,,,,,,,,,,,,,,,,,,,,,,,,,,,,,,,,,,,,,,,,,
,,,,,,,,,,,,,,,,,,,,,,,,,,,,,,,,,,,,,,,,,,,,,,,,,,,,,,,,
,,,,,,,,,,,,,,,,,,,,,,,,,,,,,,,,,,,,,,,,,,,,,,,,,,,,,,,,
