"","date","year","season","site","site_type","sample_type","year_samples","season_samples","site_samples","ostracod","copepod","amphipod","isopod","cladocera","clam_shrimp","annelida_sp","annelida_oligochaete","annelida_polychaete","nematode","mollusk","gastropod_snail","coleoptera_sp","coleoptera_hydrophilidae","coleoptera_tropiscernus","coleoptera_dytiscidae","coleoptera_dytiscidae_agabus","coleoptera_dytiscidae_liodessus_affinis","coleoptera_dytiscidae_colymbetinae","coleoptera_hydraenidae","coleoptera_hydraenidae_larva_joe","coleoptera_curculionidae_weavil","coleoptera_gyrindae_gyrinini","dipteran_sp","diptera_chironomid","diptera_ceratopogonidae","diptera_ephydridae","diptera_stratiomyidae","diptera_culicidae","diptera_syrphidae","tipulidae_larva","ephemeroptera","ephemeroptera_sp","plecoptera","trichoptera_sp","hemiptera_corixidae_boatman","hemiptera_notonectidae","hemiptera_mesoveliidae","odonate","collembola_springtail","lepidoptera_crambidae","arachnida_acari","hydrachnidia","larvae","terrestrials"
"1",2018-01-07,2018,"winter","CUL1","slough","FB250",98,99,22,0,0,0,NA,0,NA,NA,NA,NA,0,NA,NA,0,0,NA,0,NA,NA,NA,0,0,NA,NA,NA,0,0,20,0,0,NA,NA,0,NA,NA,NA,0,0,NA,0,NA,NA,0,NA,NA,NA
"2",2018-01-20,2018,"winter","CUL1","slough","FB250",98,99,22,1,5,0,NA,0,NA,NA,NA,NA,0,NA,NA,0,0,NA,0,NA,NA,NA,0,0,NA,NA,NA,0,0,0,0,0,NA,NA,0,NA,NA,NA,0,0,NA,0,NA,NA,0,NA,NA,NA
"3",2018-01-27,2018,"winter","CUL1","slough","FB250",98,99,22,0,0,0,NA,0,NA,NA,NA,NA,2,NA,NA,0,0,NA,0,NA,NA,NA,0,0,NA,NA,NA,0,0,0,0,0,NA,NA,0,NA,NA,NA,12,0,NA,0,NA,NA,0,NA,NA,NA
"4",2018-02-03,2018,"winter","CUL1","slough","FB250",98,99,22,1,42,0,NA,0,NA,NA,NA,NA,0,NA,NA,0,0,NA,0,NA,NA,NA,0,0,NA,NA,NA,0,0,0,0,0,NA,NA,0,NA,NA,NA,0,0,NA,0,NA,NA,0,NA,NA,NA
"5",2018-02-23,2018,"winter","CUL1","slough","FB250",98,99,22,0,101,0,NA,0,NA,NA,NA,NA,0,NA,NA,0,0,NA,0,NA,NA,NA,0,0,NA,NA,NA,0,0,0,0,0,NA,NA,0,NA,NA,NA,0,0,NA,0,NA,NA,0,NA,NA,NA
"6",2018-04-04,2018,"spring","CUL1","slough","FB250",98,124,22,120,77,0,NA,0,NA,NA,NA,NA,0,NA,NA,0,0,NA,0,NA,NA,NA,0,0,NA,NA,NA,0,0,0,0,0,NA,NA,0,NA,NA,NA,2,0,NA,0,NA,NA,0,NA,NA,NA
"7",2018-04-28,2018,"spring","CUL1","slough","FB250",98,124,22,3,60,0,NA,0,NA,NA,NA,NA,0,NA,NA,0,0,NA,0,NA,NA,NA,0,0,NA,NA,NA,0,0,0,0,0,NA,NA,0,NA,NA,NA,3,0,NA,0,NA,NA,0,NA,NA,NA
"8",2018-08-24,2018,"summer","CUL1","slough","FB250",98,55,22,0,0,0,NA,0,NA,NA,NA,NA,0,NA,NA,0,0,NA,0,NA,NA,NA,0,0,NA,NA,NA,0,0,0,0,0,NA,NA,0,NA,NA,NA,0,0,NA,0,NA,NA,0,NA,NA,NA
"9",2018-03-03,2018,"spring","DSP","pool","FB250",98,124,11,23,0,0,NA,0,NA,NA,NA,NA,0,NA,NA,0,0,NA,0,NA,NA,NA,0,0,NA,NA,NA,1,0,0,0,0,NA,NA,0,NA,NA,NA,8,0,NA,0,NA,NA,0,NA,NA,NA
"10",2018-04-06,2018,"spring","DSP","pool","FB250",98,124,11,9,0,0,NA,0,NA,NA,NA,NA,0,NA,NA,0,0,NA,0,NA,NA,NA,0,0,NA,NA,NA,0,0,0,0,0,NA,NA,0,NA,NA,NA,0,0,NA,0,NA,NA,0,NA,NA,NA
"11",2018-05-08,2018,"spring","DSP","pool","FB250",98,124,11,2,57,0,NA,0,NA,NA,NA,NA,0,NA,NA,0,0,NA,0,NA,NA,NA,0,0,NA,NA,NA,0,0,0,0,0,NA,NA,0,NA,NA,NA,7,0,NA,0,NA,NA,0,NA,NA,NA
"12",2018-05-09,2018,"spring","DSP","pool","FB250",98,124,11,52,0,0,NA,0,NA,NA,NA,NA,0,NA,NA,0,0,NA,0,NA,NA,NA,0,0,NA,NA,NA,2,0,0,0,0,NA,NA,0,NA,NA,NA,32,0,NA,0,NA,NA,0,NA,NA,NA
"13",2018-01-07,2018,"winter","MO1","slough","FB250",98,99,25,0,70,0,NA,0,NA,NA,NA,NA,0,NA,NA,0,0,NA,0,NA,NA,NA,0,0,NA,NA,NA,0,0,0,0,0,NA,NA,0,NA,NA,NA,0,0,NA,0,NA,NA,0,NA,NA,NA
"14",2018-02-03,2018,"winter","MO1","slough","FB250",98,99,25,0,111,0,NA,0,NA,NA,NA,NA,0,NA,NA,0,0,NA,0,NA,NA,NA,0,0,NA,NA,NA,0,0,0,0,0,NA,NA,0,NA,NA,NA,0,0,NA,0,NA,NA,0,NA,NA,NA
"15",2018-02-16,2018,"winter","MO1","slough","FB250",98,99,25,0,579,0,NA,0,NA,NA,NA,NA,0,NA,NA,0,0,NA,0,NA,NA,NA,0,0,NA,NA,NA,0,0,0,0,0,NA,NA,0,NA,NA,NA,1,0,NA,0,NA,NA,0,NA,NA,NA
"16",2018-04-11,2018,"spring","MO1","slough","FB250",98,124,25,0,176,0,NA,0,NA,NA,NA,NA,0,NA,NA,0,0,NA,0,NA,NA,NA,0,0,NA,NA,NA,0,0,0,0,0,NA,NA,0,NA,NA,NA,0,0,NA,0,NA,NA,0,NA,NA,NA
"17",2018-05-08,2018,"spring","MO1","slough","FB250",98,124,25,0,37,0,NA,0,NA,NA,NA,NA,0,NA,NA,0,0,NA,0,NA,NA,NA,0,0,NA,NA,NA,0,0,0,0,0,NA,NA,0,NA,NA,NA,1,0,NA,0,NA,NA,0,NA,NA,NA
"18",2018-06-07,2018,"summer","MO1","slough","FB250",98,55,25,0,9,0,NA,0,NA,NA,NA,NA,0,NA,NA,0,0,NA,0,NA,NA,NA,0,0,NA,NA,NA,0,0,0,0,0,NA,NA,0,NA,NA,NA,1,0,NA,0,NA,NA,0,NA,NA,NA
"19",2018-08-06,2018,"summer","MO1","slough","FB250",98,55,25,0,0,0,NA,0,NA,NA,NA,NA,0,NA,NA,0,0,NA,0,NA,NA,NA,0,0,NA,NA,NA,0,0,0,0,0,NA,NA,0,NA,NA,NA,0,0,NA,0,NA,NA,0,NA,NA,NA
"20",2018-10-19,2018,"fall","MO1","slough","FB250",98,65,25,5,0,0,NA,0,NA,NA,NA,NA,0,NA,NA,0,0,NA,0,NA,NA,NA,0,0,NA,NA,NA,0,0,0,0,0,NA,NA,0,NA,NA,NA,408,0,NA,0,NA,NA,0,NA,NA,NA
"21",2018-12-07,2018,"winter","MO1","slough","FB250",98,99,25,0,2,0,NA,0,NA,NA,NA,NA,0,NA,NA,0,0,NA,0,NA,NA,NA,0,0,NA,NA,NA,0,0,0,0,0,NA,NA,0,NA,NA,NA,24,0,NA,0,NA,NA,0,NA,NA,NA
"22",2018-03-19,2018,"spring","NDC","slough","FB250",98,124,12,1,1,0,NA,3,NA,NA,NA,NA,0,NA,NA,0,0,NA,0,NA,NA,NA,0,0,NA,NA,NA,0,0,0,0,0,NA,NA,0,NA,NA,NA,0,0,NA,0,NA,NA,0,NA,NA,NA
"23",2018-04-12,2018,"spring","NDC","slough","FB250",98,124,12,45,11,0,NA,464,NA,NA,NA,NA,0,NA,NA,0,0,NA,0,NA,NA,NA,0,0,NA,NA,NA,0,0,0,0,0,NA,NA,0,NA,NA,NA,0,0,NA,0,NA,NA,0,NA,NA,NA
"24",2018-06-04,2018,"summer","NDC","slough","FB250",98,55,12,3,1,0,NA,0,NA,NA,NA,NA,0,NA,NA,0,0,NA,0,NA,NA,NA,0,0,NA,NA,NA,0,0,0,0,5,NA,NA,0,NA,NA,NA,0,0,NA,0,NA,NA,0,NA,NA,NA
"25",2018-12-30,2018,"winter","NDC","slough","FB250",98,99,12,7,85,0,NA,254,NA,NA,NA,NA,0,NA,NA,0,0,NA,0,NA,NA,NA,0,0,NA,NA,NA,0,0,0,0,0,NA,NA,0,NA,NA,NA,7,0,NA,0,NA,NA,0,NA,NA,NA
"26",2018-03-07,2018,"spring","NEC","slough","FB250",98,124,23,3,72,0,NA,1,NA,NA,NA,NA,0,NA,NA,0,0,NA,0,NA,NA,NA,0,0,NA,NA,NA,0,0,0,0,0,NA,NA,0,NA,NA,NA,0,0,NA,0,NA,NA,0,NA,NA,NA
"27",2018-03-19,2018,"spring","NEC","slough","FB250",98,124,23,1,0,0,NA,0,NA,NA,NA,NA,0,NA,NA,0,0,NA,0,NA,NA,NA,0,0,NA,NA,NA,0,0,0,0,0,NA,NA,0,NA,NA,NA,0,0,NA,0,NA,NA,0,NA,NA,NA
"28",2018-05-25,2018,"spring","NEC","slough","FB250",98,124,23,7,9,0,NA,0,NA,NA,NA,NA,0,NA,NA,0,0,NA,0,NA,NA,NA,0,0,NA,NA,NA,0,0,0,0,0,NA,NA,0,NA,NA,NA,4,0,NA,0,NA,NA,0,NA,NA,NA
"29",2018-08-08,2018,"summer","NEC","slough","FB250",98,55,23,0,69,0,NA,0,NA,NA,NA,NA,0,NA,NA,0,0,NA,0,NA,NA,NA,0,0,NA,NA,NA,0,1,2,0,0,NA,NA,0,NA,NA,NA,10,0,NA,0,NA,NA,0,NA,NA,NA
"30",2018-09-26,2018,"fall","NEC","slough","FB250",98,65,23,0,6,0,NA,0,NA,NA,NA,NA,0,NA,NA,0,0,NA,0,NA,NA,NA,0,0,NA,NA,NA,0,1,0,0,0,NA,NA,0,NA,NA,NA,1,0,NA,0,NA,NA,0,NA,NA,NA
"31",2018-11-07,2018,"fall","NEC","slough","FB250",98,65,23,1,2,0,NA,0,NA,NA,NA,NA,0,NA,NA,0,0,NA,0,NA,NA,NA,0,0,NA,NA,NA,0,0,0,0,0,NA,NA,0,NA,NA,NA,19,0,NA,0,NA,NA,0,NA,NA,NA
"32",2018-12-04,2018,"winter","NEC","slough","FB250",98,99,23,0,27,0,NA,1,NA,NA,NA,NA,0,NA,NA,0,0,NA,0,NA,NA,NA,0,0,NA,NA,NA,0,0,0,0,0,NA,NA,0,NA,NA,NA,0,0,NA,0,NA,NA,0,NA,NA,NA
"33",2018-03-07,2018,"spring","NMC","slough","FB250",98,124,21,0,105,0,NA,0,NA,NA,NA,NA,0,NA,NA,0,0,NA,0,NA,NA,NA,0,0,NA,NA,NA,0,0,0,0,0,NA,NA,0,NA,NA,NA,0,0,NA,0,NA,NA,0,NA,NA,NA
"34",2018-04-27,2018,"spring","NMC","slough","FB250",98,124,21,2,7,0,NA,0,NA,NA,NA,NA,0,NA,NA,0,0,NA,0,NA,NA,NA,0,0,NA,NA,NA,0,0,0,0,0,NA,NA,0,NA,NA,NA,1,0,NA,0,NA,NA,0,NA,NA,NA
"35",2018-05-11,2018,"spring","NMC","slough","FB250",98,124,21,3,20,0,NA,0,NA,NA,NA,NA,0,NA,NA,0,0,NA,0,NA,NA,NA,0,0,NA,NA,NA,0,0,0,0,0,NA,NA,0,NA,NA,NA,2,0,NA,0,NA,NA,0,NA,NA,NA
"36",2018-05-25,2018,"spring","NMC","slough","FB250",98,124,21,14,6,0,NA,0,NA,NA,NA,NA,0,NA,NA,0,0,NA,0,NA,NA,NA,0,0,NA,NA,NA,0,0,0,0,0,NA,NA,0,NA,NA,NA,1,0,NA,0,NA,NA,0,NA,NA,NA
"37",2018-08-08,2018,"summer","NMC","slough","FB250",98,55,21,1,57,0,NA,0,NA,NA,NA,NA,0,NA,NA,0,0,NA,0,NA,NA,NA,0,0,NA,NA,NA,0,0,1,0,0,NA,NA,0,NA,NA,NA,0,0,NA,0,NA,NA,0,NA,NA,NA
"38",2018-09-25,2018,"fall","NMC","slough","FB250",98,65,21,0,0,0,NA,0,NA,NA,NA,NA,0,NA,NA,0,0,NA,0,NA,NA,NA,0,0,NA,NA,NA,0,0,0,0,0,NA,NA,0,NA,NA,NA,0,0,NA,0,NA,NA,0,NA,NA,NA
"39",2018-09-28,2018,"fall","NMC","slough","FB250",98,65,21,0,0,0,NA,0,NA,NA,NA,NA,0,NA,NA,0,0,NA,0,NA,NA,NA,0,0,NA,NA,NA,0,0,0,0,0,NA,NA,0,NA,NA,NA,0,0,NA,0,NA,NA,0,NA,NA,NA
"40",2018-11-02,2018,"fall","NMC","slough","FB250",98,65,21,0,1,0,NA,0,NA,NA,NA,NA,0,NA,NA,0,0,NA,0,NA,NA,NA,0,0,NA,NA,NA,0,0,0,0,0,NA,NA,0,NA,NA,NA,6,0,NA,0,NA,NA,0,NA,NA,NA
"41",2018-12-08,2018,"winter","NMC","slough","FB250",98,99,21,0,53,0,NA,0,NA,NA,NA,NA,0,NA,NA,0,0,NA,0,NA,NA,NA,0,0,NA,NA,NA,0,0,0,0,0,NA,NA,0,NA,NA,NA,3,0,NA,0,NA,NA,0,NA,NA,NA
"42",2018-12-30,2018,"winter","NMC","slough","FB250",98,99,21,1,64,0,NA,0,NA,NA,NA,NA,0,NA,NA,0,0,NA,0,NA,NA,NA,0,0,NA,NA,NA,0,0,0,0,0,NA,NA,0,NA,NA,NA,3,0,NA,0,NA,NA,0,NA,NA,NA
"43",2018-03-09,2018,"spring","NPB","slough","FB250",98,124,21,3,28,0,NA,0,NA,NA,NA,NA,0,NA,NA,0,0,NA,0,NA,NA,NA,0,0,NA,NA,NA,0,0,0,0,0,NA,NA,0,NA,NA,NA,1,0,NA,0,NA,NA,0,NA,NA,NA
"44",2018-05-11,2018,"spring","NPB","slough","FB250",98,124,21,63,8,0,NA,259,NA,NA,NA,NA,0,NA,NA,0,0,NA,0,NA,NA,NA,0,0,NA,NA,NA,0,0,0,0,0,NA,NA,0,NA,NA,NA,2,0,NA,0,NA,NA,0,NA,NA,NA
"45",2018-09-28,2018,"fall","NPB","slough","FB250",98,65,21,7,2,0,NA,0,NA,NA,NA,NA,0,NA,NA,0,0,NA,0,NA,NA,NA,0,0,NA,NA,NA,0,0,0,0,0,NA,NA,0,NA,NA,NA,0,0,NA,0,NA,NA,0,NA,NA,NA
"46",2018-11-02,2018,"fall","NPB","slough","FB250",98,65,21,0,4,0,NA,0,NA,NA,NA,NA,0,NA,NA,0,0,NA,0,NA,NA,NA,0,0,NA,NA,NA,0,0,0,0,0,NA,NA,0,NA,NA,NA,8,0,NA,0,NA,NA,0,NA,NA,NA
"47",2018-12-08,2018,"winter","NPB","slough","FB250",98,99,21,0,81,0,NA,0,NA,NA,NA,NA,0,NA,NA,0,0,NA,0,NA,NA,NA,0,0,NA,NA,NA,0,0,0,0,0,NA,NA,0,NA,NA,NA,2,0,NA,0,NA,NA,0,NA,NA,NA
"48",2018-12-30,2018,"winter","NPB","slough","FB250",98,99,21,0,345,0,NA,0,NA,NA,NA,NA,0,NA,NA,0,0,NA,0,NA,NA,NA,0,0,NA,NA,NA,0,0,0,0,0,NA,NA,0,NA,NA,NA,1,0,NA,0,NA,NA,0,NA,NA,NA
"49",2018-03-09,2018,"spring","NVBR","slough","FB250",98,124,23,94,507,0,NA,0,NA,NA,NA,NA,0,NA,NA,0,0,NA,0,NA,NA,NA,0,0,NA,NA,NA,0,0,0,0,0,NA,NA,0,NA,NA,NA,4,0,NA,0,NA,NA,0,NA,NA,NA
"50",2018-04-11,2018,"spring","NVBR","slough","FB250",98,124,23,38,6,0,NA,72,NA,NA,NA,NA,0,NA,NA,0,0,NA,0,NA,NA,NA,0,0,NA,NA,NA,0,0,0,0,0,NA,NA,0,NA,NA,NA,0,0,NA,0,NA,NA,0,NA,NA,NA
"51",2018-05-14,2018,"spring","NVBR","slough","FB250",98,124,23,1,6,0,NA,0,NA,NA,NA,NA,0,NA,NA,0,0,NA,0,NA,NA,NA,0,0,NA,NA,NA,0,0,0,0,0,NA,NA,0,NA,NA,NA,3,0,NA,0,NA,NA,0,NA,NA,NA
"52",2018-05-18,2018,"spring","NVBR","slough","FB250",98,124,23,0,6,0,NA,0,NA,NA,NA,NA,0,NA,NA,0,0,NA,0,NA,NA,NA,0,0,NA,NA,NA,0,0,0,0,0,NA,NA,0,NA,NA,NA,5,0,NA,0,NA,NA,0,NA,NA,NA
"53",2018-05-21,2018,"spring","NVBR","slough","FB250",98,124,23,0,9,0,NA,0,NA,NA,NA,NA,0,NA,NA,0,0,NA,0,NA,NA,NA,0,0,NA,NA,NA,0,0,0,0,0,NA,NA,0,NA,NA,NA,5,0,NA,0,NA,NA,0,NA,NA,NA
"54",2018-08-24,2018,"summer","NVBR","slough","FB250",98,55,23,0,16,0,NA,0,NA,NA,NA,NA,0,NA,NA,0,0,NA,0,NA,NA,NA,0,0,NA,NA,NA,0,0,0,0,0,NA,NA,0,NA,NA,NA,0,0,NA,0,NA,NA,0,NA,NA,NA
"55",2018-09-28,2018,"fall","NVBR","slough","FB250",98,65,23,45,0,0,NA,0,NA,NA,NA,NA,0,NA,NA,0,0,NA,0,NA,NA,NA,0,0,NA,NA,NA,0,0,0,0,0,NA,NA,0,NA,NA,NA,11,0,NA,0,NA,NA,0,NA,NA,NA
"56",2018-10-24,2018,"fall","NVBR","slough","FB250",98,65,23,0,2,0,NA,0,NA,NA,NA,NA,0,NA,NA,0,0,NA,0,NA,NA,NA,0,0,NA,NA,NA,0,0,0,0,0,NA,NA,0,NA,NA,NA,1,0,NA,0,NA,NA,0,NA,NA,NA
"57",2018-12-04,2018,"winter","NVBR","slough","FB250",98,99,23,0,1,0,NA,0,NA,NA,NA,NA,0,NA,NA,0,0,NA,0,NA,NA,NA,0,0,NA,NA,NA,0,0,0,0,0,NA,NA,0,NA,NA,NA,1,0,NA,0,NA,NA,0,NA,NA,NA
"58",2018-12-30,2018,"winter","NVBR","slough","FB250",98,99,23,3,136,0,NA,0,NA,NA,NA,NA,0,NA,NA,0,0,NA,0,NA,NA,NA,0,0,NA,NA,NA,0,0,0,0,0,NA,NA,0,NA,NA,NA,5,0,NA,0,NA,NA,0,NA,NA,NA
"59",2018-04-20,2018,"spring","NVP2","pool","FB250",98,124,4,1,6,0,NA,144,NA,NA,NA,NA,0,NA,NA,0,0,NA,0,NA,NA,NA,0,0,NA,NA,NA,0,0,0,0,0,NA,NA,0,NA,NA,NA,1,0,NA,0,NA,NA,0,NA,NA,NA
"60",2018-05-24,2018,"spring","NVP2","pool","FB250",98,124,4,2,34,0,NA,1,NA,NA,NA,NA,0,NA,NA,0,0,NA,0,NA,NA,NA,0,0,NA,NA,NA,2,0,0,0,0,NA,NA,0,NA,NA,NA,1,0,NA,0,NA,NA,0,NA,NA,NA
"61",2018-04-20,2018,"spring","NVP4","pool","FB250",98,124,6,0,26,0,NA,104,NA,NA,NA,NA,0,NA,NA,0,0,NA,0,NA,NA,NA,0,0,NA,NA,NA,0,0,0,0,0,NA,NA,0,NA,NA,NA,0,0,NA,0,NA,NA,0,NA,NA,NA
"62",2018-05-24,2018,"spring","NVP4","pool","FB250",98,124,6,0,4,0,NA,0,NA,NA,NA,NA,0,NA,NA,0,0,NA,0,NA,NA,NA,0,0,NA,NA,NA,0,0,0,0,0,NA,NA,0,NA,NA,NA,1,1,NA,0,NA,NA,0,NA,NA,NA
"63",2018-03-09,2018,"spring","NWP","slough","FB250",98,124,14,1,59,0,NA,8,NA,NA,NA,NA,0,NA,NA,0,0,NA,0,NA,NA,NA,0,0,NA,NA,NA,0,0,0,0,0,NA,NA,0,NA,NA,NA,0,0,NA,0,NA,NA,0,NA,NA,NA
"64",2018-03-12,2018,"spring","NWP","slough","FB250",98,124,14,1,33,0,NA,78,NA,NA,NA,NA,0,NA,NA,0,0,NA,0,NA,NA,NA,0,0,NA,NA,NA,0,0,0,0,0,NA,NA,0,NA,NA,NA,0,0,NA,0,NA,NA,0,NA,NA,NA
"65",2018-04-12,2018,"spring","NWP","slough","FB250",98,124,14,1,19,0,NA,89,NA,NA,NA,NA,0,NA,NA,0,0,NA,0,NA,NA,NA,0,0,NA,NA,NA,0,0,0,0,0,NA,NA,0,NA,NA,NA,0,0,NA,0,NA,NA,0,NA,NA,NA
"66",2018-06-04,2018,"summer","NWP","slough","FB250",98,55,14,1,0,0,NA,0,NA,NA,NA,NA,0,NA,NA,0,0,NA,0,NA,NA,NA,0,0,NA,NA,NA,0,0,0,0,0,NA,NA,0,NA,NA,NA,0,0,NA,0,NA,NA,0,NA,NA,NA
"67",2018-12-08,2018,"winter","NWP","slough","FB250",98,99,14,1,0,0,NA,0,NA,NA,NA,NA,0,NA,NA,0,0,NA,0,NA,NA,NA,0,0,NA,NA,NA,0,0,0,0,0,NA,NA,0,NA,NA,NA,0,0,NA,0,NA,NA,0,NA,NA,NA
"68",2018-12-30,2018,"winter","NWP","slough","FB250",98,99,14,13,24,0,NA,282,NA,NA,NA,NA,0,NA,NA,0,0,NA,0,NA,NA,NA,0,0,NA,NA,NA,0,1,0,0,0,NA,NA,0,NA,NA,NA,0,0,NA,0,NA,NA,0,NA,NA,NA
"69",2018-01-22,2018,"winter","VBR1","slough","FB250",98,99,16,1,13,0,NA,0,NA,NA,NA,NA,0,NA,NA,0,0,NA,0,NA,NA,NA,0,0,NA,NA,NA,0,0,0,0,0,NA,NA,0,NA,NA,NA,6,0,NA,0,NA,NA,0,NA,NA,NA
"70",2018-03-03,2018,"spring","VBR1","slough","FB250",98,124,16,17,228,0,NA,0,NA,NA,NA,NA,0,NA,NA,0,0,NA,0,NA,NA,NA,0,0,NA,NA,NA,4,6,1,0,0,NA,NA,0,NA,NA,NA,2,0,NA,0,NA,NA,0,NA,NA,NA
"71",2018-05-21,2018,"spring","VBR1","slough","FB250",98,124,16,0,0,0,NA,0,NA,NA,NA,NA,0,NA,NA,0,0,NA,0,NA,NA,NA,0,0,NA,NA,NA,0,0,0,0,0,NA,NA,0,NA,NA,NA,7,0,NA,0,NA,NA,0,NA,NA,NA
"72",2018-08-24,2018,"summer","VBR1","slough","FB250",98,55,16,0,6,0,NA,0,NA,NA,NA,NA,0,NA,NA,0,0,NA,0,NA,NA,NA,0,0,NA,NA,NA,0,0,0,0,0,NA,NA,0,NA,NA,NA,1,0,NA,0,NA,NA,0,NA,NA,NA
"73",2018-10-24,2018,"fall","VBR1","slough","FB250",98,65,16,0,1,0,NA,0,NA,NA,NA,NA,0,NA,NA,0,0,NA,0,NA,NA,NA,0,0,NA,NA,NA,0,0,0,0,0,NA,NA,0,NA,NA,NA,9,0,NA,0,NA,NA,0,NA,NA,NA
"74",2018-04-28,2018,"spring","CUL1","slough","CORE",98,124,6,326,0,0,NA,0,NA,NA,NA,NA,0,NA,NA,0,0,NA,0,NA,NA,NA,0,0,NA,NA,NA,0,0,10,0,0,NA,NA,0,NA,NA,NA,0,0,NA,0,NA,NA,0,NA,NA,NA
"75",2018-08-24,2018,"summer","CUL1","slough","CORE",98,55,6,0,0,0,NA,0,NA,NA,NA,NA,0,NA,NA,0,0,NA,0,NA,NA,NA,0,0,NA,NA,NA,0,0,0,0,0,NA,NA,0,NA,NA,NA,0,0,NA,0,NA,NA,0,NA,NA,NA
"76",2018-04-06,2018,"spring","DSP","pool","CORE",98,124,5,1081,0,0,NA,0,NA,NA,NA,NA,0,NA,NA,0,0,NA,0,NA,NA,NA,0,0,NA,NA,NA,326,0,0,0,0,NA,NA,0,NA,NA,NA,0,0,NA,0,NA,NA,0,NA,NA,NA
"77",2018-02-16,2018,"winter","MO1","slough","CORE",98,99,6,285,26035,0,NA,0,NA,NA,NA,NA,0,NA,NA,0,0,NA,0,NA,NA,NA,0,0,NA,NA,NA,31,0,0,0,0,NA,NA,0,NA,NA,NA,31,0,NA,0,NA,NA,0,NA,NA,NA
"78",2018-10-19,2018,"fall","MO1","slough","CORE",98,65,6,122,10,0,NA,0,NA,NA,NA,NA,0,NA,NA,0,0,NA,0,NA,NA,NA,0,0,NA,NA,NA,10,0,20,0,0,NA,NA,0,NA,NA,NA,4179,0,NA,0,NA,NA,0,NA,NA,NA
"79",2018-12-30,2018,"winter","NDC","slough","CORE",98,99,3,10,0,20,NA,0,NA,NA,NA,NA,0,NA,NA,0,0,NA,0,NA,NA,NA,0,0,NA,NA,NA,0,285,0,0,0,NA,NA,0,NA,NA,NA,0,0,NA,0,NA,NA,0,NA,NA,NA
"80",2018-03-19,2018,"spring","NEC","slough","CORE",98,124,7,336,31,0,NA,71,NA,NA,NA,NA,0,NA,NA,0,0,NA,0,NA,NA,NA,0,0,NA,NA,NA,0,0,0,0,0,NA,NA,0,NA,NA,NA,0,0,NA,0,NA,NA,0,NA,NA,NA
"81",2018-04-27,2018,"spring","NEC","slough","CORE",98,124,7,183,10,0,NA,10,NA,NA,NA,NA,0,NA,NA,0,0,NA,0,NA,NA,NA,0,0,NA,NA,NA,20,0,0,0,0,NA,NA,0,NA,NA,NA,0,0,NA,0,NA,NA,0,NA,NA,NA
"82",2018-08-08,2018,"summer","NEC","slough","CORE",98,55,7,1030,9704,0,NA,0,NA,NA,NA,NA,0,NA,NA,0,0,NA,0,NA,NA,NA,0,0,NA,NA,NA,0,0,10,0,0,NA,NA,0,NA,NA,NA,10,0,NA,0,NA,NA,0,NA,NA,NA
"83",2018-12-30,2018,"winter","NEC","slough","CORE",98,99,7,306,265,0,NA,0,NA,NA,NA,NA,0,NA,NA,0,0,NA,0,NA,NA,NA,0,0,NA,NA,NA,0,41,0,0,0,NA,NA,0,NA,NA,NA,0,0,NA,0,NA,NA,0,NA,NA,NA
"84",2018-04-27,2018,"spring","NMC","slough","CORE",98,124,6,173,41,0,NA,31,NA,NA,NA,NA,0,NA,NA,0,0,NA,0,NA,NA,NA,0,0,NA,NA,NA,61,0,0,0,0,NA,NA,0,NA,NA,NA,10,0,NA,0,NA,NA,0,NA,NA,NA
"85",2018-08-08,2018,"summer","NMC","slough","CORE",98,55,6,41,3323,0,NA,0,NA,NA,NA,NA,0,NA,NA,0,0,NA,0,NA,NA,NA,0,0,NA,NA,NA,31,0,0,0,0,NA,NA,0,NA,NA,NA,0,0,NA,0,NA,NA,0,NA,NA,NA
"86",2018-12-30,2018,"winter","NMC","slough","CORE",98,99,6,61,224,0,NA,0,NA,NA,NA,NA,0,NA,NA,0,0,NA,0,NA,NA,NA,0,0,NA,NA,NA,0,0,0,0,0,NA,NA,0,NA,NA,NA,0,0,NA,0,NA,NA,0,NA,NA,NA
"87",2018-03-19,2018,"spring","NPB","slough","CORE",98,124,8,61,0,0,NA,0,NA,NA,NA,NA,0,NA,NA,0,0,NA,0,NA,NA,NA,0,0,NA,NA,NA,0,0,0,0,0,NA,NA,0,NA,NA,NA,0,0,NA,0,NA,NA,0,NA,NA,NA
"88",2018-09-28,2018,"fall","NPB","slough","CORE",98,65,8,642,0,0,NA,0,NA,NA,NA,NA,0,NA,NA,0,0,NA,0,NA,NA,NA,0,0,NA,NA,NA,10,0,0,0,0,NA,NA,0,NA,NA,NA,51,0,NA,0,NA,NA,0,NA,NA,NA
"89",2018-11-02,2018,"fall","NPB","slough","CORE",98,65,8,10,1142,0,NA,0,NA,NA,NA,NA,0,NA,NA,0,0,NA,0,NA,NA,NA,0,0,NA,NA,NA,0,122,0,0,0,NA,NA,0,NA,NA,NA,0,0,NA,0,NA,NA,0,NA,NA,NA
"90",2018-12-30,2018,"winter","NPB","slough","CORE",98,99,8,1753,520,0,NA,0,NA,NA,NA,NA,0,NA,NA,0,0,NA,0,NA,NA,NA,0,0,NA,NA,NA,0,71,0,0,0,NA,NA,0,NA,NA,NA,0,0,NA,0,NA,NA,0,NA,NA,NA
"91",2018-08-24,2018,"summer","NVBR","slough","CORE",98,55,6,31,510,0,NA,0,NA,NA,NA,NA,102,NA,NA,0,0,NA,0,NA,NA,NA,0,0,NA,NA,NA,0,0,0,0,0,NA,NA,0,NA,NA,NA,0,0,NA,0,NA,NA,0,NA,NA,NA
"92",2018-12-30,2018,"winter","NVBR","slough","CORE",98,99,6,163,51,10,NA,0,NA,NA,NA,NA,0,NA,NA,0,0,NA,0,NA,NA,NA,0,0,NA,NA,NA,122,0,0,0,0,NA,NA,0,NA,NA,NA,0,0,NA,0,NA,NA,0,NA,NA,NA
"93",2018-04-20,2018,"spring","NVP2","pool","CORE",98,124,3,31,20,0,NA,71,NA,NA,NA,NA,0,NA,NA,0,0,NA,0,NA,NA,NA,0,0,NA,NA,NA,92,0,0,0,0,NA,NA,0,NA,NA,NA,0,0,NA,0,NA,NA,0,NA,NA,NA
"94",2018-04-20,2018,"spring","NVP4","pool","CORE",98,124,3,316,306,0,NA,520,NA,NA,NA,NA,0,NA,NA,0,0,NA,0,NA,NA,NA,0,0,NA,NA,NA,153,0,0,0,0,NA,NA,0,NA,NA,NA,10,0,NA,0,NA,NA,0,NA,NA,NA
"95",2018-03-19,2018,"spring","NWP","slough","CORE",98,124,7,10,51,0,NA,0,NA,NA,NA,NA,0,NA,NA,0,0,NA,0,NA,NA,NA,0,0,NA,NA,NA,51,0,0,0,0,NA,NA,0,NA,NA,NA,0,0,NA,0,NA,NA,0,NA,NA,NA
"96",2018-12-30,2018,"winter","NWP","slough","CORE",98,99,7,92,336,0,NA,194,NA,NA,NA,NA,0,NA,NA,0,0,NA,0,NA,NA,NA,0,0,NA,NA,NA,693,0,0,0,0,NA,NA,0,NA,NA,NA,0,0,NA,0,NA,NA,0,NA,NA,NA
"97",2018-12-30,2018,"winter","VBR1","slough","CORE",98,99,6,316,2069,0,NA,0,NA,NA,NA,NA,0,NA,NA,0,0,NA,0,NA,NA,NA,0,0,NA,NA,NA,0,41,0,0,0,NA,NA,0,NA,NA,NA,0,0,NA,0,NA,NA,0,NA,NA,NA
"98",2018-08-24,2018,"summer","VBR1","slough","CORE",98,55,6,204,0,0,NA,10,NA,NA,NA,NA,0,NA,NA,0,0,NA,0,NA,NA,NA,0,0,NA,NA,NA,0,0,31,0,0,NA,NA,0,NA,NA,NA,0,0,NA,0,NA,NA,0,NA,NA,NA
"99",2019-01-30,2019,"winter","NVP4","pool","CORE",196,99,3,11,0,0,NA,99,0,0,0,0,0,NA,0,0,0,NA,0,0,0,0,0,NA,0,0,0,77,0,0,0,0,NA,0,0,NA,NA,0,0,0,NA,0,0,NA,0,NA,NA,NA
"100",2019-02-07,2019,"winter","NVP2","pool","CORE",196,99,3,77,0,0,NA,439,0,0,0,0,0,NA,0,0,0,NA,11,0,0,0,0,NA,0,0,0,66,0,0,0,0,NA,0,0,NA,NA,0,0,0,NA,0,0,NA,0,NA,NA,NA
"101",2019-04-09,2019,"spring","NPB","slough","CORE",196,124,8,165,0,0,NA,340,0,0,0,0,44,NA,0,0,0,NA,0,0,0,0,0,NA,0,0,0,0,0,0,0,0,NA,0,0,NA,NA,0,0,0,NA,0,0,NA,0,NA,NA,NA
"102",2019-04-09,2019,"spring","NWP","slough","CORE",196,124,7,0,77,0,NA,121,0,0,176,0,0,NA,77,0,0,NA,0,0,0,0,0,NA,0,0,0,0,0,0,0,0,NA,0,0,NA,NA,0,0,0,NA,0,0,NA,0,NA,NA,NA
"103",2019-04-10,2019,"spring","NEC","slough","CORE",196,124,7,110,253,0,NA,0,0,0,99,0,0,NA,0,0,0,NA,0,0,0,0,0,NA,0,0,0,0,0,0,0,0,NA,0,0,NA,NA,0,0,0,NA,0,0,NA,0,NA,NA,NA
"104",2019-04-10,2019,"spring","NMC","slough","CORE",196,124,6,33,110,0,NA,0,0,0,703,11,0,NA,0,0,0,NA,0,0,0,0,0,NA,0,0,0,0,0,0,0,0,NA,0,0,NA,NA,0,11,0,NA,0,0,NA,0,NA,NA,NA
"105",2019-04-11,2019,"spring","CUL1","slough","CORE",196,124,6,110,571,0,NA,0,0,0,944,0,0,NA,0,11,0,NA,0,0,0,0,0,NA,0,0,0,0,0,0,0,0,NA,0,0,NA,NA,0,11,0,NA,0,0,NA,0,NA,NA,NA
"106",2019-04-11,2019,"spring","MO1","slough","CORE",196,124,6,77,483,0,NA,0,0,0,0,55,461,NA,0,0,0,NA,0,0,0,0,0,NA,0,0,0,0,0,0,0,0,NA,0,0,NA,NA,0,0,0,NA,0,0,NA,0,NA,NA,NA
"107",2019-04-14,2019,"spring","NVBR","slough","CORE",196,124,6,725,33,0,NA,0,0,0,0,0,0,NA,0,11,0,NA,0,0,0,0,0,NA,0,0,0,11,22,0,0,0,NA,0,0,NA,NA,0,11,0,NA,0,0,NA,0,NA,NA,NA
"108",2019-04-14,2019,"spring","VBR1","slough","CORE",196,124,6,0,99,0,NA,0,0,0,802,0,0,NA,0,0,0,NA,0,0,0,0,0,NA,0,0,0,0,11,0,0,0,NA,0,0,NA,NA,0,0,0,NA,0,0,NA,0,NA,NA,NA
"109",2019-04-18,2019,"spring","DSP","pool","CORE",196,124,5,999,0,0,NA,0,0,0,55,0,22,NA,0,0,0,NA,0,0,0,0,0,NA,0,0,0,22,0,0,0,0,NA,0,0,NA,NA,0,0,0,NA,0,55,NA,0,NA,NA,NA
"110",2019-04-18,2019,"spring","NDC","slough","CORE",196,124,3,417,77,0,NA,615,0,0,0,0,11,NA,0,0,0,NA,0,0,0,0,0,NA,0,0,0,0,0,0,0,0,NA,0,0,NA,NA,0,0,0,NA,0,0,NA,0,NA,NA,NA
"111",2019-05-01,2019,"spring","NVP2","pool","CORE",196,124,3,0,0,0,NA,0,0,0,0,0,22,NA,0,0,0,NA,0,0,0,0,0,NA,0,0,0,0,0,0,0,0,NA,0,0,NA,NA,0,0,0,NA,0,0,NA,0,NA,NA,NA
"112",2019-05-01,2019,"spring","NVP4","pool","CORE",196,124,3,395,22,0,NA,33,0,0,0,0,11,NA,0,0,0,NA,0,0,0,0,0,NA,0,0,0,22,0,0,0,0,NA,0,0,NA,NA,0,0,0,NA,0,0,NA,0,NA,NA,NA
"113",2019-06-27,2019,"summer","MO1","slough","CORE",196,55,6,132,670,44,NA,0,0,11,0,0,0,NA,0,0,0,NA,0,0,0,0,0,NA,0,0,0,77,0,11,0,0,NA,0,0,NA,NA,0,0,0,NA,0,0,NA,0,NA,NA,NA
"114",2019-06-27,2019,"summer","NDC","slough","CORE",196,55,3,143,55,0,NA,11,0,0,0,0,242,NA,44,0,0,NA,0,0,0,0,0,NA,0,0,0,11,0,0,0,0,NA,0,0,NA,NA,0,0,0,NA,0,0,NA,0,NA,NA,NA
"115",2019-06-27,2019,"summer","NWP","slough","CORE",196,55,7,44,0,0,NA,165,0,0,0,0,0,NA,0,0,0,NA,0,0,0,0,0,NA,0,0,0,0,0,0,0,0,NA,0,0,NA,NA,0,0,0,NA,0,0,NA,0,NA,NA,NA
"116",2019-07-01,2019,"summer","NPB","slough","CORE",196,55,8,0,0,0,NA,0,0,0,0,0,11,NA,0,0,0,NA,0,0,0,0,0,NA,0,0,0,0,0,0,0,0,NA,0,0,NA,NA,0,22,0,NA,0,0,NA,0,NA,NA,NA
"117",2019-07-02,2019,"summer","NVBR","slough","CORE",196,55,6,154,0,0,NA,0,0,0,0,0,0,NA,0,0,0,NA,0,0,0,0,0,NA,0,0,0,0,0,0,0,0,NA,0,0,NA,NA,0,0,0,NA,0,0,NA,0,NA,NA,NA
"118",2019-07-02,2019,"summer","VBR1","slough","CORE",196,55,6,0,0,0,NA,0,0,11,0,0,0,NA,0,0,0,NA,0,0,0,0,0,NA,0,0,0,0,0,0,0,0,NA,0,0,NA,NA,0,0,0,NA,0,0,NA,0,NA,NA,NA
"119",2019-07-11,2019,"summer","DSP","pool","CORE",196,55,5,11,0,0,NA,22,0,0,0,0,0,NA,0,0,0,NA,0,0,0,0,0,NA,0,0,0,0,0,0,0,0,NA,0,0,NA,NA,0,11,0,NA,0,0,NA,0,NA,NA,NA
"120",2019-07-12,2019,"summer","CUL1","slough","CORE",196,55,6,0,0,0,NA,0,0,0,0,0,0,NA,0,0,0,NA,0,0,0,0,0,NA,0,0,0,0,0,0,0,0,NA,0,0,NA,NA,0,44,0,NA,0,0,NA,0,NA,NA,NA
"121",2019-08-01,2019,"summer","NEC","slough","CORE",196,55,7,22,33,0,NA,0,0,33,0,0,0,NA,0,0,0,NA,0,0,0,0,0,NA,0,0,0,22,0,22,0,0,NA,0,0,NA,NA,0,0,0,NA,0,0,NA,0,NA,NA,NA
"122",2019-08-01,2019,"summer","NMC","slough","CORE",196,55,6,373,0,0,NA,0,0,0,0,0,0,NA,0,0,0,NA,0,0,0,0,0,NA,0,0,0,11,0,0,0,0,NA,0,0,NA,NA,0,0,0,NA,0,0,NA,0,NA,NA,NA
"123",2019-08-01,2019,"summer","NPB","slough","CORE",196,55,8,77,0,0,NA,0,0,0,77,0,0,NA,0,0,0,NA,11,0,0,0,0,NA,0,0,0,0,0,264,0,0,NA,33,0,NA,NA,0,0,0,NA,0,0,NA,0,NA,NA,NA
"124",2019-08-01,2019,"summer","NWP","slough","CORE",196,55,7,0,0,0,NA,0,0,0,0,0,0,NA,11,0,0,NA,0,0,0,0,0,NA,0,0,0,11,0,0,0,0,NA,0,0,NA,NA,0,0,0,NA,110,0,NA,0,NA,NA,NA
"125",2019-08-02,2019,"summer","CUL1","slough","CORE",196,55,6,0,0,0,NA,0,0,0,0,0,0,NA,0,0,0,NA,0,0,0,0,0,NA,0,0,0,0,0,0,0,0,NA,0,0,NA,NA,0,11,0,NA,0,0,NA,0,NA,NA,NA
"126",2019-08-02,2019,"summer","MO1","slough","CORE",196,55,6,0,121,0,NA,0,0,0,0,132,0,NA,0,0,0,NA,0,0,0,0,0,NA,0,0,0,0,0,0,0,0,NA,0,0,NA,NA,0,0,0,NA,0,0,NA,0,NA,NA,NA
"127",2019-08-02,2019,"summer","NVBR","slough","CORE",196,55,6,0,0,0,NA,0,0,0,0,0,0,NA,0,0,0,NA,0,0,0,0,0,NA,0,0,0,0,0,0,0,0,NA,0,0,NA,NA,0,22,0,NA,0,0,NA,0,NA,NA,NA
"128",2019-08-02,2019,"summer","VBR1","slough","CORE",196,55,6,0,66,0,NA,0,0,0,0,0,0,NA,0,0,0,NA,0,0,0,0,0,NA,0,0,0,0,0,0,0,0,NA,0,0,NA,NA,0,11,0,NA,0,0,NA,0,NA,NA,NA
"129",2019-08-03,2019,"summer","DSP","pool","CORE",196,55,5,0,22,0,NA,11,0,0,0,0,0,NA,0,0,0,NA,0,0,0,0,0,NA,0,0,0,55,0,0,0,0,NA,0,0,NA,NA,0,0,0,NA,0,0,NA,0,NA,NA,NA
"130",2019-10-21,2019,"fall","NPB","slough","CORE",196,65,8,33,0,0,NA,0,0,0,0,0,0,NA,0,0,0,NA,0,0,0,0,0,NA,0,0,0,33,0,0,0,0,NA,0,0,NA,NA,0,0,0,NA,0,0,NA,0,NA,NA,NA
"131",2019-10-21,2019,"fall","NVBR","slough","CORE",196,65,6,44,0,0,NA,0,0,0,0,0,0,NA,0,0,0,NA,0,0,0,0,0,NA,0,0,0,0,0,0,0,0,NA,0,0,NA,NA,0,0,0,NA,0,0,NA,0,NA,NA,NA
"132",2019-10-21,2019,"fall","VBR1","slough","CORE",196,65,6,55,0,0,NA,0,0,0,0,0,0,NA,0,0,0,NA,0,0,0,0,0,NA,0,0,0,0,0,0,0,0,NA,0,0,NA,NA,0,0,0,NA,0,0,NA,0,NA,NA,NA
"133",2019-10-25,2019,"fall","CUL1","slough","CORE",196,65,6,11,0,0,NA,0,0,0,0,0,0,NA,0,22,0,NA,0,0,0,0,0,NA,0,0,0,0,11,0,0,0,NA,0,0,NA,NA,0,0,0,NA,0,0,NA,0,NA,NA,NA
"134",2019-10-29,2019,"fall","DSP","pool","CORE",196,65,5,55,0,0,NA,0,0,0,0,0,0,NA,0,0,0,NA,0,0,0,0,0,NA,0,0,0,44,0,0,0,0,NA,0,0,NA,NA,0,0,0,NA,0,0,NA,0,NA,NA,NA
"135",2019-10-29,2019,"fall","MO1","slough","CORE",196,65,6,110,0,0,NA,0,0,11,0,0,11,NA,0,0,0,NA,0,0,0,0,0,NA,0,0,0,0,0,0,0,0,NA,0,0,NA,NA,0,0,0,NA,0,0,NA,0,NA,NA,NA
"136",2019-10-31,2019,"fall","NEC","slough","CORE",196,65,7,11,0,0,NA,0,0,0,0,0,0,NA,0,0,0,NA,0,0,0,0,0,NA,0,0,0,0,0,0,0,0,NA,0,0,NA,NA,0,11,0,NA,0,0,NA,0,NA,NA,NA
"137",2019-10-31,2019,"fall","NMC","slough","CORE",196,65,6,0,0,0,NA,0,0,0,0,0,0,NA,0,0,0,NA,0,0,0,0,0,NA,0,0,0,0,0,0,0,0,NA,0,0,NA,NA,0,0,0,NA,0,0,NA,0,NA,NA,NA
"138",2019-01-27,2019,"winter","VWCB6","pool","CORE",196,99,1,22,0,0,NA,0,0,0,0,0,0,NA,0,0,0,NA,0,0,0,0,0,NA,0,0,0,0,0,0,0,0,NA,0,0,NA,NA,0,0,0,NA,0,0,NA,0,NA,NA,NA
"139",2019-01-27,2019,"winter","VDSN","pool","CORE",196,99,2,0,0,0,NA,11,0,0,0,0,0,NA,0,0,0,NA,0,0,0,0,0,NA,0,0,0,0,0,0,0,0,NA,0,0,NA,NA,0,0,0,NA,0,0,NA,0,NA,NA,NA
"140",2019-01-28,2019,"winter","VP1","pool","CORE",196,99,2,0,0,0,NA,0,0,0,0,0,0,NA,0,0,0,NA,0,0,0,0,0,NA,0,0,0,0,0,0,0,0,NA,0,0,NA,NA,0,0,0,NA,0,11,NA,0,NA,NA,NA
"141",2019-02-08,2019,"winter","VNVP10","pool","CORE",196,99,2,11,11,0,NA,33,0,0,0,0,11,NA,0,0,0,NA,0,0,0,0,0,NA,0,0,0,55,0,0,0,0,NA,0,0,NA,NA,0,0,0,NA,0,0,NA,0,NA,NA,NA
"142",2019-02-11,2019,"winter","VCC7","pool","CORE",196,99,2,0,0,0,NA,44,0,0,22,0,22,NA,0,0,0,NA,0,0,0,0,0,NA,0,0,0,0,0,0,0,0,NA,0,0,NA,NA,0,0,0,NA,0,0,NA,0,NA,NA,NA
"143",2019-02-11,2019,"winter","VM7","pool","CORE",196,99,1,44,0,0,NA,176,0,0,0,0,0,NA,0,0,0,NA,0,0,0,0,0,NA,0,0,0,0,0,0,0,0,NA,0,0,NA,NA,0,0,0,NA,0,33,NA,0,NA,NA,NA
"144",2019-02-11,2019,"winter","VOW1","pool","CORE",196,99,1,0,0,0,NA,11,0,0,0,0,0,NA,0,0,0,NA,0,0,0,0,0,NA,0,0,0,0,0,0,0,0,NA,0,0,NA,NA,0,0,0,NA,0,0,NA,0,NA,NA,NA
"145",2019-03-07,2019,"spring","VMMesa","pool","CORE",196,124,1,0,0,0,NA,0,0,0,0,0,44,NA,0,0,0,NA,0,0,0,0,0,NA,0,0,0,0,0,0,0,0,NA,0,0,NA,NA,0,0,0,NA,0,0,NA,0,NA,NA,NA
"146",2019-04-08,2019,"spring","VP1","pool","CORE",196,124,2,955,0,0,NA,110,0,0,0,0,0,NA,0,0,0,NA,0,0,0,0,0,NA,0,0,0,0,0,0,0,0,NA,0,0,NA,NA,0,0,0,NA,0,0,NA,0,NA,NA,NA
"147",2019-04-10,2019,"spring","VCC7","pool","CORE",196,124,2,0,0,0,NA,165,0,0,0,0,0,NA,0,0,0,NA,0,0,0,0,0,NA,0,0,0,11,0,0,0,0,NA,0,0,NA,NA,0,0,0,NA,0,0,NA,0,NA,NA,NA
"148",2019-04-10,2019,"spring","VDSN","pool","CORE",196,124,2,0,99,0,NA,0,0,0,0,0,362,NA,0,0,0,NA,0,0,0,0,0,NA,0,0,11,275,0,0,0,0,NA,0,0,NA,NA,0,0,0,NA,0,0,NA,0,NA,NA,NA
"149",2019-05-01,2019,"spring","VNVP10","pool","CORE",196,124,2,0,0,0,NA,0,0,0,0,11,0,NA,0,0,0,NA,0,0,0,0,0,NA,0,0,0,99,0,0,0,0,NA,0,0,NA,NA,0,0,0,NA,0,11,NA,0,NA,NA,NA
"150",2019-05-02,2019,"spring","VM3","pool","CORE",196,124,1,0,22,0,NA,11,0,0,0,0,0,NA,0,0,0,NA,0,0,0,0,0,NA,0,0,0,0,0,0,0,0,NA,0,0,NA,NA,0,0,0,NA,0,0,NA,0,NA,NA,NA
"151",2019-10-25,2019,"fall","PIER","slough","CORE",196,65,2,55,0,0,NA,0,0,0,0,0,22,NA,0,0,0,NA,0,0,0,0,0,NA,0,0,0,0,0,0,0,0,NA,0,0,NA,NA,0,0,0,NA,0,0,NA,0,NA,NA,NA
"152",2019-11-25,2019,"fall","NPB2","slough","CORE",196,65,1,0,198,11,NA,0,0,0,0,0,0,NA,0,0,0,NA,0,0,0,0,0,NA,0,0,0,44,0,0,0,0,NA,0,0,NA,NA,0,0,0,NA,0,0,NA,0,NA,NA,NA
"153",2019-11-25,2019,"fall","NPB1","slough","CORE",196,65,1,0,0,33,NA,0,0,0,0,0,11,NA,0,0,0,NA,0,0,0,0,0,NA,0,0,0,0,0,0,0,0,NA,0,0,NA,NA,0,0,0,NA,0,0,NA,0,NA,NA,NA
"154",2019-01-24,2019,"winter","MO1","slough","FB250",196,99,25,0.3,0.3,0,NA,0.1,0,0,0,0,0,NA,0,0,0,NA,0,0,0,0,0,NA,0,0,0,0,0,0,0,0,NA,0,0,NA,NA,0,0,0,NA,0,0,NA,0,NA,NA,NA
"155",2019-01-28,2019,"winter","CUL1","slough","FB250",196,99,22,11.5,18.8,0,NA,0,0,0,0,0,0,NA,0,0,0,NA,0,0,0,0,0,NA,0,0,0,0,0.8,0,0.1,0,NA,0,0,NA,NA,0,9.1,0,NA,0,0.3,NA,0.5,NA,NA,NA
"156",2019-01-30,2019,"winter","NVP4","pool","FB250",196,99,6,0.3,0.9,0,NA,18.1,0,0,0,0,0,NA,0,0,0,NA,0,0,0,0,0,NA,0,0,0,0,0.9,0,0,0,NA,0,0,NA,NA,0,0,0,NA,0,0,NA,0,NA,NA,NA
"157",2019-02-06,2019,"winter","DSP","pool","FB250",196,99,11,43.2,2,0,NA,0,0,0,0,0,0,NA,0,0,0,NA,0,0,0,0,0,NA,0,0,0,0.9,0,0,0,0.4,NA,0,0,NA,NA,0,0,0,NA,0,0.4,NA,0,NA,NA,NA
"158",2019-02-06,2019,"winter","NEC","slough","FB250",196,99,23,4,4.5,0,NA,3.5,0,0,0,0,0,NA,0,0,0,NA,0,0,0,0,0,NA,0,0,0,0,0,0,0,0,NA,0,0,NA,NA,0,0.3,0,NA,0,1.2,NA,0,NA,NA,NA
"159",2019-02-06,2019,"winter","NMC","slough","FB250",196,99,21,1.3,38.7,0,NA,0.7,0,0,0,0,0,NA,0,0,0,NA,0,0,0,0,0,NA,0,0,0,0,0,0,0,0,NA,0,0,NA,NA,0,0.5,0,NA,0,0,NA,0,NA,NA,NA
"160",2019-02-06,2019,"winter","NVBR","slough","FB250",196,99,23,0.3,0,0.1,NA,0.8,0,0,0,0,0,NA,0,0,0,NA,0,0,0,0,0,NA,0,0,0,0,0,0,0,0,NA,0,0,NA,NA,0,0,0,NA,0,0,NA,0,NA,NA,NA
"161",2019-02-06,2019,"winter","VBR1","slough","FB250",196,99,16,0.3,0.5,0,NA,0,0,0,0,0,0,NA,0,0,0,NA,0,0,0,0,0,NA,0,0,0,0,0,0,0,0,NA,0,0,NA,NA,0,0,0,NA,0,0,NA,0,NA,NA,NA
"162",2019-02-07,2019,"winter","NVP2","pool","FB250",196,99,4,30.5,1.7,0,NA,377.9,0,0,0,0,0.1,NA,0,0,0,NA,0,0,0,0,0,NA,0,0,0,2.9,0,0,0,0,NA,0,0,NA,NA,0,0,0,NA,0,0.1,NA,0,NA,NA,NA
"163",2019-02-18,2019,"winter","NDC","slough","FB250",196,99,12,7.9,3.3,0,NA,32.1,0,0,0,0,0,NA,0,0,0,NA,0,0,0,0,0,NA,0,0,0,0,0.1,0,0,0,NA,0,0,NA,NA,0,0,0,NA,0,0.4,NA,0,NA,NA,NA
"164",2019-02-18,2019,"winter","NPB","slough","FB250",196,99,21,0.1,0,0,NA,0.1,0,0,0,0,0,NA,0,0,0.1,NA,0,0,0,0,0,NA,0,0,0,0,0,0,0,0,NA,0,0,NA,NA,0,0,0,NA,0,0,NA,0,NA,NA,NA
"165",2019-03-11,2019,"spring","CUL1","slough","FB250",196,124,22,37.5,1.5,0,NA,47.2,0,0,0,0,0,NA,0,0,0,NA,0,0,0,0,0,NA,0,0,0,0,0,0,0,0,NA,0,0,NA,NA,0,0,0,NA,0,0,NA,0,NA,NA,NA
"166",2019-03-11,2019,"spring","MO1","slough","FB250",196,124,25,0.5,391.1,0,NA,0.8,0,0,7.9,0.5,0,NA,0,0,0,NA,0,0,0,0,0,NA,0,0,0,0,0,0,0,0,NA,0,0,NA,NA,0,1.5,0,NA,0,0,NA,0,NA,NA,NA
"167",2019-03-11,2019,"spring","NVBR","slough","FB250",196,124,23,2.1,0.4,0,NA,3.7,0,0,0,0,0,NA,0,0,0,NA,0,0,0,0,0,NA,0,0,0,0,0,0,0,0,NA,0,0,NA,NA,0,6.8,0,NA,0,0,NA,0,NA,NA,NA
"168",2019-03-11,2019,"spring","VBR1","slough","FB250",196,124,16,0.4,0.3,0,NA,3.1,0,0,0,0.1,0.3,NA,0,0,0,NA,0,0,0,0,0,NA,0,0,0,0,0,0,0,0,NA,0,0,NA,NA,0,1.1,0,NA,0,0,NA,0,NA,NA,NA
"169",2019-03-13,2019,"spring","DSP","pool","FB250",196,124,11,338.5,33.7,0,NA,223.1,0,0,0,0,0,NA,0,0,0,NA,0.5,0,0,0,0,NA,0,0,0,0,0,0,0,0,NA,0,0,NA,NA,0,0.1,0,NA,0,0.5,NA,0.5,NA,NA,NA
"170",2019-03-13,2019,"spring","NMC","slough","FB250",196,124,21,1.7,2,0,NA,10.7,0,0,0,0,0,NA,0,0,0,NA,0,0,0,0,0,NA,0,0,0,0,0,0,0,0,NA,0,0,NA,NA,0,0,0,NA,0,0,NA,0,NA,NA,NA
"171",2019-03-13,2019,"spring","NPB","slough","FB250",196,124,21,1.2,0,0,NA,2.7,0,0,0,0,0,NA,0,0,0,NA,0,0,0,0,0,NA,0,0,0,0.3,0,0,0,0,NA,0,0,NA,NA,0,0,0,NA,0,0,NA,0,NA,NA,NA
"172",2019-03-13,2019,"spring","NWP","slough","FB250",196,124,14,226.7,0.4,0,NA,112,0,0,0,0,0,NA,0.4,0,0,NA,0,0,0,0,0,NA,0,0,0,0,0,0,0,0,NA,0,0,NA,NA,0,0,0,NA,0,0,NA,0.1,NA,NA,NA
"173",2019-03-15,2019,"spring","NEC","slough","FB250",196,124,23,24,0.1,0,NA,250.5,0,0,0,0,0,NA,0,0,0,NA,0,0,0,0,0,NA,0,0,0,1.1,0.5,0,0,0,NA,0,0,NA,NA,0,30.3,0,NA,0,0,NA,0,NA,NA,NA
"174",2019-04-09,2019,"spring","NPB","slough","FB250",196,124,21,1.6,53.3,0,NA,0,0,0,0,0,0,NA,0,0,0,NA,0,0,0,0,0,NA,0,0,0,0,0,0,0,0,NA,0,0,NA,NA,0,0.8,0,NA,0,0,NA,0,NA,NA,NA
"175",2019-04-09,2019,"spring","NWP","slough","FB250",196,124,14,402.4,134.4,0.3,NA,850.3,0,0,0,0,0,NA,3.7,0,0,NA,1.3,0,0,0,0,NA,0,0,0,0,0,0,0,0,NA,0,0,NA,NA,0,0.3,0,NA,0,3.6,NA,0,NA,NA,NA
"176",2019-04-10,2019,"spring","NEC","slough","FB250",196,124,23,0.9,22.7,0,NA,0,0,0,0,0,0.3,NA,0,0,0,NA,0,0,0,0,0,NA,0,0,0,0,0,0,0,0,NA,0,0,NA,NA,0,0.7,0,NA,0,0,NA,0,NA,NA,NA
"177",2019-04-10,2019,"spring","NMC","slough","FB250",196,124,21,0.4,2,0,NA,0,0,0,0,0,0,NA,0,0,0,NA,0,0,0,0,0,NA,0,0,0,0,0,0,0,0,NA,0,0,NA,NA,0,0.8,0,NA,0,0,NA,0,NA,NA,NA
"178",2019-04-11,2019,"spring","CUL1","slough","FB250",196,124,22,0.4,21.5,0,NA,0,0,0,0,0,0.4,NA,0,0,0,NA,0,0,0,0,0,NA,0,0,0,0.1,0,0,0,0,NA,0,0,NA,NA,0,8.9,0,NA,0,0,NA,0,NA,NA,NA
"179",2019-04-11,2019,"spring","MO1","slough","FB250",196,124,25,0,11.3,0,NA,0,0,0,0,0,0,NA,0,0,0,NA,0,0,0,0,0,NA,0,0,0,0,0,0,0,0,NA,0,0,NA,NA,0,0.4,0,NA,0,0,NA,0,NA,NA,NA
"180",2019-04-14,2019,"spring","NVBR","slough","FB250",196,124,23,5.5,6.3,0.1,NA,0,0,0,0,0,0,NA,0,0,0,NA,0,0,0,0,0,NA,0,0,0,0,0,0,0,0,NA,0,0,NA,NA,0,1.3,0,NA,0,0.1,NA,0,NA,NA,NA
"181",2019-04-14,2019,"spring","VBR1","slough","FB250",196,124,16,0.9,4.3,0,NA,0,0,0,0,0,0,NA,0,0,0,NA,0,0,0,0,0,NA,0,0,0,0,0,0,0,0,NA,0,0,NA,NA,0,1.9,0,NA,0,0.3,NA,0.1,NA,NA,NA
"182",2019-04-18,2019,"spring","NDC","slough","FB250",196,124,12,13.7,8.9,0,NA,43.6,0,0,0,0,0,NA,0.1,0,0,NA,0,0,0,0,0,NA,0,0,0,0,0,0,0,0,NA,0,0,NA,NA,0,0.1,0,NA,0,0,NA,0,NA,NA,NA
"183",2019-05-01,2019,"spring","NVP2","pool","FB250",196,124,4,0.5,2.4,0,NA,36.3,0,0,0,0,0,NA,0,0,0,NA,0,0,0,0,0,NA,0,0,0,0,0,0,0,0,NA,0,0,NA,NA,0,0.1,0,NA,0,0,NA,0,NA,NA,NA
"184",2019-05-01,2019,"spring","NVP4","pool","FB250",196,124,6,0,217.6,0,NA,2.5,0,0,0,0,0,NA,0,0,0,NA,0,0,0,0,0,NA,0,0,0,0,0,0,0,0,NA,0,0,NA,NA,0,0,0,NA,0,0,NA,0,NA,NA,NA
"185",2019-05-23,2019,"spring","CUL1","slough","FB250",196,124,22,0,1.9,0,NA,0,0,0,0,0,0,NA,0,0.1,0,NA,0,0,0,0,0,NA,0,0,0,0.1,0.5,0,0,0,NA,0,0,NA,NA,0,16.9,0,NA,0,0.3,NA,0,NA,NA,NA
"186",2019-05-23,2019,"spring","MO1","slough","FB250",196,124,25,0,0.1,0,NA,0.7,0,0,0,0,0,NA,0,0,0,NA,0,0,0,0,0,NA,0,0,0,0,0,0,0,0,NA,0,0,NA,NA,0,1.1,0,NA,0,0.1,NA,0,NA,NA,NA
"187",2019-05-23,2019,"spring","NEC","slough","FB250",196,124,23,0,0,0,NA,0.1,0,0,0,0,0,NA,0,0,0,NA,0,0,0,0,0,NA,0,0,0,0,0,0,0,0,NA,0,0,NA,NA,0,2.1,0,NA,0,0,NA,0,NA,NA,NA
"188",2019-05-23,2019,"spring","NMC","slough","FB250",196,124,21,0,0.1,0,NA,0,0,0,0,0,0,NA,0,0,0,NA,0,0,0,0,0,NA,0,0,0,0,0,0,0,0,NA,0,0,NA,NA,0,0.5,0,NA,0,0,NA,0,NA,NA,NA
"189",2019-05-23,2019,"spring","NVBR","slough","FB250",196,124,23,0,0,0,NA,0,0,0,0,0,0.1,NA,0,0,0,NA,0,0,0,0,0,NA,0,0,0,0,0,0,0,0,NA,0,0,NA,NA,0,0,0,NA,0,0,NA,0,NA,NA,NA
"190",2019-05-23,2019,"spring","VBR1","slough","FB250",196,124,16,0,0,0,NA,0,0,0,0,0,0,NA,0,0,0,NA,0,0,0,0,0,NA,0,0,0,0,0,0,0,0,NA,0,0,NA,NA,0,0,0,NA,0,0,NA,0,NA,NA,NA
"191",2019-05-24,2019,"spring","NDC","slough","FB250",196,124,12,1.7,10.4,0,NA,1.2,0,0,0,0,0,NA,0,0,0,NA,0,0,0,0,0,NA,0,0,0,0.4,0,0,0,0,NA,0,0,NA,NA,0,0,0,NA,0,0,NA,0,NA,NA,NA
"192",2019-05-24,2019,"spring","NPB","slough","FB250",196,124,21,2.3,0.4,0,NA,0.3,0,0,0,0,0,NA,0,0,0,NA,0,0,0,0,0,NA,0,0,0,0.5,0,0,0,0,NA,0,0,NA,NA,0,5.9,0,NA,0,0,NA,0,NA,NA,NA
"193",2019-05-24,2019,"spring","NWP","slough","FB250",196,124,14,8.1,18.9,0,NA,39.7,0,0,0,0,0.1,NA,0.5,0,0,NA,0,0,0,0,0,NA,0,0,0,0.7,0,0,0,0,NA,0,0,NA,NA,0,0.1,0,NA,0,0.3,NA,0,NA,NA,NA
"194",2019-06-27,2019,"summer","MO1","slough","FB250",196,55,25,0,220,0.3,NA,0,0,0,0,0,0,NA,0,0,0,NA,0,0,0,0,0,NA,0,0,0,0.7,0,0.3,0,0,NA,0,0,NA,NA,0,6,0,NA,0,0,NA,0,NA,NA,NA
"195",2019-06-27,2019,"summer","NDC","slough","FB250",196,55,12,23.5,160.5,0,NA,87.9,0,0,0,0,1.2,NA,1.7,0.1,0.7,NA,1.6,0,0,0,0,NA,0,0,0,0,0,0,0,0,NA,0,0.1,NA,NA,0,0.5,0.1,NA,0,0,NA,0.3,NA,NA,NA
"196",2019-06-27,2019,"summer","NWP","slough","FB250",196,55,14,85.1,3.3,1.3,NA,116.7,0,0,0,0,0,NA,0.3,0,0,NA,0,0,0,0,0,NA,0,0,0,2.3,0,0,0.3,0.3,NA,0,0.1,NA,NA,0,0,0,NA,0.8,0,NA,0,NA,NA,NA
"197",2019-07-01,2019,"summer","NEC","slough","FB250",196,55,23,18.4,0.3,0,NA,0,0,0,0,0,0,NA,0,0,0,NA,0,0,0,0,0,NA,0,0,0,0,0,0,0,0,NA,0,0,NA,NA,0,0,0,NA,0,0,NA,0,NA,NA,NA
"198",2019-07-01,2019,"summer","NMC","slough","FB250",196,55,21,1.2,32.5,0.1,NA,0,0,0,0,0,0.4,NA,0,0,0,NA,0,0,0,0,0,NA,0,0,0,2.3,0,0,0,0,NA,0,0,NA,NA,0,1.5,0,NA,0,0,NA,0,NA,NA,NA
"199",2019-07-01,2019,"summer","NPB","slough","FB250",196,55,21,2.1,14.4,0,NA,0.3,0,0,2.4,0,2.1,NA,0,0,0,NA,0,0,0,0,0,NA,0,0,0,1.3,0,0.1,0,0,NA,0,0,NA,NA,0,4.3,0,NA,0,0,NA,0,NA,NA,NA
"200",2019-07-02,2019,"summer","NVBR","slough","FB250",196,55,23,2.1,2.7,0,NA,0.1,0,0,0,0,0,NA,0,0,0,NA,0,0,0,0,0,NA,0,0,0,1.9,0,0.1,0,0.4,NA,0,0,NA,NA,0,0.8,0,NA,0,0,NA,0,NA,NA,NA
"201",2019-07-02,2019,"summer","VBR1","slough","FB250",196,55,16,0,29.7,0,NA,0,0,0,0,0,0,NA,0,0,0,NA,0,0,0,0,0,NA,0,0,0,7.7,0,0,0,0,NA,0,0,NA,NA,0,12.4,0,NA,0,0,NA,0,NA,NA,NA
"202",2019-07-11,2019,"summer","DSP","pool","FB250",196,55,11,0.1,3.1,0,NA,18.3,0,0,0,0,0,NA,0,0,0,NA,0,0,0,0,0,NA,0,0,0,0.1,0,0,0,0,NA,0,0,NA,NA,0,0,0,NA,0,0.5,NA,0.1,NA,NA,NA
"203",2019-07-12,2019,"summer","CUL1","slough","FB250",196,55,22,0,32.5,0,NA,0,0,0,0,0,0,NA,0,0,0,NA,0,0,0,0,0,NA,0,0,0,0,0,0,0,0,NA,0,0,NA,NA,0,92.9,0,NA,0,0,NA,0.1,NA,NA,NA
"204",2019-08-01,2019,"summer","NEC","slough","FB250",196,55,23,0,0,0,NA,0,0,0,0,0,0,NA,0,0,0,NA,0,0,0,0,0,NA,0,0,0,0,0,0,0,0,NA,0,0,NA,NA,0,0,0,NA,0,0,NA,0,NA,NA,NA
"205",2019-08-01,2019,"summer","NMC","slough","FB250",196,55,21,0.3,16.9,0,NA,0,0,0,0,0,0,NA,0,0,0,NA,0,0,0,0,0,NA,0,0,0,1.7,0,0,0,0,NA,0,0,NA,NA,0,2,0,NA,0,0,NA,0,NA,NA,NA
"206",2019-08-01,2019,"summer","NPB","slough","FB250",196,55,21,1.6,7.3,0,NA,0,0,0.1,0,0,0,NA,0,0,0.1,NA,0,0,0,0,0,NA,0,0,0,0.9,0,0,0,0,NA,0,0,NA,NA,0,13.5,0,NA,0,0,NA,0,NA,NA,NA
"207",2019-08-01,2019,"summer","NWP","slough","FB250",196,55,14,9.2,3.5,0,NA,0.7,0,0,0,0,0,NA,0,0,0,NA,0,0,0,0,0,NA,0,0,0,2.4,0,0,0,0.4,NA,0,0,NA,NA,0,0,0,NA,0,0,NA,0,NA,NA,NA
"208",2019-08-02,2019,"summer","CUL1","slough","FB250",196,55,22,0,0.1,0,NA,0,0,0,0,0,2.5,NA,0,0,0,NA,0,0,0,0,0,NA,0,0,0,0,0,0,0,0,NA,0,0,NA,NA,0,40.9,0,NA,0,0,NA,0,NA,NA,NA
"209",2019-08-02,2019,"summer","MO1","slough","FB250",196,55,25,0.3,12.1,0.1,NA,0,0,0,0,0,0,NA,0,0,0,NA,0,0,0,0,0,NA,0,0,0,0,0,0,0,0,NA,0,0,NA,NA,0,36.4,0,NA,0,0,NA,0,NA,NA,NA
"210",2019-08-02,2019,"summer","NVBR","slough","FB250",196,55,23,0,14,0,NA,0,0,0,0,0,0,NA,0,0,0,NA,0,0,0,0,0,NA,0,0,0,0,0,0,0,0,NA,0,0,NA,NA,0,8.1,0,NA,0,0,NA,0,NA,NA,NA
"211",2019-08-02,2019,"summer","VBR1","slough","FB250",196,55,16,0,0,0,NA,0,0,0,0,0,0,NA,0,0,0,NA,0,0,0,0,0,NA,0,0,0,0,0,0,0,0,NA,0,0,NA,NA,0,6.5,0,NA,0,0,NA,0,NA,NA,NA
"212",2019-08-03,2019,"summer","DSP","pool","FB250",196,55,11,1.5,1.7,0,NA,3.5,0,0,0,0,0,NA,0,0,0,NA,0,0,0,0,0,NA,0,0,0,0,0,0,0,0,NA,0,0,NA,NA,0,0,0.1,NA,0,0,NA,0.5,NA,NA,NA
"213",2019-09-18,2019,"fall","NPB","slough","FB250",196,65,21,2.7,0,0,NA,0,0,0,0,0,0,NA,0,0,0,NA,0,0,0,0,0,NA,0,0,0,0,0,0,0,0,NA,0,0,NA,NA,0,0,0,NA,0,0,NA,0,NA,NA,NA
"214",2019-09-20,2019,"fall","NEC","slough","FB250",196,65,23,0.3,0,0,NA,0,0,0,0,0,0.1,NA,0,0,0,NA,0,0,0,0,0,NA,0,0,0,0,0,0,0,0,NA,0,0,NA,NA,0,2.8,0,NA,0,0,NA,0,NA,NA,NA
"215",2019-09-20,2019,"fall","NMC","slough","FB250",196,65,21,3.5,0.4,0,NA,0,0,0,0,0,0.1,NA,0,0,0,NA,0,0,0,0,0,NA,0,0,0,0.3,0,0,0,0,NA,0,0,NA,NA,0,0.3,0,NA,0,0,NA,0,NA,NA,NA
"216",2019-09-23,2019,"fall","NVBR","slough","FB250",196,65,23,0,0,0,NA,0,0,0,0,0,0,NA,0,0,0,NA,0,0,0,0,0,NA,0,0,0,0,0,0,0,0,NA,0,0,NA,NA,0,0.1,0,NA,0,0,NA,0,NA,NA,NA
"217",2019-09-23,2019,"fall","VBR1","slough","FB250",196,65,16,0.3,0.1,0,NA,0,0,0,0,0,0,NA,0,0,0,NA,0,0,0,0,0,NA,0,0,0,0,0,0,0,0,NA,0,0,NA,NA,0,0.1,0,NA,0,0,NA,0,NA,NA,NA
"218",2019-09-24,2019,"fall","DSP","pool","FB250",196,65,11,19.5,4,0,NA,118.3,0,0,0,0,0,NA,0,0,0,NA,0,0,0,0,0,NA,0,0,0.4,0.3,0,0,0,0.4,NA,0,1.1,NA,NA,0,0.4,0.5,NA,0.3,0,NA,0,NA,NA,NA
"219",2019-09-24,2019,"fall","MO1","slough","FB250",196,65,25,3.3,0.8,0,NA,0,0,0,0.1,0,0.5,NA,0,0,0,NA,0,0,0,0,0,NA,0,0,0,0,0,0,0,0,NA,0,0,NA,NA,0,0.4,0,NA,0,0,NA,0,NA,NA,NA
"220",2019-10-21,2019,"fall","NPB","slough","FB250",196,65,21,48.4,0.7,0,NA,0.5,0,0,0,0,0.5,NA,0,0,0,NA,0,0,0,0,0,NA,0,0,0,0,0,0,0,0,NA,0,0,NA,NA,0,0,0,NA,0,0,NA,0,NA,NA,NA
"221",2019-10-21,2019,"fall","NVBR","slough","FB250",196,65,23,0.1,0.9,0,NA,0,0,0,0,0,0.4,NA,0,0,0,NA,0,0,0,0,0,NA,0,0,0,0,0,0,0,0,NA,0,0,NA,NA,0,0.9,0,NA,0,0,NA,0,NA,NA,NA
"222",2019-10-21,2019,"fall","VBR1","slough","FB250",196,65,16,0,0.3,0,NA,0,0,0,0,0,0,NA,0,0,0,NA,0,0,0,0,0,NA,0,0,0,0,0.1,0,0,0,NA,0,0,NA,NA,0,0.8,0,NA,0,0,NA,0,NA,NA,NA
"223",2019-10-25,2019,"fall","CUL1","slough","FB250",196,65,22,0,0,0,NA,0,0,0,0,0,0,NA,0,7.3,0,NA,0,0,0,0,0,NA,0,0,0,0,0.1,0,0,0,NA,0,0,NA,NA,0,2.1,0,NA,0,0,NA,0,NA,NA,NA
"224",2019-10-29,2019,"fall","DSP","pool","FB250",196,65,11,30.9,2.1,0.1,NA,0.1,0,0,0,0,0.4,NA,0,0,0,NA,0,0,0,0,0,NA,0,0,0,0.5,0,0,0,0,NA,0,1.1,NA,NA,0,1.3,0,NA,0.1,0,NA,0,NA,NA,NA
"225",2019-10-29,2019,"fall","MO1","slough","FB250",196,65,25,3.3,0,0,NA,0,0,0,0,0,0.1,NA,0,0,0,NA,0,0,0,0,0,NA,0,0,0,0,0,0,0,0,NA,0,0,NA,NA,0,0,0,NA,0,0,NA,0,NA,NA,NA
"226",2019-10-31,2019,"fall","NEC","slough","FB250",196,65,23,0.1,0.3,0,NA,0,0,0,0,0,0,NA,0,0,0,NA,0,0,0,0,0,NA,0,0,0,0,0,0,0,0,NA,0,0,NA,NA,0,2.1,0,NA,0,0,NA,0,NA,NA,NA
"227",2019-10-31,2019,"fall","NMC","slough","FB250",196,65,21,4.1,0,0,NA,0,0,0,0,0,0,NA,0,0,0,NA,0,0,0,0,0,NA,0,0,0,0,0,0,0,0,NA,0,0,NA,NA,0,1.6,0,NA,0,0,NA,0,NA,NA,NA
"228",2019-11-18,2019,"fall","NVBR","slough","FB250",196,65,23,0.1,0,0,NA,0,0,0.1,0,0,0,NA,0,0,0,NA,0,0,0,0,0,NA,0,0,0,0,0,0,0,0,NA,0,0,NA,NA,0,0.3,0,NA,0,0,NA,0,NA,NA,NA
"229",2019-11-18,2019,"fall","VBR1","slough","FB250",196,65,16,0,0,0,NA,0,0,0,0,0,0,NA,0,0,0,NA,0,0,0,0,0,NA,0,0,0,0,0,0,0,0,NA,0,0,NA,NA,0,0.1,0,NA,0,0,NA,0,NA,NA,NA
"230",2019-11-21,2019,"fall","CUL1","slough","FB250",196,65,22,0,0,0,NA,0,0,0,0,0,0,NA,0,38.1,0,NA,0,0,0,0,0.1,NA,0,0,0,0,0.1,0,0,0,NA,0,0,NA,NA,0,0.9,0,NA,0,0,NA,0,NA,NA,NA
"231",2019-11-21,2019,"fall","MO1","slough","FB250",196,65,25,0.7,0,0,NA,0,0,0,0,0,0,NA,0,0,0,NA,0,0,0,0,0,NA,0,0,0,0,0,0,0,0,NA,0,0,NA,NA,0,0,0,NA,0,0,NA,0,NA,NA,NA
"232",2019-11-22,2019,"fall","DSP","pool","FB250",196,65,11,47.3,230.4,0,NA,0,0,0,0,0,0,NA,0,0,0,NA,0,0,0,0,0,NA,0,0,0,0.1,0,18,0,0,NA,0,0,NA,NA,0,1.2,0,NA,0,0,NA,0,NA,NA,NA
"233",2019-11-24,2019,"fall","NEC","slough","FB250",196,65,23,0.9,0,0,NA,0,0,0,0,0,0,NA,0,0,0,NA,0,0,0,0,0,NA,0,0,0,0,0,0,0,0,NA,0,0,NA,NA,0,5.1,0,NA,0,0,NA,0,NA,NA,NA
"234",2019-11-24,2019,"fall","NMC","slough","FB250",196,65,21,3.2,0,0,NA,0,0,0,0,0,0.1,NA,0,0,0,NA,0,0,0,0,0,NA,0,0,0,0,0,0,0,0,NA,0,0,NA,NA,0,3.3,0,NA,0,0,NA,0,NA,NA,NA
"235",2019-11-24,2019,"fall","NPB","slough","FB250",196,65,21,3.9,2.4,0,NA,0,0,0,0,0,0,NA,0,0,0,NA,0,0,0,0,0,NA,0,0,0,0,0,0,0,0,NA,0,0,NA,NA,0,0,0,NA,0,0,NA,0,NA,NA,NA
"236",2019-12-11,2019,"winter","CUL1","slough","FB250",196,99,22,0,0,0,NA,0,0,0.1,0,0,0,NA,0,0.1,0,NA,0,0,0,0,0.1,NA,0,0,0.3,0,0.1,0,0,0,NA,0,0,NA,NA,0,0.8,0,NA,0,0,NA,0.5,NA,NA,NA
"237",2019-12-11,2019,"winter","MO1","slough","FB250",196,99,25,0,0,0,NA,0,0,0,0,0,0,NA,0,0,0.1,NA,0,0,0,0,0,NA,0,0,0,0,0,0,0,0,NA,0,0,NA,NA,0,0.4,0,NA,0,0,NA,0,NA,NA,NA
"238",2019-12-11,2019,"winter","NVBR","slough","FB250",196,99,23,0,0,0,NA,0.3,0,0,0,0,0.1,NA,0,0,0,NA,0,0,0,0,0,NA,0,0,0,0.1,0,0,0,0,NA,0,0,NA,NA,0,0,0,NA,0,0,NA,0,NA,NA,NA
"239",2019-12-11,2019,"winter","VBR1","slough","FB250",196,99,16,0,0.3,0,NA,0,0,0,0,0,0,NA,0,0,0,NA,0,0,0,0,0,NA,0,0,0,0,0,0,0,0,NA,0,0,NA,NA,0,0,0,NA,0,0,NA,0.1,NA,NA,NA
"240",2019-12-12,2019,"winter","NDC","slough","FB250",196,99,12,0.7,1.2,0.1,NA,0,0,0,0,0,0,NA,0,0,0,NA,0,0,0,0,0,NA,0,0,0,0,0,0,0,0,NA,0,0,NA,NA,0,0,0,NA,0,0,NA,0,NA,NA,NA
"241",2019-12-12,2019,"winter","NEC","slough","FB250",196,99,23,0.1,0.4,0,NA,0,0,0,0,0,0,NA,0,0,0,NA,0,0,0,0,0,NA,0,0,0,0,0,0,0,0,NA,0,0,NA,NA,0,0.1,0,NA,0,0,NA,0,NA,NA,NA
"242",2019-12-12,2019,"winter","NMC","slough","FB250",196,99,21,0.4,0.9,0,NA,0.1,0,0,0,0,0,NA,0,0,0,NA,0,0,0,0,0,NA,0,0,0,0,0,0,0,0,NA,0,0,NA,NA,0,1.1,0,NA,0,0,NA,0,NA,NA,NA
"243",2019-12-12,2019,"winter","NPB","slough","FB250",196,99,21,4,0.5,0,NA,0,0,0,0,0,0,NA,0,0,0,NA,0,0,0,0,0,NA,0,0,0,0,0,0,0,0,NA,0,0,NA,NA,0,0,0,NA,0,0,NA,0,NA,NA,NA
"244",2019-12-12,2019,"winter","NWP","slough","FB250",196,99,14,0.3,2.3,0,NA,0.1,0,0,0,0,0,NA,0,0,0,NA,0,0,0,0,0,NA,0,0,0,0,0,0,0,0,NA,0,0,NA,NA,0,0,0,NA,0,0,NA,0,NA,NA,NA
"245",2019-01-27,2019,"winter","VWCB6","pool","FB250",196,99,1,5.7,19.1,0,NA,22.1,0,0,0,0,0,NA,0,0,0,NA,0,0,0,0,0,NA,0,0,0,0.3,0,0,0,0,NA,0,0,NA,NA,0,0,0,NA,0,0,NA,0,NA,NA,NA
"246",2019-01-27,2019,"winter","VDSN","pool","FB250",196,99,2,17.6,222.1,0,NA,70.9,0,0,0,0,1.5,NA,0,0,0,NA,0,0,0,0,0,NA,0,0,0,0,0,0,0,0,NA,0,0,NA,NA,0.1,0,0,NA,0,0,NA,0,NA,NA,NA
"247",2019-01-28,2019,"winter","VP1","pool","FB250",196,99,4,0.8,39.1,0,NA,0.9,0,0,0,0,0.3,NA,0,0,0.1,NA,0,0,0,0,0,NA,0,0,0,0,0,0,0,0,NA,0,0,NA,NA,0,0,0,NA,0,0,NA,0.4,NA,NA,NA
"248",2019-02-08,2019,"winter","VNVP10","pool","FB250",196,99,3,10,25.2,0,NA,98.7,0,0,0,0,0,NA,0,0,0,NA,0,0,0,0,0,NA,0,0,0,0,0,0,0,0,NA,0,0,NA,NA,0,0,0,NA,0,0,NA,0,NA,NA,NA
"249",2019-02-11,2019,"winter","VCC7","pool","FB250",196,99,2,2.5,6.9,0,NA,26,0,0,0,0,0,NA,0,0,0,NA,0,0,0,0,0,NA,0,0,0,0,0,0,0,0,NA,0,0,NA,NA,0,0,0,NA,0,0,NA,0,NA,NA,NA
"250",2019-02-11,2019,"winter","VM3","pool","FB250",196,99,3,23.2,12,0,NA,45.7,0,0,0,0,0,NA,0,0,0,NA,0,0,0,0,0,NA,0,0,0,0,0,0,0,0,NA,0,0,NA,NA,0,0,0,NA,0,0,NA,0,NA,NA,NA
"251",2019-02-11,2019,"winter","VM7","pool","FB250",196,99,3,8,12.7,0,NA,94.4,0,0,0,0,0.1,NA,0,0,0,NA,0,0,0,0,0,NA,0,0,0,0,0,0,0,0,NA,0,0,NA,NA,0,0,0,NA,0,0,NA,0,NA,NA,NA
"252",2019-02-11,2019,"winter","VOW1","pool","FB250",196,99,2,123.1,11.9,0,NA,102.4,0,0,0,0,0,NA,0,0,0,NA,0,0,0,0,0,NA,0,0,0,0,0,0,0,0,NA,0,0,NA,NA,0,0,0,NA,0,0.1,NA,0,NA,NA,NA
"253",2019-03-07,2019,"spring","VMMesa","pool","FB250",196,124,1,56,6.3,0,NA,94.5,0.1,0,0,0,0,NA,0,0,0,NA,0,0,0,0,0,NA,0,0,0,1.6,0,0,0,0,NA,0,0,NA,NA,0,0,0,NA,0,0,NA,0,NA,NA,NA
"254",2019-03-13,2019,"spring","VP1","pool","FB250",196,124,4,7.6,34.4,0,NA,90.8,0,0,0,0,0,NA,0,0,0,NA,0,0,0,0,0,NA,0,0,0,0,0,0,0,0,NA,0,0,NA,NA,0,0,0,NA,0,0,NA,0,NA,NA,NA
"255",2019-04-08,2019,"spring","VNVP10","pool","FB250",196,124,3,2.9,0,0,NA,0.8,0,0,0,0,0,NA,0,0,0,NA,0,0,0.1,0,0,NA,2.1,0.1,0.3,0,0,0,0,0.3,NA,0,0,NA,NA,0,0.8,0.1,NA,3.9,0,NA,0,NA,NA,NA
"256",2019-04-08,2019,"spring","VP1","pool","FB250",196,124,4,102.7,114.1,0.1,NA,495.1,0,0,0,0,0,NA,0,0,0,NA,0,0,0,0,0,NA,0,0,0,0,0,0,0,0,NA,0,0,NA,NA,0,0,0,NA,0,0,NA,0.1,NA,NA,NA
"257",2019-04-08,2019,"spring","VOW1","pool","FB250",196,124,2,4,11.7,0,NA,77.3,0,0,0,0,0,NA,0,0,0,NA,0,0,0,0,0,NA,0,0,0,0,0,0,0,0,NA,0,0,NA,NA,0,0,0,NA,0,0,NA,0,NA,NA,NA
"258",2019-04-10,2019,"spring","VCC7","pool","FB250",196,124,2,104.7,96,0,NA,666.7,0,0,0,0,0,NA,0,0,0,NA,0.4,0,0,0,0,NA,0,0,0,1.9,0,0,0,0,NA,0,0,NA,NA,0,0.3,0,NA,0.3,0,NA,0,NA,NA,NA
"259",2019-04-10,2019,"spring","VDSN","pool","FB250",196,124,2,281.6,28.8,0,NA,0,0,0,0,0,25.6,NA,0,0.1,0,NA,0.1,0,0,0,0,NA,0,0,0,3.7,0,0,0,2.4,NA,0,0,NA,NA,0,0,0,NA,0,0,NA,0,NA,NA,NA
"260",2019-04-15,2019,"spring","VM3","pool","FB250",196,124,3,92.9,8.4,0,NA,589.1,0,0,0,0,0.3,NA,0,0,0,NA,0.8,0,0,0,0,NA,0,0,0,0,0,0,0,0,NA,0,0,NA,NA,0,0,0,NA,0,0.1,NA,0,NA,NA,NA
"261",2019-04-15,2019,"spring","VM7","pool","FB250",196,124,3,26.5,29.2,0,NA,0,0,0,0,0,4.1,NA,0,0,0,NA,0,0,0,0,0,NA,0,0,0,0.1,0,0,0,1.5,NA,0,0,NA,NA,0,0,0,NA,0,0,NA,0,NA,NA,NA
"262",2019-05-01,2019,"spring","VNVP10","pool","FB250",196,124,3,3.7,0,0,NA,5.1,0,0,0,0,0,NA,0,0.3,0,NA,0,0,0,0,0,NA,0,0,0,0,0,0,0,0,NA,0,0,NA,NA,0,0,0,NA,0,0,NA,0,NA,NA,NA
"263",2019-05-02,2019,"spring","VM3","pool","FB250",196,124,3,0,0,0,NA,0.4,0,0,0,0,0,NA,0,0,0,NA,0,0,0,0,0,NA,0,0,0,0,0,0,0,0,NA,0,0,NA,NA,0,0,0,NA,0,0,NA,0,NA,NA,NA
"264",2019-05-02,2019,"spring","VM7","pool","FB250",196,124,3,501.3,501.3,0,NA,0,0,0,2.1,0,549.3,NA,0,0,0,NA,0,0,0,0,0,NA,0,0,0,0,0,0,0,10.7,NA,0,0,NA,NA,0,0,0,NA,0,24.5,NA,0,NA,NA,NA
"265",2019-10-18,2019,"fall","PIER","slough","FB250",196,65,8,2.3,0,0,NA,0,0,0,0,0,0.3,NA,0,0,0,NA,0.9,0,0,0,0,NA,0,0,0,0,0,0,0,0,NA,0,0,NA,NA,0,0.5,0,NA,0,0,NA,0,NA,NA,NA
"266",2019-10-25,2019,"fall","PIER","slough","FB250",196,65,8,8.4,0.7,0,NA,0,0,0,0,0,0,NA,0,0,0,NA,0,0,0,0,0,NA,0,0,0,0,0,0,0,0,NA,0,0,NA,NA,0,1.1,0,NA,0,0,NA,0,NA,NA,NA
"267",2019-11-21,2019,"fall","PIER","slough","FB250",196,65,8,0.1,0,0,NA,0,0,0,0,0,0,NA,0,0,0,NA,0,0,0,0,0,NA,0,0,0,0,0,0,0,0,NA,0,0,NA,NA,0,1.6,0,NA,0,0,NA,0,NA,NA,NA
"268",2019-11-25,2019,"fall","NPB1","slough","FB250",196,65,3,0,18.3,26.9,NA,16,0,0,0.1,0,0,NA,0,0,0,NA,0,0,0,0,0,NA,0,0,0,0.3,0,0,0,0.1,NA,0,0,NA,NA,0,0,0,NA,0,0,NA,0,NA,NA,NA
"269",2019-11-25,2019,"fall","NPB2","slough","FB250",196,65,6,3.2,0,0.4,NA,0,0,0,0,0,0,NA,0,0,0,NA,0,0,0,0,0,NA,0,0,0,0,0,0,0,0,NA,0,0,NA,NA,0,0,0,NA,0,0,NA,0.4,NA,NA,NA
"270",2019-12-11,2019,"winter","PIER","slough","FB250",196,99,8,0.1,0.3,0,NA,0,0,0,0,0,0,NA,0,0,0,NA,0,0,0,0,0,NA,0,0,0,0,0,0,0,0,NA,0,0,NA,NA,0,2,0,NA,0,0.1,NA,0,NA,NA,NA
"271",2019-01-27,2019,"winter","VWCB6","pool","SW1",196,99,1,0.08,0.03,0,NA,1.9,0,0,0,0,0.02,NA,0,0,0,NA,0,0,0,0,0,NA,0,0,0,0,0,0,0,0,NA,0,0,NA,NA,0,0,0,NA,0,0,NA,0,NA,NA,NA
"272",2019-01-27,2019,"winter","VDSN","pool","SW1",196,99,1,0,0,0,NA,0.15,0,0,0,0,0,NA,0,0,0,NA,0,0,0,0,0,NA,0,0,0,0,0,0,0,0,NA,0,0,NA,NA,0,0,0,NA,0,0,NA,0,NA,NA,NA
"273",2019-01-28,2019,"winter","VP1","pool","SW1",196,99,4,0.39,0.08,0,NA,0.02,0,0,0,0,0.01,NA,0,0,0,NA,0,0,0,0,0,NA,0,0,0,0,0,0,0,0,NA,0,0,NA,NA,0,0,0,NA,0,0.04,NA,0,NA,NA,NA
"274",2019-01-30,2019,"winter","NVP4","pool","SW1",196,99,3,0.44,0,0,NA,6.27,0,0,0,0,0,NA,0,0,0,NA,0,0,0,0,0,NA,0,0,0,0.04,0,0,0,0,NA,0,0,NA,NA,0,0,0,NA,0,0,NA,0,NA,NA,NA
"275",2019-02-06,2019,"winter","DSP","pool","SW1",196,99,2,0.02,0,0,NA,0.01,0,0,0.01,0,0,NA,0,0,0,NA,0,0,0,0,0,NA,0,0,0,0,0.01,0,0,0.08,NA,0,0,NA,NA,0,0,0,NA,0,0,NA,0,NA,NA,NA
"276",2019-02-07,2019,"winter","NVP2","pool","SW1",196,99,2,0.63,0,0,NA,2.53,0,0,0,0,0,NA,0,0,0,NA,0,0,0,0,0,NA,0,0,0,0,0,0,0,0,NA,0,0,NA,NA,0,0,0,NA,0,0,NA,0,NA,NA,NA
"277",2019-02-08,2019,"winter","VNVP10","pool","SW1",196,99,3,2.27,0.01,0,NA,0.96,0,0,0,0,0,NA,0,0,0,NA,0,0,0,0,0,NA,0,0,0,0,0,0,0,0,NA,0,0,NA,NA,0,0,0,NA,0,0,NA,0,NA,NA,NA
"278",2019-02-11,2019,"winter","VCC7","pool","SW1",196,99,1,2.37,1.62,0,NA,0,0,0,0,0,0,NA,0,0,0,NA,0,0.01,0,0,0,NA,0,0,0,0.01,0,0,0,0,NA,0,0,NA,NA,0,0,0,NA,0,0,NA,0.01,NA,NA,NA
"279",2019-02-11,2019,"winter","VM3","pool","SW1",196,99,2,4.43,0,0,NA,3.11,0,0,0,0,0,NA,0,0,0,NA,0,0,0,0,0.01,NA,0,0,0,0,0,0,0,0,NA,0,0,NA,NA,0,0,0,NA,0,0,NA,0,NA,NA,NA
"280",2019-02-11,2019,"winter","VM7","pool","SW1",196,99,2,2.21,0.02,0,NA,1.17,0,0,0,0,0,NA,0,0,0,NA,0,0,0,0,0,NA,0,0,0,0.02,0,0.01,0,0,NA,0,0,NA,NA,0,0,0,NA,0,0,NA,0.02,NA,NA,NA
"281",2019-02-11,2019,"winter","VOW1","pool","SW1",196,99,2,4.03,0.07,0,NA,4.73,0,0,0,0,0,NA,0,0,0,NA,0,0,0,0,0,NA,0,0,0,0,0,0,0,0,NA,0,0,NA,NA,0,0,0,NA,0,0,NA,0,NA,NA,NA
"282",2019-03-07,2019,"spring","VMMesa","pool","SW1",196,124,1,5.17,1.79,0,NA,1.16,0.04,0,0,0,0.04,NA,0,0,0,NA,0.01,0,0,0,0,NA,0,0,0,0.06,0,0,0,0.01,NA,0,0,NA,NA,0,0,0,NA,0,0.01,NA,0,NA,NA,NA
"283",2019-03-13,2019,"spring","DSP","pool","SW1",196,124,2,0.18,0.2,0,NA,0.71,0,0,0.01,0,0,NA,0,0,0,NA,0.03,0,0,0,0,NA,0.01,0,0,0,0,0,0,0,NA,0,0,NA,NA,0,0.02,0,NA,0,0,NA,0.09,NA,NA,NA
"284",2019-03-13,2019,"spring","VP1","pool","SW1",196,124,4,2.1,0.02,0,NA,4.8,0,0,0,0,0,NA,0,0.01,0,NA,0,0,0,0,0,NA,0.09,0,0.01,0,0,0,0,0,NA,0,0,NA,NA,0,0.01,0,NA,0.01,0,NA,0.07,NA,NA,NA
"285",2019-03-14,2019,"spring","NVP4","pool","SW1",196,124,3,0.65,0.02,0,NA,4.36,0,0,0,0,0,NA,0,0,0,NA,0,0,0,0,0,NA,0,0,0,0,0,0,0,0,NA,0,0,NA,NA,0,0,0,NA,0,0,NA,0,NA,NA,NA
"286",2019-04-08,2019,"spring","VNVP10","pool","SW1",196,124,3,0.25,0.3,0,NA,11.33,0,0.01,0,0,0,NA,0,0,0,NA,0,0,0,0,0,NA,0,0,0,0,0,0,0,0,NA,0,0,NA,NA,0,0,0,NA,0,0,NA,0,NA,NA,NA
"287",2019-04-08,2019,"spring","VP1","pool","SW1",196,124,4,6.14,0.03,0,NA,0.71,0,0,0,0,0,NA,0,0,0,NA,0,0,0,0,0,NA,0.02,0,0,0,0,0,0,0,NA,0,0,NA,NA,0,0.03,0,NA,0,0,NA,0.01,NA,NA,NA
"288",2019-04-08,2019,"spring","VOW1","pool","SW1",196,124,2,3,0,0,NA,0.02,0,0,0,0,0,NA,0,0.06,0,NA,0,0,0,0,0,NA,0,0,0,0,0,0,0,0,NA,0,0,NA,NA,0,0,0,NA,0,0,NA,0,NA,NA,NA
"289",2019-04-15,2019,"spring","VM3","pool","SW1",196,124,2,3,0.02,0,NA,1.07,0,0,0,0,0,NA,0,0,0,NA,0.02,0,0,0,0,NA,0,0,0,0,0,0,0,0,NA,0,0,NA,NA,0,0,0,NA,0,0,NA,0,NA,NA,NA
"290",2019-04-15,2019,"spring","VM7","pool","SW1",196,124,2,0.11,0.01,0,NA,0.32,0,0,0,0,0,NA,0,0,0,NA,0,0,0,0,0,NA,0.01,0,0,0,0,0.01,0,0.08,NA,0,0,NA,NA,0,0,0,NA,0,0,NA,0,NA,NA,NA
"291",2019-05-01,2019,"spring","VNVP10","pool","SW1",196,124,3,0.02,0,0,NA,0.28,0,0,0,0,0,NA,0,0,0,NA,0,0,0,0,0,NA,0,0,0,0.03,0,0,0,0,NA,0,0,NA,NA,0,0.19,0.11,NA,0,0,NA,0,NA,NA,NA
"292",2019-05-01,2019,"spring","NVP2","pool","SW1",196,124,2,0.03,0,0,NA,4.49,0,0,0,0,0,NA,0,0,0,NA,0,0,0,0,0,NA,0,0,0,0,0,0,0,0,NA,0,0,NA,NA,0,0.37,0.01,NA,0,0,NA,0,NA,NA,NA
"293",2019-05-01,2019,"spring","NVP4","pool","SW1",196,124,3,0.01,0.01,0,NA,0.58,0,0,0,0,0,NA,0,0,0,NA,0,0,0,0,0,NA,0,0,0,0,0,0,0,0,NA,0,0,NA,NA,0,0.05,0,NA,0,0,NA,0,NA,NA,NA
"294",2019-05-03,2019,"spring","VP1","pool","SW1",196,124,4,0.5,0.01,0,NA,0.46,0,0,0,0,0,NA,0,0,0,NA,0.05,0,0,0,0,NA,0.01,0,0,0.01,0,0,0,0,NA,0,0,NA,NA,0,0.01,0,NA,0.04,0.04,NA,0,NA,NA,NA
"295",2020-01-15,2020,"winter","CUL1","slough","FB250",7,99,22,0.4,55.0666666666667,0,0,0,0,0,0,0,0,0,0,0,0,0,0,0,0,0,0,NA,0,0,0,0,0,0,0,0,0,0,0,0,0,0,0,0,0,0,0,0,0,0,0,0
"296",2020-01-21,2020,"winter","NDC","slough","FB250",7,99,12,1.06666666666667,21.4666666666667,0,0,0,0,0,0,0,0,0,0,0,0,0,0,0,0,0,0,NA,0,0,0,0,0,0,0,0,0,0,0,0,0,0,0,0,0,0,0,0,0,0,0,0
"297",2020-01-21,2020,"winter","NDC","slough","FB250",7,99,12,1.33333333333333,21.7333333333333,0,0,0.533333333333333,0,0,0,0,0,0,0,0,0,0,0,0,0,0,0,NA,0,0,0,0,0,0,0,0,0,0,0,0,0,0,0,0,0,0,0,0,0,0,0,0
"298",2020-02-19,2020,"winter","PIER","slough","FB250",7,99,8,3.73333333333333,921.6,0,0,0.666666666666667,0,0,0,0,0,0,0,0,0,0,0,0,0,0,0,NA,0,0,0,0,0,0,0,0,0,0,0,0,0,0,0,0,0,0,0,0,0,0,0,0
"299",2020-02-21,2020,"winter","NVBR","slough","FB250",7,99,23,4.8,966.533333333333,0,0,264.266666666667,0,0,0,0,0,0,0,0,0,0,0,0,0,0,0,NA,0,0,0,0,0,0,0,0,0,0,0,0,0,0,0.4,0,0,0,0,0,0,0,0,0
"300",2020-02-27,2020,"winter","VBR1","slough","FB250",7,99,16,0,7.46666666666667,0,0,0,0,0,0,0,0,0,0,0,0,0,0,0,0,0,0,NA,0,0,0,0,0,0,0,0,0,0,0,0,0,0,0,0,0,0,0,0,0,0,0,0
"301",2020-02-27,2020,"winter","MO1","slough","FB250",7,99,25,27.3333333333333,666.666666666667,0,0,1.46666666666667,0,0,0,0,0,0,0,0,0,0,0,0,0,0,0,NA,0,0,0,1.06666666666667,0,0,0,0,0,0,0,0,0,0,3.06666666666667,0,0,0,0,0,0,0,0,0
"302",2021-04-15,2021,"spring","NPB","slough","FB250",12,124,21,184.666666666667,53.3333333333333,0,0,3.33333333333333,0,0,3.2,0,0.266666666666667,0,0,0,0,0,0,0,0,0,0,NA,0,0,0,1.73333333333333,0,0,0,0,0,0,0,0,0,0,45.6,0,0,0,0.266666666666667,0,0,0.133333333333333,0.133333333333333,0
"303",2021-05-21,2021,"spring","MO1","slough","FB250",12,124,25,0,0,0,0,0,0,0,0,0,0,0,0,0,0,0,0,0,0,0,0,NA,0,0,0,0,0,0,0,0,0,0,0,0,0,0,0,0,0,0,0,0,0,0,0,0
"304",2021-09-01,2021,"fall","NPB2","slough","FB250",12,65,6,0,0.4,0.133333333333333,0,0.266666666666667,0,0,0,0,0,0,0,0,0,0,0,0,0,0,0,NA,0,0,0,0,0,0,0,34.6666666666667,0,0,0.533333333333333,0,0,0,0,0,0,0,10.8,0,0,0,0,0
"305",2021-09-23,2021,"fall","MO1","slough","FB250",12,65,25,0,0,0,0,0,0,0,0,0,0,0,0,0,0,0,0,0,0,0,0,NA,0,0,0,0,0,0,0,0,0,0,0,0,0,0,0,0,0,0,0,0,0,0,0,0
"306",2021-11-12,2021,"fall","NPB","slough","FB250",12,65,21,79.2,0,0,0,0,0,0,0,0,0,0.133333333333333,0,0,0,0,0,0,0,0,0,NA,0,0,0,0,0.133333333333333,0,0,0,0.266666666666667,0,0,0,0,0,0,0,0,0,0,0,0,0,0,0.4
"307",2021-11-16,2021,"fall","NPB","slough","FB250",12,65,21,72.1333333333333,0.533333333333333,0,0,0,0,0,0,0,0,0,0,0,0,0,0,0,0,0,0,NA,0,0,0,0,0,0,0,0,0.266666666666667,0,0,0,0,0,0,0,0,0,0,0,0,0,0,2.93333333333333
"308",2021-11-17,2021,"fall","CUL1","slough","FB250",12,65,22,0,17.7333333333333,0,0,0,0,0,0.266666666666667,0,0,0,0,0,0,0,0,0,0,0,0,NA,0,0,0,0.266666666666667,0,10.2666666666667,0,0,0.133333333333333,0,0,0,0,0,22.5333333333333,0,0,0,0,0,0,0,13.7333333333333,0
"309",2021-11-19,2021,"fall","MO1","slough","FB250",12,65,25,0,0,0,0,0,0,0,0,0,0,0,0,0,0,0,0,0,0,0,0,NA,0,0,0,0.266666666666667,0,0,0,0,0,0,0,0,0,0,0,0,0,0,0,0,0,0,0,0
"310",2021-11-23,2021,"fall","NPB2","slough","FB250",12,65,6,0,0,4.26666666666667,0,0.133333333333333,0,0,0,0,0,0,0,0,0,0,0,0,0,0,0,NA,0,0,0,0,0,0,0,0.266666666666667,0,0,0,0,0,0,0,0,0,0,0,0,0,0,0,0
"311",2021-11-23,2021,"fall","NPB2","slough","FB250",12,65,6,0.266666666666667,6.93333333333333,0.8,0,0.533333333333333,0,0,0.133333333333333,0,0,0,0,0,0,0,0,0,0,0,0,NA,0,0,0,0.133333333333333,0,0,0,2.26666666666667,0,0,0,0,0,0,0.266666666666667,0,0,0,0.533333333333333,0,0,0,0,2.26666666666667
"312",2022-01-14,2022,"winter","VP1","pool","FB250",30,99,4,1.86666666666667,21.6,0,0,3.2,0,0,0,0,0,0,0,0.4,0,0,0,0,0,0,0,NA,0,0,0,1.06666666666667,0,0,0,0.266666666666667,0,0,0,0,0,0,0,0,0,0,2.53333333333333,0,0,4.66666666666667,0,1.06666666666667
"313",2022-01-20,2022,"winter","NVP4","pool","FB250",30,99,6,2.8,4.13333333333333,0,0,318.666666666667,0,0,0,0,0,0,0,0,0,0,0,0,0,0,0,NA,0,0,0,0,0,0,0,0,0,0,0,0,0,0,0,0,0,0,0,0,0,0,0,0
"314",2022-01-20,2022,"winter","NVP4","pool","FB250",30,99,6,24.8,3.6,0,0,460.8,0,0,0,0,0,0,0,0,0,0,0,0,0,0,0,NA,0,0,0,0,0,0,0,0,0,0,0,0,0,0,0,0,0,0,0,0,0,0,0,0
"315",2022-01-21,2022,"winter","NEC","slough","FB250",30,99,23,0,98,0,0,0,0,0,0,0,0,0,0,0,0,0,0,0,0,0,0,NA,0,0,0,0,0,0,0,0,0,0,0,0,0,0,0.133333333333333,0,0,0,0,0,0,0,0,0
"316",2022-01-24,2022,"winter","NEC","slough","FB250",30,99,23,0.133333333333333,52.2666666666667,0,0,0,0,0,0,0,0,0,0,0,0,0,0,0,0,0,0,NA,0,0,0,0,0,0,0,0,0,0,0,0,0,0,0.133333333333333,0,0,0,0,0,0,0,0,0
"317",2022-01-28,2022,"winter","NWP","slough","CORE",30,99,7,0.266666666666667,0,0,0,0,0,0,0,0,0,0,0,0,0,0,0,0,0,0,0,NA,0,0,0,0,0,0,0,0,0,0,0,0,0,0,0,0,0,0,0,0,0,0,0,0
"318",2022-01-28,2022,"winter","NWP","slough","FB250",30,99,14,21.0666666666667,17.4666666666667,0,0,921.2,0,0,0,0,0,0,0,0,0,0,0,0,0,0,0,NA,0,0,0,0,0,0,0,0.133333333333333,0,0,0,0,0,0,0,0,0,0,0,0,0,0,0.133333333333333,0
"319",2022-02-21,2022,"winter","NPB","slough","FB250",30,99,21,1.33333333333333,23.4666666666667,0,0,3.2,0,0,0,0,0,0,0,0,0,0,0,0,0,0,0,NA,0,0,0,0,0,0,0,0,0,0,0,0,0,0,0,0,0,0,0,0,0,0,0,0.266666666666667
"320",2022-02-22,2022,"winter","CUL1","slough","FB250",30,99,22,0,81.6,0,0,0,0,0,0,0,0,0,0,0,0,0,0,0,0,0,0.133333333333333,NA,0,0,0.133333333333333,0,0.8,0.266666666666667,0,0,0,0,0,0,0,0,0,0,0,0,0,0,0,0,0,1.06666666666667
"321",2022-02-23,2022,"winter","NVBR","slough","FB250",30,99,23,0,367.733333333333,0,0,0,0,0,4.4,0,0,0,0,0,0,0,0,0,0,0,0,NA,0,0,0,0,0.4,0,0,0,0,0,0,0,0,0,0,0,0,0,0,0,0,0,0,0
"322",2022-02-23,2022,"winter","NPB1","slough","FB250",30,99,3,0,20.8,0,0,0.133333333333333,0,0,0,0,0,0,0,0,0,0,0,0,0,0,0,NA,0,0,0,0,0,0,0,0,0,0,0,0,0,0,0,0,0,0,0.533333333333333,0,0.266666666666667,0,0,0
"323",2022-02-25,2022,"winter","NEC","slough","FB250",30,99,23,0,52.2666666666667,0,0,0,0,0,0,0,0,0,0,0,0,0,0,0,0,0,0,NA,0,0,0,0,0,0,0,0,0,0,0,0,0,0,0,0,0,0,0,0,0,0,0,0
"324",2022-02-26,2022,"winter","PIER","slough","FB250",30,99,8,0,202.533333333333,0,0,0.133333333333333,0,0,0.133333333333333,0,0,0,0,0,0,0,0,0,0,0,0,NA,0,0,0,0,0.133333333333333,0,0,0,0,0,0,0,0,0,0,0,0,0,0,0,0,0,0,0
"325",2022-02-26,2022,"winter","PIER","slough","CORE",30,99,2,0.133333333333333,0,0,0,0,0,0,0,0,0,0,0,0,0,0,0,0,0,0,0,NA,0,0,0,0,0,0,0,0,0,0,0,0,0,0,0,0,0,0,0,0,0,0,0.133333333333333,0
"326",2022-05-05,2022,"spring","NEC","slough","FB250",30,124,23,0.266666666666667,8.4,0,0,0,0,0,0,0,0,0,0,0,0,0,0,0,0,0,0,NA,0,0,0,0,0,0,0,0,0,0,0,0,0,0,0.933333333333333,0,0,0,0,0,0,0,0,0.133333333333333
"327",2022-05-06,2022,"spring","NMC","slough","FB250",30,124,21,0,0.266666666666667,0,0,0,0,0,0,0,0,0,0,0,0,0,0,0,0,0,0,NA,0,0,0,0,0,0,0,0,0,0,0,0,0,0,0,0,0,0,0,0,0,0,0,0
"328",2022-05-10,2022,"spring","MO1","slough","FB250",30,124,25,0.133333333333333,1.2,0,0,0,0,0,0,0,0,0,0,0,0,0,0,0,0,0,0,NA,0,0,0,0,0,0,0,0,0,0,0,0,0,0,0,0,0,0,0,0,0,0,0,0
"329",2022-05-11,2022,"spring","NDC","slough","FB250",30,124,12,0,0.133333333333333,0,0,0.133333333333333,0,0,0,0,0,0,0,0,0,0,0,0,0,0,0,NA,0,0,0,0,0,0,0,0,0,0,0,0,0,0,0,0,0,0,0,0,0,0,0,0
"330",2022-05-11,2022,"spring","NWP","slough","FB250",30,124,14,0,0,0,0,0,0,0,0,0,0,0,0,0,0,0,0,0,0,0,0,NA,0,0,0,0,0,0,0,0,0,0,0,0,0,0,0,0,0,0,0,0,0,0,0,0
"331",2022-05-12,2022,"spring","NPB2","slough","FB250",30,124,6,1198,32.4,0,0,0,0,0,0,0,0,0,0,0,0,0,0,0,0,0,0,NA,0,0,0,0,0,0,0,0,0,0,0,0,0,0,0,0,0,0,0,0,0,0,0,0.133333333333333
"332",2022-05-12,2022,"spring","NPB","slough","FB250",30,124,21,1.06666666666667,7.86666666666667,0,0,0.666666666666667,0,0,0.133333333333333,0,0,0,0,0.4,0,0,0.533333333333333,0,0,0,0,NA,0,0,0,0.133333333333333,0,0,0,0,0,0,0,0,0,0,1.46666666666667,4.66666666666667,0,0,0,0,0,0,0,0
"333",2022-05-13,2022,"spring","NVBR","slough","FB250",30,124,23,0,2.4,0,0.133333333333333,0,0,0,0,0,0,0,0,0,0,0,0,0,0,0,0,NA,0,0,0,0,0,0,0,0,0,0,0,0,0,0,0.133333333333333,0,0,0,0,0,0,0,0.266666666666667,0
"334",2022-08-09,2022,"summer","PIER","slough","FB250",30,55,8,0.133333333333333,0.533333333333333,0.133333333333333,0,0.266666666666667,0,0,0,0,0,0,0,0,0,0,0,0,0,0,0,NA,0,0,0,0.133333333333333,0,0.266666666666667,0,0,0,0,0,0,0,0,0,0,0,0,0,0,0,0,0,0
"335",2022-08-12,2022,"summer","NEC","slough","FB250",30,55,23,0,0.8,0,0,0,0,0,0,0,0,0,0,0,0,0,0,0,0,0,0,NA,0,0,0,0,0.133333333333333,0.933333333333333,0,0,0.266666666666667,0,0,0,0,0,0.4,0,0,0,0,0,0,0,0,0.133333333333333
"336",2022-08-15,2022,"summer","NEC","slough","FB250",30,55,23,0.133333333333333,0,0,0,0,0,0,0,0,0,0,0,0,0,0,0,0,0,0,0,NA,0,0,0,0,0,0.666666666666667,0,0,0,0,0,0,0,0,0,0,0,0,0,0,0,0,0,0
"337",2022-08-18,2022,"summer","CUL1","slough","FB250",30,55,22,0,0.133333333333333,0,0,0.4,0,0,0,0,0,0,0,0,0,0,0,0,0,0,0,NA,0,0,0,0.133333333333333,1.46666666666667,18.8,0,0,1.46666666666667,0,0,0,0,0,28.9333333333333,0,0,0,0,0,0,0,0,8.26666666666667
"338",2022-08-26,2022,"summer","MO1","slough","FB250",30,55,25,0,0,0,0,0.266666666666667,0,0,0,0,0,0,0,0,0,0,0,0,0,0,0,NA,0,0,0,0,0,0.133333333333333,0,0,0,0,0,0,0,0,0,0,0,0,0,0,0,0,0,0
"339",2022-11-11,2022,"fall","PIER","slough","FB250",30,65,8,0.133333333333333,0.4,0,0,0.133333333333333,0,0,0,0,0,0,0,0,0,0,0.133333333333333,0,0,0,0.133333333333333,NA,0,0,0,0,0.133333333333333,0,0,0,0,0,0,0,0,0,0,0,0,0,0,0,0,0,0.266666666666667,0
"340",2022-11-19,2022,"fall","NPB1","slough","FB250",30,65,3,2,0.266666666666667,0,0,0,0,0,0,0,0,0,0,0,0,0,0,0,0,0,0,NA,0,0,0,0,0.133333333333333,0.133333333333333,0,0,0,0,0,0,0,0,0,0,0,0,0,0,0,0,0,0
"341",2021-09-29,2021,"fall","CUL1","slough","FB250",12,65,22,0,0,0,0,0,0,0,0,0,0,0,0,0,0,0,0,0,0,0,0,NA,0,0,0,0,0,29.0666666666667,0,0,3.2,0,0,0,0,0,1.86666666666667,0,0,0,0,0,0,0,0,9.2
"342",2022-01-28,2022,"winter","NWP","slough","CORE",30,99,7,0,0,0,0,0,0,0,0,0,0,0,0,0,0,0,0,0,0,0,0,NA,0,0,0,0,0,0,0,0,0,0,0,0,0,0,0,0,0,0,0,0,0,0,0,0
"343",2021-09-01,2021,"fall","NPB2","slough","FB250",12,65,6,0,0.4,0.133333333333333,0,0.4,0,0,0,0,0,0,0,0,0,0,0.666666666666667,0,0,0,0,NA,0,0,0,0,0,0,0,34.6666666666667,0,0,0.533333333333333,0,0,0,0,0,0,0,10.8,0,0,0,0,0.266666666666667
