TestId,ESVId,sequence,Kingdom,Phylum,Class,Order,Family,Genus,Species,% match,# species,S034210,S034179,S034171,S034170,S034148,CVI9JR2K,S034202,S034155,S034158,S034149,S034205,S034169,S034208,S034195,S034191,S034173,S034168,S034127,S034138,S034128,S034174,S034214,S034150,S034166,S034187,S034147
ArthCOI,ESV_025162,GGCTTGAGCTGGAATAATTGGTACTTCATTAAGTATTCTTATTCGAGCAGAATTAAGTCAACCTGGAGTATTTATTGGAAATGATCAAATTTATAATGTTATTGTAACTGCTCATGCTTTTATTATAATTTTTTTTATAGTTATACCTATTATAATT,Eukaryota,Arthropoda,Insecta,Diptera,Culicidae,Culex,Culex tarsalis,100,1,0,0,0,0,17762,0,0,0,0,0,0,0,0,0,0,0,0,0,0,0,0,0,0,0,0,0
ArthCOI,ESV_025160,GGGTGTAGCTGGAATTGCGGGAACAACTTTATCTGTTCTAATTCGATTGGAACTAGCTCAACCCGGAAATCAGTTTTTATCTGGTAATAATCAATTATATAATGTTATTGTGACAGGACATGCATTCATTATGATATTTTTTTTTGTAATGCCCGTTCTGATT,Eukaryota,unk_phylum,Eustigmatophyceae,Eustigmatales,Monodopsidaceae,Nannochloropsis,,86.5,2,0,0,6860,0,0,189,0,0,0,0,0,0,0,0,0,0,0,0,0,0,0,0,0,0,0,0
ArthCOI,ESV_000372,AGCAATTTCAGGAGTTGCTGGTACTGCTTTATCTTTATATATTCGAATAACACTAGCACAGCCTAACGGTAGTTTTTTAGAGTATAATCATCATCTATATAACGTTATTGTTACGGGTCATGCTATATTAATGATTTTTTTCATGGTAATGCCAACTCTGATT,Eukaryota,Bacillariophyta,Coscinodiscophyceae,Thalassiosirales,Thalassiosiraceae,Thalassiosira,Thalassiosira pseudonana,100,1,0,0,0,0,0,6035,0,0,0,0,0,0,0,0,0,0,0,0,0,0,0,0,0,0,0,0
ArthCOI,ESV_011057,AGCATGATCAGGAATAGTAGGAACTTCTTTAAGAATTTTAATTCGAGCTGAACTAGGACACCCTGGAGCATTAATTGGTGATGACCAGATTTATAATGTTATTGTTACTGCTCATGCTTTTATTATGATTTTTTTTATAGTAATACCTATTATAATT,Eukaryota,Arthropoda,Insecta,Diptera,,,,95.5,15,0,5706,0,0,0,0,0,0,0,0,0,0,0,0,0,0,0,0,0,0,0,0,0,0,0,0
ArthCOI,ESV_025161,AGCTATAGCTGGAGTTGCGGGAACAACTTTATCTGTTTTGATTCGATTGGAACTAGCTCAACCCGGAAATCAGTTTTTATCTGGTAATAATCAATTATACAATGTTATTGTAACAGGACATGCGTTTATTATGATATTTTTTTTCGTAATGCCCGTTCTGATT,Eukaryota,,,,,,,87.1,4,0,0,677,0,0,38,0,0,0,0,0,0,0,0,0,0,0,0,0,0,0,0,0,0,0,0
ArthCOI,ESV_025174,AGCTTGAGCTGGAATAGTAGGTACATCTCTTAGTATTTTAATTCGAGCTGAATTAGGTCACCCAGGTGCATTAATTGGAGGTGATCAAATTTATAATGTAATTGTTACTGCTCATGCATTTGTAATAATTTTTTTCATGGTAATACCTATTATAATT,Eukaryota,Arthropoda,Insecta,Diptera,Sphaeroceridae,Spelobia,,95.5,38,380,0,0,0,0,0,0,0,0,0,0,0,0,0,0,0,0,0,0,0,0,0,0,0,0,0
ArthCOI,ESV_025164,AGGTTTTGCAGGTATTATAGGAACAATTTTATCTGTGTTAATTCGTATGGAATTAGCTTATCCAGGAAATCAATTTTTTTTAGGTAATCATCAATTGTATAATTCAATTGTAACTGCACATGCTTTTATAATGATTTTTTTTATGGTAATGCCTATTTTAATC,Eukaryota,Oomycota,unk_class,Saprolegniales,Saprolegniaceae,,,84,9,0,0,318,0,0,0,0,0,0,0,0,0,0,0,0,0,0,0,0,0,0,0,0,0,0,0
ArthCOI,ESV_025163,GGCTTGAGCTGGAATAATTGGTACTTCATTAAGTATTCTTATTCGAGCAGAATTAAGTCAACCTGGAGTATTTATTGGAAATGATCAAATTTATAATGTTATTGTAACTGCTCATGCTTTTATTATAATTTTTTTTATAGTTATACCTATTATAATC,Eukaryota,Arthropoda,Insecta,Diptera,Culicidae,Culex,,99.4,15,0,0,0,0,271,0,0,0,0,0,0,0,0,0,0,0,0,0,0,0,0,0,0,0,0,0
ArthCOI,ESV_025171,AGCATGATCAGGAATAGTAGGAACTTCTTTAGGAATTTTAATTCGAGCTGAACTAGGACACCCTGGAGCATTAATTGGTGATGACCAGATTTATAATGTTATTGTTACTGCTCATGCTTTTATTATGATTTTTTTTATAGTAATACCTATTATAATT,Eukaryota,Arthropoda,Insecta,Diptera,,,,94.9,15,0,263,0,0,0,0,0,0,0,0,0,0,0,0,0,0,0,0,0,0,0,0,0,0,0,0
ArthCOI,ESV_025165,TCTTTTAGCAGGTATAATTGGATTAGCTTTAAGGTTGATTATTCGTGTTGAACTTAGTGTGGTAGGTTCATTTTTAGGTAGTGATCATTTATATAATGTTGTTGTTACTGCTCATGCTTTTGTAATAATTTTCTTTTCAGTAATACCAGTTTCTATA,Eukaryota,,,,,,,77.1,3,0,0,187,0,0,0,0,0,0,0,0,0,0,0,0,0,0,0,0,0,0,0,0,0,0,0
ArthCOI,ESV_025175,TATTTGATCTGGAATAGTGGGAACTTCATTAAGATTATTAATTCGAGCTGAATTAGGAAACCCTGGATCTTTAATTGGAGATGACCAAATTTATAATACAATTGTAACTGCCCATGCTTTCATTATAATCTTCTTCATAGTTATGCCAATTATAATC,Eukaryota,Arthropoda,Insecta,Lepidoptera,Acrolophidae,Acrolophus,Acrolophus walsinghami,94.3,1,174,0,0,0,0,0,0,0,0,0,0,0,0,0,0,0,0,0,0,0,0,0,0,0,0,0
ArthCOI,ESV_000027,TGGTTTTGCTGGAGTTTTAGGGACGTGTTTTTCATTACTTATTCGTATGGAATTATCACACCCTGGAAACCAAATTTTAAACGGAAACCACCAACTGTATAATGTTATCATTACTGCACACGCATTTTTAATGATTTTTTTCATGGTAATGCCAGTATTAATG,Eukaryota,Mollusca,Bivalvia,Galeommatida,Montacutidae,Kurtiella,Kurtiella bidentata,84,1,0,0,0,0,0,136,0,0,0,0,0,0,0,0,0,0,0,0,0,0,0,0,0,0,0,0
ArthCOI,ESV_025166,GGGTGTAGCTGGAATTGCGGGAACAACTTTATCTGTTCTAATTCGATTGGAACTAGCTCAACCCGGAAATCAGTTTTTATCTGGTAATAATCAATTATATAATGTTATTGTGACAGGACATGCATTCATTATGATATTTTTTTTTGTAATGCCCGTTCTGATC,Eukaryota,unk_phylum,Eustigmatophyceae,Eustigmatales,Monodopsidaceae,Nannochloropsis,,85.9,2,0,0,130,0,0,0,0,0,0,0,0,0,0,0,0,0,0,0,0,0,0,0,0,0,0,0
ArthCOI,ESV_010043,GTTTGCATCGGGGATAATTGGTTTAGTTTTATCTGTTCTAATTCGTTTAGAACTTAGCGGAACTGGTGATGGTATTTTTGCCGGTAACTACCAATTATATAATGTAGTTGTAACTGCACATGCATTTATTATGATTTTTTTCTTTGTAATGCCTGTGTTAATT,Eukaryota,Oomycota,unk_class,Peronosporales,Peronosporaceae,Phytophthora,,73.6,13,0,0,108,0,0,0,0,0,0,0,0,0,0,0,0,0,0,0,0,0,0,0,0,0,0,0
ArthCOI,ESV_011770,AGCAATTTCAGGAGTTGCTGGTACTGCTTTATCTTTATATATTCGAATAACACTAGCACAGCCTAACGGTAGTTTTTTAGAGTATAATCATCATCTATATAACGTTATTGTTACGGGTCATGCTATATTAATGATTTTTTTCATGGTAATGCCAACTCTGATC,Eukaryota,Bacillariophyta,Coscinodiscophyceae,Thalassiosirales,Thalassiosiraceae,Thalassiosira,Thalassiosira pseudonana,99.4,1,0,0,0,0,0,97,0,0,0,0,0,0,0,0,0,0,0,0,0,0,0,0,0,0,0,0
ArthCOI,ESV_010145,GGTTTGAGCAGGGGCTGTTGGAACTGCCCTTAGAATAATTATTCGCACTGAATTAGGACAACCTGGAAGTTTAATTGGAGATGACCAGATTTACAATGTAATTGTAACTGCTCATGCTTTTGTAATAATTTTTTTTATAGTAATACCTATTATAATT,Eukaryota,Arthropoda,Malacostraca,Isopoda,Armadillidiidae,Armadillidium,,100,3,0,0,0,89,0,0,0,0,0,0,0,0,0,0,0,0,0,0,0,0,0,0,0,0,0,0
ArthCOI,ESV_025172,AGCATGATCAGGAATAGTAGGAACTTCTTTAAGAATTTTAATTCGAGCTGAACTAGGACACCCTGGAGCATTAATTGGTGATGACCAGATTTATAATGTTATTGTTACTGCTCATGCTTTTATTATGATTTTTTTTATAGTAATACCTATTATAATC,Eukaryota,Arthropoda,Insecta,Diptera,,,,94.9,15,0,76,0,0,0,0,0,0,0,0,0,0,0,0,0,0,0,0,0,0,0,0,0,0,0,0
ArthCOI,ESV_025167,GGCTATAGCTGGAGTTGCGGGAACAACTTTATCTGTTTTGATTCGATTGGAACTAGCTCAACCCGGAAATCAGTTTTTATCTGGTAATAATCAATTATACAATGTTATTGTAACAGGACATGCGTTTATTATGATATTTTTTTTCGTAATGCCCGTTCTGATT,Eukaryota,,,,,,,86.5,4,0,0,38,0,0,0,0,0,0,0,0,0,0,0,0,0,0,0,0,0,0,0,0,0,0,0
ArthCOI,ESV_004361,TGCAGTTGCTGGAGTAGCTGGTACTCTATTATCGTTATATATTCGTTTAACTTTAGCTTCACCAGGTTCTAGCTTTCTAGAATATAACCACCATTTATACAACGTAATTGTAACAGGTCATGCTTTCGTTATGGTTTTTTTTGTGGTAATGCCTATTCTTATT,Eukaryota,Bacillariophyta,Bacillariophyceae,Bacillariales,Bacillariaceae,Nitzschia,Nitzschia cf. recta RT-2009,81,1,0,0,20,0,0,0,0,0,0,0,0,0,0,0,0,0,0,0,0,0,0,0,0,0,0,0
ArthCOI,ESV_025168,AGCTATAGCTGGAGTTGCGGGAACAACTTTATCTGTTTTGATTCGATTGGAACTAGCTCAACCCGGAAATCAGTTTTTATCTGGTAATAATCAATTATACAATGTTATTGTAACAGGACATGCGTTTATTATGATATTTTTTTTCGTAATGCCCGTTCTGATC,Eukaryota,,,,,,,86.5,4,0,0,15,0,0,0,0,0,0,0,0,0,0,0,0,0,0,0,0,0,0,0,0,0,0,0
ArthCOI,ESV_025169,TGCTATTGCAGGAATAGCTGGAACAGCACTTTCAATGTGTATTCGAATAACTCTAGCTCAACCAAATTCAAGTTTTTTAGAATATAATCATCACTTGTATAACGTAATTGTTACAGGACATGCTTTTGTGATGGTCTTTTTCGTAGTAATGCCTATTCTAATT,Eukaryota,Bacillariophyta,Bacillariophyceae,Naviculales,Naviculaceae,Navicula,,85.9,2,0,0,11,0,0,0,0,0,0,0,0,0,0,0,0,0,0,0,0,0,0,0,0,0,0,0
ArthCOI,ESV_004717,AGGTTTTGCAGGTATTATAGGTACAATTTTATCTGTATTAATTCGTATGGAATTAGCTTATCCTGGAAATCAATTTTTTTTAGGTAATCATCAATTATATAATTCAATTGTAACTGCACATGCTTTTATAATGATTTTTTTTATGGTAATGCCTATTTTAATT,Eukaryota,,,,,,,86.5,4,0,0,11,0,0,0,0,0,0,0,0,0,0,0,0,0,0,0,0,0,0,0,0,0,0,0
ArthCOI,ESV_025173,AGCATGATCAGGAATAGTAGGAACTTCTCTAGGAATTTTAATTCGAGCTGAACTAGGACACCCAGGAGCATTAATTGGTGATGACCAGATTTATAATGTTATTGTTACTGCTCATGCTTTTATTATGATTTTTTTTATAGTAATACCTATTATAATT,Eukaryota,Arthropoda,Insecta,Diptera,Anthomyiidae,Delia,,94.3,93,0,8,0,0,0,0,0,0,0,0,0,0,0,0,0,0,0,0,0,0,0,0,0,0,0,0
ArthCOI,ESV_025170,AGCTTTTTCAGGAATGATAGGAACAGCTATGTCTGTTATCATTAGAATGGAATTATCTATGCCTGGAACAGCTTATCTAGGTGGTGACCATCATCTATATAATGTATTAGTAACAGGCCACGCATTTTTAATGATTTTTTTCCTTGTTATGCCTTTTTTAATG,Eukaryota,,,,,,,73.6,18,0,0,8,0,0,0,0,0,0,0,0,0,0,0,0,0,0,0,0,0,0,0,0,0,0,0
