TestId,ESVId,sequence,Kingdom,Phylum,Class,Order,Family,Genus,Species,% match,# species,S034210,S034208,S034214,S034205,S034195,S034202,S034168,S034128,S034179,S034171,S034170,S034150,S034155,S034191,S034149,S034174,S034173,S034187,CVI9JR2K,S034127,S034148,S034147,S034166,S034169,S034158,S034138
23S,ESV_006594,GCTTTACTGTAACTTGAGATTGAAATTGGACTTTATTTGCGCAGTATAGGTGGGAGGCGTTGAAGATATTCTTGCGGGAAGATTGGAGCCATCAGTGAGATACCACTCTTGTAATGTTAGATTTCTAACTTTGAATCATTATCTGGTCAAAGGACAGTTTCAGGCGGGCAGTTTGACTGGGGCGGTCGCCTCCCAAACGGTAACGGAGGCGCACAAAGGTTTCCTCTGAACGGGTAGAAATCGTATCTAGAGTGTAAAGGCATAAGGAAGCTTGACTGTGAGACCTACAAGTCGAGCAGGGACGAAAGTCGGTCTTAGTGATCTGACGGTGCTG,Eukaryota,Bacillariophyta,Bacillariophyceae,Naviculales,,,,98.5,16,3376,0,0,0,0,0,0,0,0,0,0,0,0,0,0,0,0,0,0,0,0,0,0,0,0,0
23S,ESV_000307,GCTTTACTGTAACTTGAGATTGAAATTGGACTTTATTTGCGCAGTATAGGTGGGAGGCGTTGAAAATATTCTTGCGGGAATATCGGAGCCATCAGTGAGATACCACTCTTGTAATGTTAGATTTCTAACTTTGGATCATTATCTGGTCAAAGAACAGTCTCAGGCGGGCAGTTTGACTGGGGCGGTCGCCTCCCAAACGGTAACGGAGGCGCACAAAGGTTTCCTCTGAACGGGTAGAAATCGTATCTAGAGTGTAAAGGCATAAGGAAGCTTGACTGTGAGACCTACAAGTCGAGCAGGGACGAAAGTCGGTCTTAGTGATCTGACGGTGCTG,Eukaryota,Bacillariophyta,Bacillariophyceae,Naviculales,Amphipleuraceae,Halamphora,,99.7,2,593,0,0,0,0,0,0,0,0,0,0,0,0,0,0,0,0,0,0,0,0,0,0,0,0,0
23S,ESV_143222,GCTTTACTGTAGCCTGGAATTGGGTTCGGGCTTCGCTTGCGCAGGATAGGTGGGAGGCATTGAAGAATTCCTTGCGGGGGATTCGGAGCCATCGGTGAGATACCACTCTGGCGAGGCTAGAATTCTAACCTTTACCCGTTACCCGGGAAAGAGACAGTTTCAGGGGGGCAGTTTGACTGGGGCGGTCGCCTCCTAAAAGGTAACGGAGGCGCGCAAAGGTTCCCTCAGGCTGGTTGGAAATCAGCCGGAGAGTGTAAAGGCACAAGGGAGCTTGACTGCAAGACCTACAAGTCGAGCAGGGTGGAAACACGGCCTTAGTGATCCGACGGTTCCG,Bacteria,Cyanobacteria,unk_class,Oscillatoriales,Microcoleaceae,,,94.9,7,135,0,0,0,0,0,0,0,0,0,0,0,0,0,0,0,0,0,0,0,0,0,0,0,0,0
23S,ESV_143223,GCTTTACTGTAACTTGATATTGAAATTGGACTTTATTTGCGCAGTATAGGTGGGAGGCGTTGAAGATATTCTTGCGGGAAGATTGGAGCCATCAGTGAGATACCACTCTTGTAATGTTAGATTTCTAACTTTGAATCATTATCTGGTCAAAGGACAGTTTCAGGCGGGCAGTTTGACTGGGGCGGTCGCCTCCCAAACGGTAACGGAGGCGCACAAAGGTTTCCTCTGAACGGGTAGAAATCGTATCTAGAGTGTAAAGGCATAAGGAAGCTTGACTGTGAGACCTACAAGTCGAGCAGGGACGAAAGTCGGTCTTAGTGATCTGACGGTGCTG,Eukaryota,Bacillariophyta,Bacillariophyceae,Naviculales,,,,98.5,13,89,0,0,0,0,0,0,0,0,0,0,0,0,0,0,0,0,0,0,0,0,0,0,0,0,0
23S,ESV_143224,GCTTTACTGTAACTTGAGATTGAAATTGGACTTTATTTGCGCAGTATAGGTGGGAGGCGTTGAAAATATTCTTGCGGGAATATCGGAGCCATCAGTGAGATACCACTCTTGTAATGTTAGATTTCTAACTCTGGATCATTATCTGGTCAAAGAACAGTCTCAGGCGGGCAGTTTGACTGGGGCGGTCGCCTCCCAAACGGTAACGGAGGCGCACAAAGGTTTCCTCTGAACGGGTAGAAATCGTATCTAGAGTGTAAAGGCATAAGGAAGCTTGACTGTGAGACCTACAAGTCGAGCAGGGACGAAAGTCGGTCTTAGTGATCTGACGGTGCTG,Eukaryota,Bacillariophyta,Bacillariophyceae,Naviculales,Amphipleuraceae,Halamphora,,99.4,2,53,0,0,0,0,0,0,0,0,0,0,0,0,0,0,0,0,0,0,0,0,0,0,0,0,0
23S,ESV_143225,GCTTTACTGTAACTTGAGATTGAAATTGGACTTTATTTGCGCAGTATAGGTGGGAGGCGTTGAAAATATTCTTGCGGGAATATCGAAGCCATCAGTGAGATACCACTCTTGTAATGTTAGATTTCTAACTTTGGATCATTATCTGGTCAAAGAACAGTCTCAGGCGGGCAGTTTGACTGGGGCGGTCGCCTCCCAAACGGTAACGGAGGCGCACAAAGGTTTCCTCTGAACGGGTAGAAATCGTATCTAGAGTGTAAAGGCATAAGGAAGCTTGACTGTGAGACCTACAAGTCGAGCAGGGACGAAAGTCGGTCTTAGTGATCTGACGGTGCTG,Eukaryota,Bacillariophyta,Bacillariophyceae,Naviculales,Amphipleuraceae,Halamphora,,99.4,2,53,0,0,0,0,0,0,0,0,0,0,0,0,0,0,0,0,0,0,0,0,0,0,0,0,0
23S,ESV_143226,GCTTTACTGTAACTTGAGATTGAAATTGGACTTTATTTGCGCAGTATAGGTGGGAGGCGTTGAGGATATTCTTGCGGGAAGATTGGAGCCATCAGTGAGATACCACTCTTGTAATGTTAGATTTCTAACTTTGAATCATTATCTGGTCAAAGGACAGTTTCAGGCGGGCAGTTTGACTGGGGCGGTCGCCTCCCAAACGGTAACGGAGGCGCACAAAGGTTTCCTCTGAACGGGTAGAAATCGTATCTAGAGTGTAAAGGCATAAGGAAGCTTGACTGTGAGACCTACAAGTCGAGCAGGGACGAAAGTCGGTCTTAGTGATCTGACGGTGCTG,Eukaryota,Bacillariophyta,Bacillariophyceae,Naviculales,,,,98.5,18,52,0,0,0,0,0,0,0,0,0,0,0,0,0,0,0,0,0,0,0,0,0,0,0,0,0
23S,ESV_143227,GCTTTACTGTAACTTGATATTGAAATTGGACTTTATTTGCGCAGTATAGGTGGGAGGCGTTGAAAATATTCTTGCGGGAATATCGGAGCCATCAGTGAGATACCACTCTTGTAATGTTAGATTTCTAACTTTGGATCATTATCTGGTCAAAGAACAGTCTCAGGCGGGCAGTTTGACTGGGGCGGTCGCCTCCCAAACGGTAACGGAGGCGCACAAAGGTTTCCTCTGAACGGGTAGAAATCGTATCTAGAGTGTAAAGGCATAAGGAAGCTTGACTGTGAGACCTACAAGTCGAGCAGGGACGAAAGTCGGTCTTAGTGATCTGACGGTGCTG,Eukaryota,Bacillariophyta,Bacillariophyceae,Naviculales,,,,99.4,3,24,0,0,0,0,0,0,0,0,0,0,0,0,0,0,0,0,0,0,0,0,0,0,0,0,0
23S,ESV_143228,GCTTTACTGTAACTTGAGATTGAAATTGGACTTTATTTGCGCAGTATAGGTGGGAGGCGTTGAAAATATTCTTGCGGGAATATCGGAGCCATCAGTGAGATACCACTCTTGTAATGTTAGATTTCTAACTTTGGATCATTATCTGGTCAAAGAACAGTCTCAGGCGGGCAGTTTGACTGGGGCGGTCGCCTCCCAAACGGTAACGGAGGCGCACAAAGGTTTCCTCTGAACGGGTAGAAACCGTATCTAGAGTGTAAAGGCATAAGGAAGCTTGACTGTGAGACCTACAAGTCGAGCAGGGACGAAAGTCGGTCTTAGTGATCTGACGGTGCTG,Eukaryota,Bacillariophyta,Bacillariophyceae,Naviculales,Amphipleuraceae,Halamphora,,99.4,2,16,0,0,0,0,0,0,0,0,0,0,0,0,0,0,0,0,0,0,0,0,0,0,0,0,0
23S,ESV_143229,GCTTTACTGTAACTTGAGATTGAAATTGGACTTTATTTGCGCAGTATAGGTGGGAGGCGTTGAAAATATTCTTGCGGGAATATCGGAGCCATCAGTGAGATACCACTCTTGTAATGTTAGATTTCTAACTTTGGATCATTATCTGGTCAAAGAACAGTCTCAGGCGGGCAGTTTGACTGGGGCGGTCGCCTCCCAAACGGTAACGGAGGCGCACAAAGGTTTCCTCTGAACGGGTAGAAATCGTATCTAGAGTGTAAAGGCATAAGGAAGCTTGACTGTGAGACCTACAAGTCGAGCAGGGACGAAAGTCGGTCTTGGTGATCTGACGGTGCTG,Eukaryota,Bacillariophyta,Bacillariophyceae,Naviculales,Amphipleuraceae,Halamphora,,99.4,2,10,0,0,0,0,0,0,0,0,0,0,0,0,0,0,0,0,0,0,0,0,0,0,0,0,0
23S,ESV_143230,GCTTTACTGTAGCCTGGAATTGGGTTCGGGCTTCGCTTGCGCAGGATAGGTGGGAGGCATTGAAGAATTCCTTGCGGGGGATTCGGAGCCATCGGTGAGATACCACTCTGGCGAGGCTAGAATTCTAACCTTTACCCGTTACCCGGGAAAGAGACAGTTTCAGAGGGGCAGTTTGACTGGGGCGGTCGCCTCCTAAAAGGTAACGGAGGCGCGCAAAGGTTCCCTCAGGCTGGTTGGAAATCAGCCGGAGAGTGTAAAGGCACAAGGGAGCTTGACTGCAAGACCTACAAGTCGAGCAGGGTGGAAACACGGCCTTAGTGATCCGACGGTTCCG,Bacteria,Cyanobacteria,unk_class,Oscillatoriales,Microcoleaceae,,,94.6,7,9,0,0,0,0,0,0,0,0,0,0,0,0,0,0,0,0,0,0,0,0,0,0,0,0,0
