TestId,ESVId,sequence,Kingdom,Phylum,Class,Order,Family,Genus,Species,% match,# species,S034168,S034191,S034195,XOCTKIVA,S034210,S034214,S034202,S034199,S034205,S034187,S034208,S034179,S034173,S034174,S034171,S034169,S034166,S034170,S034158,S034150,S034147,S034155,S034149,S034148,S034128,S034138,S034127,S034126,RPSYC3SA,LLWCAYM3,PSKOYG86,CVI9JR2K
UniCOI,ESV_078946,TCGCAGGCAACCTGGCCCATGCAGGAGCCTCTGTCGACCTAACAATCTTTCCCCTTCACCTGGCTGGGATTTCATCGATCCTTGGGGCTATCAATTTTATTACCACAATTATTAATATGAAACCCCCTGCCATCACTCAGTACCAAACTCCCCTATTCGTGTGAGCAGTCCTAATTACAGCCGTTCTCCTTCTTCTCTCCCTGCCTGTCCTAGCCGCTGGAATTACAATGCTACTCACAGACCGAAACCTAAACACAACCTTCTTCGACCCGGCAGGGGGAGGGGACCCCATTTTATATCAACACTTATTC,Eukaryota,Chordata,Actinopteri,Kurtiformes,Apogonidae,,,99.7,3,351,0,0,0,0,0,0,0,0,0,0,0,0,0,0,0,0,0,0,0,0,0,0,0,0,0,0,0,0,0,0,0
UniCOI,ESV_078947,TGGCTGGAAACCTCGCCCATGCCGGGGCCTCAGTAGACCTGGCCATCTTCTCCCTCCATCTAGCCGGAGTCTCTTCCATCCTAGGAGCAATCAACTTCATCACAACTGCCATCAACATAAAACCCCCGTCCCTATCACAATACCAAACCCCCCTGTTCGTATGGTCCGTACTAATCACCGCCATCCTCCTACTGTTATCTCTCCCCGTCCTAGCAGCAGGGATCACCATACTACTCACAGATCGCAACCTAAATACCACCTTCTTCGACCCGGCCGGAGGGGGGGACCCAATCCTGTACCAACACCTCTTC,Eukaryota,Chordata,Aves,Strigiformes,Strigidae,Athene,Athene cunicularia,100,1,198,0,0,0,0,0,0,0,0,0,0,0,0,0,0,0,0,0,0,0,0,0,0,0,0,0,0,0,0,0,0,0
UniCOI,ESV_014042,TTGGCAGGTAATTTAGCCCATGCAGGAGCATCCGTTGATCTTACAATCTTTTCTCTTCACCTTGCAGGTATTTCTTCAATCCTGGGGGCAATTAATTTCATTACAACAATTTTAAACATAAAACCTCCAGCCATTTCCCAGTATCAAACCCCACTATTTGTCTGAGCAGTACTAATCACAGCCGTCCTTCTTCTATTATCTCTCCCTGTCCTTGCAGCAGGGATCACTATGCTACTCACAGACCGTAATCTAAACACGACTTTCTTCGATCCCGCCGGTGGAGGAGACCCAATCTTGTATCAACACTTATTC,Eukaryota,Chordata,Actinopteri,Gobiiformes,Gobiidae,Cabillus,Cabillus tongarevae,99.7,1,191,0,0,0,0,0,0,0,0,0,0,0,0,0,0,0,0,0,0,0,0,0,0,0,0,0,0,0,0,0,0,0
UniCOI,ESV_078948,TTTGTCAGGGGCCATTGCTCATGCAGGGGCTTCGGTTGATTTGAGAATTTTCTCATTGCATTTGGCAGGGATCTCGTCGATTTTAGGGGCAATTAATTTCATCACAACGGTGATTAATATACGTCCCTCGGGTCTTAAGTTAGAACGAATACCTTTGTTTGTGTGGTCCGTAGCCATTACAGCGCTTTTATTGTTATTGTCCTTACCGGTATTGGCGGGGGCCATTACTATGCTTTTGACGGATCGGAATTTAAATACGTCTTTTTTCGACCCTGCAGGAGGGGGGGACCCCATTCTCTATCAACATTTATTC,Eukaryota,Arthropoda,Insecta,Dermaptera,Forficulidae,Forficula,Forficula mediterranea,99.4,1,123,0,0,0,0,0,0,0,0,0,0,0,0,0,0,0,0,0,0,0,0,0,0,0,0,0,0,0,0,0,0,0
UniCOI,ESV_078949,TTGGCAGGTAATTTAGCCCATGCAGGAGCATCCGTTGATCTTACAATCTTTTCTCTTCACCTTGCAGGTATTTCTTCAATCCTGGGGGCAATTAATTTCATTACAACAATTTTAAACATAAAACCTCCAGCCATTTCCCAGTATCAAACCCCACTATTTGTCTGAGCAGTACTAATCACAGCCGTCCCTCTTCTATTATCTCTCCCTGTCCTTGCAGCAGGGATCACTATGCTACTCACAGACCGTAATCTAAACACGACTTTCTTCGATCCCGCCGGTGGAGGAGACCCAATCTTGTATCAACACTTATTC,Eukaryota,Chordata,Actinopteri,Gobiiformes,Gobiidae,Cabillus,Cabillus tongarevae,99.4,1,43,0,0,0,0,0,0,0,0,0,0,0,0,0,0,0,0,0,0,0,0,0,0,0,0,0,0,0,0,0,0,0
UniCOI,ESV_078950,TCGCAGGCAACCTGGCCCATGCAGGAGCCTCTGTCGACCTAACAATCTTTCCCCTTCACCTGGCTGGGATTTCATCGATCCTTGGGTCTATCAATTTTATTACCACAATTATTAATATGAAACCCCCTGCCATCACTCAGTACCAAACTCCCCTATTCGTGTGAGCAGTCCTAATTACAGCCGTTCTCCTTCTTCTCTCCCTGCCTGTCCTAGCCGCTGGAATTACAATGCTACTCACAGACCGAAACCTAAACACAACCTTCTTCGACCCGGCAGGGGGAGGGGACCCCATTTTATATCAACACTTATTC,Eukaryota,Chordata,Actinopteri,Kurtiformes,Apogonidae,,,99.4,3,18,0,0,0,0,0,0,0,0,0,0,0,0,0,0,0,0,0,0,0,0,0,0,0,0,0,0,0,0,0,0,0
UniCOI,ESV_078951,TCGCAGGCAACCTGGCCCATGCAGGAGCCTCTGTCGACCTAACAATCTTTCCCCTTCACCTGGCTGGGATTTCATCGATCCTTGGGGCTATCAATTTTATTACCACAATTATTAATATGAAACCCCCTGCCATCACTCAGTACCAAACTCCCCTGTTCGTGTGAGCAGTCCTAATTACAGCCGTTCTCCTTCTTCTCTCCCTGCCTGTCCTAGCCGCTGGAATTACAATGCTACTCACAGACCGAAACCTAAACACAACCTTCTTCGACCCGGCAGGGGGAGGGGACCCCATTTTATATCAACACTTATTC,Eukaryota,Chordata,Actinopteri,Kurtiformes,Apogonidae,,,99.4,3,14,0,0,0,0,0,0,0,0,0,0,0,0,0,0,0,0,0,0,0,0,0,0,0,0,0,0,0,0,0,0,0
UniCOI,ESV_078953,TTGGCAGGTAATTTAGCCCATGCAGGAGCATCCGTTGATCTTACAATCTTTTCTCTTCACCTTGCAGGTATTTCTTCAATCCTGGGGGCAATTAATTTCATTACAACAATTTTAAACATAAAACCTCCAGCCATTTCCCAGTATCAAACCCCACTATTTGTCTGAGCAGTACTAATCACAGCCGTCCTTCTTCTATTATCTCTCCCTGTCCTTGCAGCAGGGATCCCTATGCTACTCACAGACCGTAATCTAAACACGACTTTCTTCGATCCCGCCGGTGGAGGAGACCCAATCTTGTATCAACACTTATTC,Eukaryota,Chordata,Actinopteri,Gobiiformes,Gobiidae,Cabillus,Cabillus tongarevae,99.4,1,13,0,0,0,0,0,0,0,0,0,0,0,0,0,0,0,0,0,0,0,0,0,0,0,0,0,0,0,0,0,0,0
UniCOI,ESV_078952,TCGCAGGCAACCTGGCCCGTGCAGGAGCCTCTGTCGACCTAACAATCTTTCCCCTTCACCTGGCTGGGATTTCATCGATCCTTGGGGCTATCAATTTTATTACCACAATTATTAATATGAAACCCCCTGCCATCACTCAGTACCAAACTCCCCTATTCGTGTGAGCAGTCCTAATTACAGCCGTTCTCCTTCTTCTCTCCCTGCCTGTCCTAGCCGCTGGAATTACAATGCTACTCACAGACCGAAACCTAAACACAACCTTCTTCGACCCGGCAGGGGGAGGGGACCCCATTTTATATCAACACTTATTC,Eukaryota,Chordata,Actinopteri,Kurtiformes,Apogonidae,,,99.4,3,13,0,0,0,0,0,0,0,0,0,0,0,0,0,0,0,0,0,0,0,0,0,0,0,0,0,0,0,0,0,0,0
UniCOI,ESV_078954,TTTGTCAGGGGCCATTGCTCATGCAGGGGCTTCGGTTGATTTGAGAATTTTCTCATTGCATTTGGCAGGGATCTCGTCGATTTTAGGGGCAATTAATTTCATCACAACGGTGATTAATATACGTCTCTCGGGTCTTAAGTTAGAACGAATACCTTTGTTTGTGTGGTCCGTAGCCATTACAGCGCTTTTATTGTTATTGTCCTTACCGGTATTGGCGGGGGCCATTACTATGCTTTTGACGGATCGGAATTTAAATACGTCTTTTTTCGACCCTGCAGGAGGGGGGGACCCCATTCTCTATCAACATTTATTC,Eukaryota,Arthropoda,Insecta,Dermaptera,Forficulidae,Forficula,Forficula mediterranea,99,1,11,0,0,0,0,0,0,0,0,0,0,0,0,0,0,0,0,0,0,0,0,0,0,0,0,0,0,0,0,0,0,0
UniCOI,ESV_078955,ACTAGCCGGCAACCTAGCCCATGCCGGAGCCTCAGTTGACCTTACTATTTTTTCACTTCACCTAGCAGGAGTATCCTCAATTCTAGGAGCTATTAACTTTATTACAACTATTATCAATATAAAACCACCAGCTATAACACAATATCAAACACCCTTATTTGTATGATCAGTTCTTATTACAGCTGTACTTCTATTACTCTCACTCCCAGTTCTAGCTGCAGGAATTACTATACTGTTAACTGATCGAAATTTAAACACAACTTTCTTTGATCCAGCCGGAGGAGGAGATCCAATCCTATATCAACACTTATTC,Eukaryota,Chordata,Mammalia,Rodentia,Cricetidae,Reithrodontomys,Reithrodontomys megalotis,98.4,1,10,0,0,0,0,0,0,0,0,0,0,0,0,0,0,0,0,0,0,0,0,0,0,0,0,0,0,0,0,0,0,0
UniCOI,ESV_078956,CCTGGCTGGAAACCTCGCCCATGCCGGGGCCTCAGTAGACCTGGCCATCTTCTACCTCCATCTAGCCGGAGTCTCTTCCATCCTAGGAGCAATCAACTTCATCACAACTGCCATCAACATAAAACCCCCGTCCCTATCACAATACCAAACCCCCCTGTTCGTATGGTCCGTACTAATCACCGCCATCCTCCTACTGTTATCTCTCCCCGTCCTAGCAGCAGGGATCACCATACTACTCACAGATCGCAACCTAAATACCACCTTCTTCGACCCGGCCGGAGGGGGGGACCCAATCCTGTACCAACACCTCTTC,Eukaryota,Chordata,Aves,Strigiformes,Strigidae,Athene,Athene cunicularia,99.7,1,9,0,0,0,0,0,0,0,0,0,0,0,0,0,0,0,0,0,0,0,0,0,0,0,0,0,0,0,0,0,0,0
UniCOI,ESV_078957,TCGCAGGCAACCTGGCCCATGCAGGAGCCTCTGTCGACCTAACAATCTTTCCCCTTCACCTGGCTGGGATTTCATCGATCCTTGGGGCTATCAATTTTATTACCACAATTATTAATATGAAACCCCCTGCCATCACTCAGTACCAAACTCCCCTATTCGTGTGAGCAGTCCTAATTACAGCCGTTCTCCTTCTTCTCTCCCTGCCTGTCCTAGCCGCTGGAATTACAATGCTACTCACAGACCGAAACCTAAACACAACCTTCTTCGACCCGGCGGGGGGAGGGGACCCCATTTTATATCAACACTTATTC,Eukaryota,Chordata,Actinopteri,Kurtiformes,Apogonidae,,,99.4,3,9,0,0,0,0,0,0,0,0,0,0,0,0,0,0,0,0,0,0,0,0,0,0,0,0,0,0,0,0,0,0,0
UniCOI,ESV_078958,TTGGCAGGTAATTTAGCCCATGCAGGAGCATCCGTTGATCTTACAATCTTTTCTCTTCACCTTGCAGGTATTTCTTCAATCCTGGGGGCAATTAATTTCATTACAACAATTTTAAACATAAAACCTCCAGCCATTTCCCAGTATCAAACCCCACTATTTGTCTGAGCAGTACTAATCACAGCCGTCCTTCTTCTATTATCTCTCCCTGTCCTTGCAGCAGGGATCACTATGCTACTCACAGCCCGTAATCTAAACACGACTTTCTTCGATCCCGCCGGTGGAGGAGACCCAATCTTGTATCAACACTTATTC,Eukaryota,Chordata,Actinopteri,Gobiiformes,Gobiidae,Cabillus,Cabillus tongarevae,99.4,1,9,0,0,0,0,0,0,0,0,0,0,0,0,0,0,0,0,0,0,0,0,0,0,0,0,0,0,0,0,0,0,0
UniCOI,ESV_078959,TCGCAGGCAACCTGGCCCGTGCAGGAGCCTCTGTCGACCTAACAATCTTTCCCCTTCACCTGGCTGGGATTTCATCGACCCTTGGGGCTATCAATTTTATTACCACAATTATTAATATGAAACCCCCTGCCATCACTCAGTACCAAACTCCCCTATTCGTGTGAGCAGTCCTAATTACAGCCGTTCTCCTTCTTCTCTCCCTGCCTGTCCTAGCCGCTGGAATTACAATGCTACTCACAGACCGAAACCTAAACACAACCTTCTTCGACCCGGCAGGGGGAGGGGACCCCATTTTATATCAACACTTATTC,Eukaryota,Chordata,Actinopteri,Kurtiformes,Apogonidae,,,99,3,8,0,0,0,0,0,0,0,0,0,0,0,0,0,0,0,0,0,0,0,0,0,0,0,0,0,0,0,0,0,0,0
