TestId,ESVId,sequence,Kingdom,Phylum,Class,Order,Family,Genus,Species,% match,# species,XOCTKIVA,RPSYC3SA,PSKOYG86,LLWCAYM3,CVI9JR2K,S034199,S034138,S034205,S034179,S034214,S034208,S034166,S034202,S034173,S034210,S034171,S034187,S034191,S034126,S034169,S034174,S034127,S034168,S034128,S034148,S034150,S034170,S034149,S034155,S034158,S034147,S034195
MiFishU,ESV_009594,CACCGCGGTTATACGAGAGGCCCAAGTTGATAAAATACGGCGTAAAGCGTGGTTAAAAGCCCCCACTAAACTAAGACTAAACCTTTCCAAAGCTGTTATACGCACCCGGAAATATGAAACTCAACTACGAAAGTGGCCTTAATTTCCCCTTGACCCCACGAAAGCTGCGAAA,Eukaryota,Chordata,Actinopteri,Cyprinodontiformes,Poeciliidae,Gambusia,Gambusia affinis,100,1,19731,3032,0,0,0,0,0,0,0,0,0,0,0,0,0,0,0,0,0,0,0,0,0,0,0,0,0,0,0,0,0,0
MiFishU,ESV_009993,CACCGCGGTTATACCAGAGGCCCAAGTTGATAAAATACGGCGTAAAGCGTGGTTAAAAGCCCCCACTAAACTAAGACTAAACCTTTCCAAAGCTGTTATACGCACCCGGAAATATGAAACTCAACTACGAAAGTGGCCTTAATTTCCCCTTGACCCCACGAAAGCTGCGAAA,Eukaryota,Chordata,Actinopteri,Cyprinodontiformes,Poeciliidae,Gambusia,,99.4,2,3528,1231,0,0,0,0,0,0,0,0,0,0,0,0,0,0,0,0,0,0,0,0,0,0,0,0,0,0,0,0,0,0
MiFishU,ESV_001067,CACCGCGGTTATACGAGAGGCCCAAGTTGATAGCCAGCGGCGTAAAGAGTGGTTAAGGGAACCCCTTACTAAAGTCGAACGCCTTCAGAGCTGTTATACGTTACCGAAAGCAAGAAGCCCTACTACGAAAGTGACTTTATATTACCTGACTCCACGAAAGCTGTGAAA,Eukaryota,Chordata,Actinopteri,Atheriniformes,Atherinopsidae,Leuresthes,Leuresthes tenuis,92.9,1,0,0,1558,0,0,0,0,0,0,0,0,0,0,0,0,0,0,0,0,0,0,0,0,0,0,0,0,0,0,0,0,0
MiFishU,ESV_010047,CACCGCGGTTATACGAGAGGCCCAAGTTGACAAATGCCGGCGTAAAATGTGGTTAATATGACACTTCACTAAAGCTAAACATCTTCAAAGCTGTTATACCCTCATGAAGACAGGAAGACCTCCCACGAAAGTGGCTTTAAACAATATTATTCCACGAAAGCTAGGGAA,Eukaryota,Chordata,Actinopteri,Gobiiformes,Gobiidae,Gillichthys,Gillichthys mirabilis,99.4,1,436,0,0,0,0,0,0,0,0,0,0,0,0,0,0,0,0,0,0,0,0,0,0,0,0,0,0,0,0,0,0,0
MiFishU,ESV_033299,CACCGCGGTTAGACGAAAGGCTCAAGCTGATAGTTTTCGGCGTAAAGAGTGGTTAGGGATTTAGAATACTAAAGCTGAAATTTCTCATGGCTGTTATACGCTTCCGAGAATATGAAACACATATACGAAAGTAGCTTTAAATAACCTGACCCCACGAAAGCTGTGGAA,Eukaryota,Chordata,Actinopteri,Cyprinodontiformes,Fundulidae,,,86.9,2,112,0,0,0,0,0,0,0,0,0,0,0,0,0,0,0,0,0,0,0,0,0,0,0,0,0,0,0,0,0,0,0
MiFishU,ESV_028221,CACCGCGGCTATACGAGAGGCCCAAGTTGATAGCCAGCGGCGTAAAGAGTGGTTAAGGGAACCCCTTACTAAAGTCGAACGCCTTCAGAGCTGTTATACGTTACCGAAAGCAAGAAGCCCTACTACGAAAGTGACTTTATATTACCTGACTCCACGAAAGCTGTGAAA,Eukaryota,Chordata,Actinopteri,Atheriniformes,Atherinopsidae,Leuresthes,Leuresthes tenuis,92.3,1,0,0,97,0,0,0,0,0,0,0,0,0,0,0,0,0,0,0,0,0,0,0,0,0,0,0,0,0,0,0,0,0
MiFishU,ESV_033293,CCAACGAACAACACCCACAGCAACCAGCGGCCCACCGAATGCATGGTGCTCACCGGTTGGACATCTGTGTCTGCAGGCCGCCGTCGCGGGTGAAGCGAAAGCGCGAGACGACCACGATCTGGTCGGCGCGCCGCCGCATCGCTTCGCTGAAGCGCC,,,,,,,,,,0,0,0,0,73,0,0,0,0,0,0,0,0,0,0,0,0,0,0,0,0,0,0,0,0,0,0,0,0,0,0,0
MiFishU,ESV_033298,CACCACGGTTATACGAGAGGCCCAAGTTGATAAAATACGGCGTAAAGCGTGGTTAAAAGCCCCCACTAAACTAAGACTAAACCTTTCCAAAGCTGTTATACGCACCCGGAAATATGAAACTCAACTACGAAAGTGGCCTTAATTTCCCCTTGACCCCACGAAAGCTGCGAAA,Eukaryota,Chordata,Actinopteri,Cyprinodontiformes,Poeciliidae,Gambusia,,99.4,2,0,68,0,0,0,0,0,0,0,0,0,0,0,0,0,0,0,0,0,0,0,0,0,0,0,0,0,0,0,0,0,0
MiFishU,ESV_000067,CACCGCGGTCATACAAGAGACCCAAATCAACTGTCCTACAAGCGGCGTAAAGAGTGGTAAGATGCCTATCCTACCTAACTAAGATCAAAATGCAACTAAGCTGTCGCAAGCACAAGATGCACCTAAACACACCATCAAGATGATCTTAGAAACTAGCGATTAATTTGAACCCACGAAAGCCAGGGCC,Eukaryota,Chordata,Aves,Anseriformes,Anatidae,,,100,4,47,0,0,0,0,0,0,0,0,0,0,0,0,0,0,0,0,0,0,0,0,0,0,0,0,0,0,0,0,0,0,0
MiFishU,ESV_010377,CACCGCGGTTATACGAGAGGCCCAAGTTGATAAAATACGGCGTAAAGCGTGGTTAAAAGCCCCCACTAAACTAAGACTAAACCTTTCCAAAGCTGTTATACGCACCCGGAAATATGAAACTCAACTACGAAAGTGGCCTTAATTTCCCCTTGACCCCACGAAAGCTGCGAAG,Eukaryota,Chordata,Actinopteri,Cyprinodontiformes,Poeciliidae,Gambusia,,99.4,2,0,40,0,0,0,0,0,0,0,0,0,0,0,0,0,0,0,0,0,0,0,0,0,0,0,0,0,0,0,0,0,0
MiFishU,ESV_027788,CACCGCGGTTATACGAGAGACTTCAATTAATAACCACGGCTCAAAGGGTGGTTAAAAATAAATATAATAGGATTAAAAATTAATCAAGCTGTTTTACGCAATCATTAACCTTAATACCATTGACGAAAGTAATCCTAAATAATGAATCCACGAAAATCAAGACA,Eukaryota,Chordata,Amphibia,Caudata,Cryptobranchidae,Cryptobranchus,Cryptobranchus alleganiensis,97,1,24,0,0,0,0,0,0,0,0,0,0,0,0,0,0,0,0,0,0,0,0,0,0,0,0,0,0,0,0,0,0,0
MiFishU,ESV_033296,AAGTTCGGATTGTGATCCAGGCCAATCAGTTGTGCGCCCGGGTAACGTTCGCGCAGCGTGGCCAGCCGTTTGCCAGTGCCGCAACCAGCATCGAGCACCACGGCAGGTTCAAGCCGGATGAGCTTTAGGCGCTCGAACATGCGTGCGGCGATCTCGCCGTACAGGAACTCGGCCGCATGCAAGTCGCCACGGCGGT,,,,,,,,,,0,0,24,0,0,0,0,0,0,0,0,0,0,0,0,0,0,0,0,0,0,0,0,0,0,0,0,0,0,0,0,0
MiFishU,ESV_033297,CACCGCGGTTATACGAGAGGCCCAAGTTGATAGCCAGCGGTGTAAAGAGTGGTTAAGGGAACCCCTTACTAAAGTCGAACGCCTTCAGAGCTGTTATACGTTACCGAAAGCAAGAAGCCCTACTACGAAAGTGACTTTATATTACCTGACTCCACGAAAGCTGTGAAA,Eukaryota,Chordata,Actinopteri,Atheriniformes,Atherinopsidae,Leuresthes,Leuresthes tenuis,92.3,1,0,0,23,0,0,0,0,0,0,0,0,0,0,0,0,0,0,0,0,0,0,0,0,0,0,0,0,0,0,0,0,0
MiFishU,ESV_033300,CACCGCGGTTAGACGAAAGGCTCAAGCTGATAGTTTTCGGCGTAAAGAGTGGTTAGGGATTTAGAATACTAAAGCTGAAATTTCTCATGGCCGTTATACGCTTCCGAGAATATGAAACACATATACGAAAGTAGCTTTAAATAACCTGACCCCACGAAAGCTGTGGAA,Eukaryota,Chordata,Actinopteri,Cyprinodontiformes,Fundulidae,,,86.3,2,20,0,0,0,0,0,0,0,0,0,0,0,0,0,0,0,0,0,0,0,0,0,0,0,0,0,0,0,0,0,0,0
MiFishU,ESV_033295,GCAAGGGCCTGAACACCCATTCGATCGAGTTCAGCCCGGAAGCGGCCGGCACCTGGCAGTACACCGCCGTGCTGACACAGAACCTCAACCGCGGCGCCATCAGCCAGGGGCAGATGCGTTTCACCGTGGAAGGCGTCAAGAACGG,,,,,,,,,,0,0,0,20,0,0,0,0,0,0,0,0,0,0,0,0,0,0,0,0,0,0,0,0,0,0,0,0,0,0,0,0
MiFishU,ESV_033294,CGCGCGGAGGAGTGCTCAGGCCCCTGCCCTTCGTAACCGTGGGGCAGCAGCATAGTCAGACCGCACATGCGGCCCCACTTCTGCTCACCGGAGGAGAGGAACTGGTCGATCACCACCTGGGCTCCGTTGGCAAAGTCGC,,,,,,,,,,0,0,0,0,11,0,0,0,0,0,0,0,0,0,0,0,0,0,0,0,0,0,0,0,0,0,0,0,0,0,0,0
MiFishU,ESV_033301,CACCGCGGTTATACGAGAGGCTCAAGTTGACAAATGCCGGCGTAAAATGTGGTTAATATGACACTTCACTAAAGCTAAACATCTTCAAAGCTGTTATACCCTCATGAAGACAGGAAGACCTCCCACGAAAGTGGCTTTAAACAATATTATTCCACGAAAGCTAGGGAA,Eukaryota,Chordata,Actinopteri,Gobiiformes,Gobiidae,Gillichthys,Gillichthys mirabilis,98.8,1,9,0,0,0,0,0,0,0,0,0,0,0,0,0,0,0,0,0,0,0,0,0,0,0,0,0,0,0,0,0,0,0
