TestId,ESVId,sequence,Kingdom,Phylum,Class,Order,Family,Genus,Species,% match,# species,XFXCT0L6,XEL7KT2G,O0LYM0YU,GJDV8PYM,5J7FNP4O,53CM7JPJ,38WW1C5A,17OXC1IX,0NOSWX7W,0CEL3NO8,CGEMAYKY,0IOX2T8L
MiFishU,ESV_010047,CACCGCGGTTATACGAGAGGCCCAAGTTGACAAATGCCGGCGTAAAATGTGGTTAATATGACACTTCACTAAAGCTAAACATCTTCAAAGCTGTTATACCCTCATGAAGACAGGAAGACCTCCCACGAAAGTGGCTTTAAACAATATTATTCCACGAAAGCTAGGGAA,Eukaryota,Chordata,Actinopteri,Gobiiformes,Gobiidae,Gillichthys,Gillichthys mirabilis,99.4,1,814,0,247,0,0,0,942,0,0,1861,0,0
MiFishU,ESV_028290,CACCGCGGTTATACGAGTAACCCATATTAACACTTCCCGGCGTAAAGAGTGGTTTAAGAAACCCTCCAACAACTAAAGTTAAGACCTCATCAAGCTGTTACACGCACTCATGAGTGGAATAACCAACAACGAAAGTGACTTTATAAATACTAGAATCCTTGACGCCACGACAGTTGGGCCC,Eukaryota,Chordata,Chondrichthyes,unk_order,Pristiophoridae,Pristiophorus,Pristiophorus nudipinnis,95,1,0,2234,0,0,0,0,0,0,0,0,0,0
MiFishU,ESV_001228,TACCGCGGTTACACGAAAAGCCCTAGCTGATAGGCCTCGGCACAAAGGGTGGTTAAGGAAAACTTTAAAAGCCAAACTCTCCCCCAGCTGTGATACGCAGCTCGAAGGCAAAGACCTCAACGAAAGTAGCTTTATCTTACCTGAAGCCACAAAAGCTAGGACA,Eukaryota,Chordata,Actinopteri,Stomiiformes,Gonostomatidae,Cyclothone,Cyclothone pallida,100,1,0,0,0,0,0,0,220,0,1918,0,0,0
MiFishU,ESV_000067,CACCGCGGTCATACAAGAGACCCAAATCAACTGTCCTACAAGCGGCGTAAAGAGTGGTAAGATGCCTATCCTACCTAACTAAGATCAAAATGCAACTAAGCTGTCGCAAGCACAAGATGCACCTAAACACACCATCAAGATGATCTTAGAAACTAGCGATTAATTTGAACCCACGAAAGCCAGGGCC,Eukaryota,Chordata,Aves,Anseriformes,Anatidae,,,100,4,0,0,0,322,575,0,0,0,0,0,0,0
MiFishU,ESV_033299,CACCGCGGTTAGACGAAAGGCTCAAGCTGATAGTTTTCGGCGTAAAGAGTGGTTAGGGATTTAGAATACTAAAGCTGAAATTTCTCATGGCTGTTATACGCTTCCGAGAATATGAAACACATATACGAAAGTAGCTTTAAATAACCTGACCCCACGAAAGCTGTGGAA,Eukaryota,Chordata,Actinopteri,Cyprinodontiformes,Fundulidae,,,86.9,2,72,0,351,0,0,0,443,0,0,0,0,0
MiFishU,ESV_033563,CACCGCGGTCATACAAGAGACCCAAATCAACTGTCCTACAAGCGGCGTAAAGAGTGGTAAGATGTCTATCCTACCTAACTAAGATCAAAATGCAACTAAGCTGTCGCAAGCACAAGATGCACCTAAACACACCATCAAGATGATCTTAGAAACTAGCGATTAATTTGAACCCACGAAAGCCAGGGCC,Eukaryota,Chordata,Aves,Anseriformes,Anatidae,,,99.5,4,0,0,0,0,630,0,0,0,0,0,0,0
MiFishU,ESV_033268,CACCGCGGTTATACGAGAGGCCCAAGTTAATAGTCACCGGCGTAAAGCGTGGTTATGGAAAAATTTTACTAAAGCCGAACATCCTCTAGGCCGTCATACGCATCTGAGACTACGAAGCTCTCCTACGAAAGTGGCTTTATCTCCCTGAACCCACGACAGCTACGGCA,Eukaryota,Chordata,Actinopteri,Argentiniformes,Bathylagidae,,,89.9,3,0,0,0,0,0,0,0,0,391,0,0,0
MiFishU,ESV_033551,CACCGCGGTTATACGAGAGGCCCAAGTTGATAAAATACGGCGTAAAGCGTGGTTAAAAGCCCCCACTAAACTAAGACTAAACCTTTCCAAAGCTGTTATACGCACCCAGAAATATGAAACTCAACTACGAAAGTGGCCTTAATTTCCCCTTGACCCCACGAAAGCTGCGAAA,Eukaryota,Chordata,Actinopteri,Cyprinodontiformes,Poeciliidae,Gambusia,,99.4,2,0,0,0,0,0,0,0,0,0,177,0,0
MiFishU,ESV_008311,CACCGCGGTTATACGAGAGACCCTAGTTGATATACTCGGCGTAAAGAGTGGTTATGGAAAACAAGCACTAAAGCCAAAGAGCCCTCAGGCCGTTATACGCACCCGGGGCCTCGAACCACTATCACGAAAGTAGCTTTACCCTCGCCCACCAGAACCCACGAGAGCTGGGACA,Eukaryota,Chordata,Actinopteri,Clupeiformes,Clupeidae,Clupea,Clupea pallasii,100,1,176,0,0,0,0,0,0,0,0,0,0,0
MiFishU,ESV_033558,TACCGCGGTTACACGAAAAGCCCTAGCTGATAGGCCTCGGCACAAAGGGTGGTTAAGGAAAACTTTAAAAGCCAAACTCTCCCCCAGCTGTGACACGCAGCTCGAAGGCAAAGACCTCAACGAAAGTAGCTTTATCTTACCTGAAGCCACAAAAGCTAGGACA,Eukaryota,Chordata,Actinopteri,Stomiiformes,Gonostomatidae,Cyclothone,Cyclothone pallida,99.4,1,0,0,0,0,0,0,165,0,0,0,0,0
MiFishU,ESV_033554,CACCGCGGTTATACGAGAGGCCCAAGTTAATAGTCACCGGCGTAAAGCGTGGTTATGGAAAAATTTTACTAAAGCCGAACATCCTCTAGGCCGTCATACGCATCTGAGACTACGAAGCTCTTCTACGAAAGTGGCTTTATCTCCCTGAACCCACGACAGCTACGGCA,Eukaryota,Chordata,Actinopteri,Argentiniformes,Bathylagidae,,,89.3,3,0,0,0,0,0,0,0,0,158,0,0,0
MiFishU,ESV_012291,TACCGCGGTTACACGAAAAGCCCCAGCTGATAGGCCCCGGCACAAAGGGTGGTTAAGGAAACCTTTTAAAGCCAAACTCTACCCCCGCCCGCTGTGATACGCAGCTCGCAAGTAAAGACCTAGACGAAAGTAACTTTACTTTGCCTGAAGCCACAAAAGCTAGGGCA,Eukaryota,Chordata,Actinopteri,Stomiiformes,Gonostomatidae,Cyclothone,Cyclothone obscura,100,1,154,0,0,0,0,0,0,0,0,0,0,0
MiFishU,ESV_028339,CACCGCGGTTATACGAGTAACCCATATTAACACTCCCCGGCGTAAAGAGTGGTTTAAGAAACCCTCCAACAACTAAAGTTAAGACCTCATCAAGCTGTTACACGCACTCATGAGTGGAATAACCAACAACGAAAGTGACTTTATAAATACTAGAATCCTTGACGCCACGACAGTTGGGCCC,Eukaryota,Chordata,Chondrichthyes,unk_order,Pristiophoridae,Pristiophorus,Pristiophorus nudipinnis,94.5,1,0,72,0,0,0,0,0,0,0,0,0,0
MiFishU,ESV_011169,CACCGCGGTCATACAAGAAACCCAAATCAACCGTCTTAACACGGCGTAAAGAGTGGTAAAATGCCTATCCTAGCTAACTAAGATCAAAATGCAACTAAGCTGTCATAAGCCCAAGATGCACCTAAACACACCATTAAGATGATCTTAGGAACTAACGACTGATTTAAACCCACGAAAGCCAGGGCC,Eukaryota,Chordata,Aves,Anseriformes,Anatidae,Branta,Branta canadensis,100,1,0,0,0,0,0,0,0,64,0,0,0,0
MiFishU,ESV_009711,CACCGCGGTCATACAAGAGACCCAAATCAACTGTCCTATTAAGCGGCGTAAAGAGTGGTAAAATGCCTATCCTACCTAACTAAGATCAAAATGCAGCTAAGCTGTCGCAAGCACAAGATGCACCTAAACACACCATCAAGATGATCTTAGGAACTAGCGATTGATTTGAACCCACGAAAGCCAGGGCC,Eukaryota,Chordata,Aves,Anseriformes,Anatidae,Mareca,,100,3,0,0,0,0,57,0,0,0,0,0,0,0
MiFishU,ESV_033555,TACCGCGGTTACACGAAAAGCCCTAGCTGATAGGCCTCGGCACAAAGGGTGGTTAAGGAAAACTTTAAAAGCCAAACTCTTCCCCAGCTGTGATACGCAGCTCGAAGGCAAAGACCTCAACGAAAGTAGCTTTATCTTACCTGAAGCCACAAAAGCTAGGACA,Eukaryota,Chordata,Actinopteri,Stomiiformes,Gonostomatidae,Cyclothone,Cyclothone pallida,99.4,1,0,0,0,0,0,0,0,0,43,0,0,0
MiFishU,ESV_033568,CACCGCGGTTATACGAGAGGCCCAAGTTGACAAATGCCGGCGTAAAATGTGGTTAATATGACACTTCACTAAAGCTAAACATCTTCAAAGCTGTTATACCCTCATGAAGACAGGAAGACCTCCCACGAAAGTGGCTTTAAACAATATTATTCCACGAAAGCCAGGGAA,Eukaryota,Chordata,Actinopteri,Gobiiformes,Gobiidae,Gillichthys,Gillichthys mirabilis,98.8,1,41,0,0,0,0,0,0,0,0,0,0,0
MiFishU,ESV_033552,CACCGCGGTTATACGAGAGGCCCAAGTTGACAAATGCCGGCGTAAAATGTGGTTAATATGACGCTTCACTAAAGCTAAACATCTTCAAAGCTGTTATACCCTCATGAAGACAGGAAGACCTCCCACGAAAGTGGCTTTAAACAATATTATTCCACGAAAGCTAGGGAA,Eukaryota,Chordata,Actinopteri,Gobiiformes,Gobiidae,Gillichthys,Gillichthys mirabilis,98.8,1,0,0,0,0,0,0,0,0,0,37,0,0
MiFishU,ESV_009594,CACCGCGGTTATACGAGAGGCCCAAGTTGATAAAATACGGCGTAAAGCGTGGTTAAAAGCCCCCACTAAACTAAGACTAAACCTTTCCAAAGCTGTTATACGCACCCGGAAATATGAAACTCAACTACGAAAGTGGCCTTAATTTCCCCTTGACCCCACGAAAGCTGCGAAA,Eukaryota,Chordata,Actinopteri,Cyprinodontiformes,Poeciliidae,Gambusia,Gambusia affinis,100,1,0,0,0,0,0,0,0,0,0,36,0,0
MiFishU,ESV_033553,CACCGCGGTTATACGAGAGGCCCAAGTTGACAAATGCCGGCGTAAAATGTGGTTAATATGACACTTCACTAAAGCTAAACATCTTCAAAGCTGTTATACCCTCATGAAGACAGGAAGACCTCCCACGAAAGTGGCTTTAAACAATATTATCCCACGAAAGCTAGGGAA,Eukaryota,Chordata,Actinopteri,Gobiiformes,Gobiidae,Gillichthys,Gillichthys mirabilis,98.8,1,0,0,0,0,0,0,0,0,0,35,0,0
MiFishU,ESV_033556,TACCGCGGTAACACGAAAAGCCCTAGCTGATAGGCCTCGGCACAAAGGGTGGTTAAGGAAAACTTTAAAAGCCAAACTCTCCCCCAGCTGTGATACGCAGCTCGAAGGCAAAGACCTCAACGAAAGTAGCTTTATCTTACCTGAAGCCACAAAAGCTAGGACA,Eukaryota,Chordata,Actinopteri,Stomiiformes,Gonostomatidae,Cyclothone,Cyclothone pallida,99.4,1,0,0,0,0,0,0,0,0,32,0,0,0
MiFishU,ESV_033559,TACCGCGGTTACGCGAAAAGCCCTAGCTGATAGGCCTCGGCACAAAGGGTGGTTAAGGAAAACTTTAAAAGCCAAACTCTCCCCCAGCTGTGATACGCAGCTCGAAGGCAAAGACCTCAACGAAAGTAGCTTTATCTTACCTGAAGCCACAAAAGCTAGGACA,Eukaryota,Chordata,Actinopteri,Stomiiformes,Gonostomatidae,Cyclothone,Cyclothone pallida,99.4,1,0,0,0,0,0,0,26,0,0,0,0,0
MiFishU,ESV_033560,CACCGCGGTTAGACGAAAGGCTCAAGCTGATAGTTTTCGGCGTAAAGAGTGGTTAGGGATTTAGAATACTAAAGCTGAAATTTCTCATGGCTGTTATACGCTTCCGAGAATATGAAACACATATACGAAAGTAGCTTTAAATAACCTGACCCCACGAAGGCTGTGGAA,Eukaryota,Chordata,Actinopteri,Cyprinodontiformes,Fundulidae,,,86.3,2,0,0,0,0,0,0,26,0,0,0,0,0
MiFishU,ESV_007680,CACCGCGGTCATACAAGAGACCCAAATCAACTGTCCTACAGGCGGCGTAAAGAGTGGTAAGATGCCTATCCTACCTAACTAAGATCAAAATGCAACTAAGCTGTCGCAAGCACAAGATGCACCTAAACACACCATCAAGATGATCTTAGAAACTAGCGATTAATTTGAACCCACGAAAGCCAGGGCC,Eukaryota,Chordata,Aves,Anseriformes,Anatidae,,,99.5,4,0,0,0,0,25,0,0,0,0,0,0,0
MiFishU,ESV_033561,CACCGCGGTTATACGAGAGGCCCAAGTTGACAAATGCCGGCGTAAAATGTGGTTAATATGACACTTCACTAAAGCTAAACATCTTCAAAGCTGTTATACCCTCATGAGGACAGGAAGACCTCCCACGAAAGTGGCTTTAAACAATATTATTCCACGAAAGCTAGGGAA,Eukaryota,Chordata,Actinopteri,Gobiiformes,Gobiidae,Gillichthys,Gillichthys mirabilis,98.8,1,0,0,0,0,0,0,24,0,0,0,0,0
MiFishU,ESV_027131,CGCCGCGGTTATACGAGAGGCCCAAGTTGATGGTTAACGGCGTAAAGGGTGGTTAGAAAGAGACTATTACTAAAGCCGAACGCCTTCAAGGCTGTTATACGCATCCGAAGGTGAGAAGCCCATTCACGAAAGTGGCTTTAATAACTTTGAACCCACGAAAGCTAGGAAA,Eukaryota,Chordata,Actinopteri,unk_order,Sciaenidae,,,92.3,3,0,0,22,0,0,0,0,0,0,0,0,0
MiFishU,ESV_033564,CACCGCGGTCATACAAGAGACCCAAATCAACTGTCCTACAAGCGGCGTAAAGAGTGGTAAGATGTCTATCCTACCTAACTAAGATCAAAATGCAACTAAGCTGTCGCAAGCACAAGATGCACCTAAACACACCATCAAGATGATCTTAGAAACTAGCGATTAACTTGAACCCACGAAAGCCAGGGCC,Eukaryota,Chordata,Aves,Anseriformes,Anatidae,,,98.9,4,0,0,0,0,21,0,0,0,0,0,0,0
MiFishU,ESV_033565,CACCGCGGTCATACAAGAGACCCAAATCAACTGTCCTACAAGCGGCGTAAAGAGTGGTAAGATGTCTATCCTACCTAACTAAGATCAAAATGCAACTAAGCTGTCGCAAGCACAAGATGCACCTAAACACACCATCAAGATGATCTTAGAAACCAGCGATTAATTTGAACCCACGAAAGCCAGGGCC,Eukaryota,Chordata,Aves,Anseriformes,Anatidae,,,98.9,4,0,0,0,0,18,0,0,0,0,0,0,0
MiFishU,ESV_033562,GACGAACGCCGCTTGCAGCTAGAACGTGAGCTAGAGCCGTTGCGCCAACGCATCACCGACTTCCAGCTCAAAGAGCAAGCCGCTCGTTTGGGTTTGGAGCAATACACACAGTTGCTCACCGACGCGGCTTGTTGGGTGGCGGTGTCGATGATGCGTTTGAGTTCTGCTTCGCGCGTGGCCAAGCTGCGCTGGG,,,,,,,,,,0,0,0,0,0,17,0,0,0,0,0,0
MiFishU,ESV_018632,CACCGCGGTTATACGAGAGACCCTAGTTGACATACTCGGCGTAAAGAGTGGTTATGGAAAACAAGCACTAAAGCCAAAGAGCCCTCAGGCCGTTATACGCACCCGGGGCCTCGAACCACTATCACGAAAGTAGCTTTACCCTCGCCCACCAGAACCCACGAGAGCTGGGACA,Eukaryota,Chordata,Actinopteri,Clupeiformes,Clupeidae,,,99.4,3,15,0,0,0,0,0,0,0,0,0,0,0
MiFishU,ESV_033566,CAAGCCTGCTTGCCGCGCGAGGTCGGCTTGAGAAGCGCCGAGCGCTTGTCCGTAGCCTTGTTGCAGCACCTGCGACTGTTGACCGAGCACCGACTCTTGCGTGTCGCGCAATGCGCGTGAACCGAATTCGCCCATGCGGCCCGAAC,,,,,,,,,,0,0,0,0,15,0,0,0,0,0,0,0
MiFishU,ESV_033567,CACCGCGGTCACACGATTAACCCAAGTCAATAGAAGCCGGCGTAAAGAGTGTTTTAGATCACCCCCCCCCCCAATAAAGCTAAAACTCACCTGAGTTGTAAAAAACTCCAGTTGACACAAAATAGACTACGAAAGTGGCTTTAACATATCTGAACACACAATAGCTAAGACC,Eukaryota,Chordata,Mammalia,Primates,Hominidae,Homo,Homo sapiens,100,1,0,0,0,0,12,0,0,0,0,0,0,0
MiFishU,ESV_033557,CACCGCGGTTATACGAGAGGCCCAAGTTAATAGTCACCGGCGTAAAGCGTGGTTATGGAAAAATTTTACTAAAGCCGAACATCCTCTAGGCCGTCATACGCATCTGAGACTACGAAGCTCTCCTACGAAAGTGGCTTTATCCCCCTGAACCCACGACAGCTACGGCA,Eukaryota,Chordata,Actinopteri,Argentiniformes,Bathylagidae,,,89.9,2,0,0,0,0,0,0,0,0,11,0,0,0
