primer,ESVId,sequence,kpcofgs,Kingdom,Phylum,Class,Order,Family,Genus,Species,percent_match,number_species,sample_id,sample_count,site,date,ncos_or_copr,full_site_name
ArthCOI,ESV_025162,GGCTTGAGCTGGAATAATTGGTACTTCATTAAGTATTCTTATTCGAGCAGAATTAAGTCAACCTGGAGTATTTATTGGAAATGATCAAATTTATAATGTTATTGTAACTGCTCATGCTTTTATTATAATTTTTTTTATAGTTATACCTATTATAATT,"Eukaryota, Arthropoda, Insecta, Diptera, Culicidae, Culex, Culex tarsalis",Eukaryota,Arthropoda,Insecta,Diptera,Culicidae,Culex,Culex tarsalis,100,1,S034148,17762,bird dropping,NA,CCBER,Semi palmated plover fresh dropping
ArthCOI,ESV_011057,AGCATGATCAGGAATAGTAGGAACTTCTTTAAGAATTTTAATTCGAGCTGAACTAGGACACCCTGGAGCATTAATTGGTGATGACCAGATTTATAATGTTATTGTTACTGCTCATGCTTTTATTATGATTTTTTTTATAGTAATACCTATTATAATT,"Eukaryota, Arthropoda, Insecta, Diptera",Eukaryota,Arthropoda,Insecta,Diptera,NA,NA,NA,95.5,15,S034179,5706,NVBR,2021-11-16,NCOS,Venoco Bridge
ArthCOI,ESV_025174,AGCTTGAGCTGGAATAGTAGGTACATCTCTTAGTATTTTAATTCGAGCTGAATTAGGTCACCCAGGTGCATTAATTGGAGGTGATCAAATTTATAATGTAATTGTTACTGCTCATGCATTTGTAATAATTTTTTTCATGGTAATACCTATTATAATT,"Eukaryota, Arthropoda, Insecta, Diptera, Sphaeroceridae, Spelobia",Eukaryota,Arthropoda,Insecta,Diptera,Sphaeroceridae,Spelobia,NA,95.5,38,S034210,380,MO1,2021-11-16,COPR,Mouth
ArthCOI,ESV_025163,GGCTTGAGCTGGAATAATTGGTACTTCATTAAGTATTCTTATTCGAGCAGAATTAAGTCAACCTGGAGTATTTATTGGAAATGATCAAATTTATAATGTTATTGTAACTGCTCATGCTTTTATTATAATTTTTTTTATAGTTATACCTATTATAATC,"Eukaryota, Arthropoda, Insecta, Diptera, Culicidae, Culex",Eukaryota,Arthropoda,Insecta,Diptera,Culicidae,Culex,NA,99.4,15,S034148,271,bird dropping,NA,CCBER,Semi palmated plover fresh dropping
ArthCOI,ESV_025171,AGCATGATCAGGAATAGTAGGAACTTCTTTAGGAATTTTAATTCGAGCTGAACTAGGACACCCTGGAGCATTAATTGGTGATGACCAGATTTATAATGTTATTGTTACTGCTCATGCTTTTATTATGATTTTTTTTATAGTAATACCTATTATAATT,"Eukaryota, Arthropoda, Insecta, Diptera",Eukaryota,Arthropoda,Insecta,Diptera,NA,NA,NA,94.9,15,S034179,263,NVBR,2021-11-16,NCOS,Venoco Bridge
ArthCOI,ESV_025175,TATTTGATCTGGAATAGTGGGAACTTCATTAAGATTATTAATTCGAGCTGAATTAGGAAACCCTGGATCTTTAATTGGAGATGACCAAATTTATAATACAATTGTAACTGCCCATGCTTTCATTATAATCTTCTTCATAGTTATGCCAATTATAATC,"Eukaryota, Arthropoda, Insecta, Lepidoptera, Acrolophidae, Acrolophus, Acrolophus walsinghami",Eukaryota,Arthropoda,Insecta,Lepidoptera,Acrolophidae,Acrolophus,Acrolophus walsinghami,94.3,1,S034210,174,MO1,2021-11-16,COPR,Mouth
ArthCOI,ESV_000027,TGGTTTTGCTGGAGTTTTAGGGACGTGTTTTTCATTACTTATTCGTATGGAATTATCACACCCTGGAAACCAAATTTTAAACGGAAACCACCAACTGTATAATGTTATCATTACTGCACACGCATTTTTAATGATTTTTTTCATGGTAATGCCAGTATTAATG,"Eukaryota, Mollusca, Bivalvia, Galeommatida, Montacutidae, Kurtiella, Kurtiella bidentata",Eukaryota,Mollusca,Bivalvia,Galeommatida,Montacutidae,Kurtiella,Kurtiella bidentata,84,1,CVI9JR2K,136,CUL1,2021-11-16,COPR,Culvert
ArthCOI,ESV_010145,GGTTTGAGCAGGGGCTGTTGGAACTGCCCTTAGAATAATTATTCGCACTGAATTAGGACAACCTGGAAGTTTAATTGGAGATGACCAGATTTACAATGTAATTGTAACTGCTCATGCTTTTGTAATAATTTTTTTTATAGTAATACCTATTATAATT,"Eukaryota, Arthropoda, Malacostraca, Isopoda, Armadillidiidae, Armadillidium",Eukaryota,Arthropoda,Malacostraca,Isopoda,Armadillidiidae,Armadillidium,NA,100,3,S034170,89,owl pellet,NA,CCBER,ground owl pellet
ArthCOI,ESV_025172,AGCATGATCAGGAATAGTAGGAACTTCTTTAAGAATTTTAATTCGAGCTGAACTAGGACACCCTGGAGCATTAATTGGTGATGACCAGATTTATAATGTTATTGTTACTGCTCATGCTTTTATTATGATTTTTTTTATAGTAATACCTATTATAATC,"Eukaryota, Arthropoda, Insecta, Diptera",Eukaryota,Arthropoda,Insecta,Diptera,NA,NA,NA,94.9,15,S034179,76,NVBR,2021-11-16,NCOS,Venoco Bridge
ArthCOI,ESV_025173,AGCATGATCAGGAATAGTAGGAACTTCTCTAGGAATTTTAATTCGAGCTGAACTAGGACACCCAGGAGCATTAATTGGTGATGACCAGATTTATAATGTTATTGTTACTGCTCATGCTTTTATTATGATTTTTTTTATAGTAATACCTATTATAATT,"Eukaryota, Arthropoda, Insecta, Diptera, Anthomyiidae, Delia",Eukaryota,Arthropoda,Insecta,Diptera,Anthomyiidae,Delia,NA,94.3,93,S034179,8,NVBR,2021-11-16,NCOS,Venoco Bridge
18,ESV_025318,GCTACTACCGATTGAATGATAGAGTGAGGTCTTCGGACGAGCTGCCGGAGCTGCCTTCGGGTGGCACTGGAAGTGCTTGAAAGTTGACCGAACTCGATTATTTAGAGGAAGTAAAAGTCGTAACAAGGTTTCC,"Eukaryota, Arthropoda",Eukaryota,Arthropoda,NA,NA,NA,NA,NA,86.5,28,S034214,1075,owl pellet,NA,CCBER,unground owl pellet
18,ESV_025131,GCTACTACCGATTGAATGCTTTAGCGAGGTCATCGGATTGGTGCCATTGTAGTTGTTTCGGCAGCTCGACCGGTGCTGAGAAGACGACCGAACTTGGTCATTTAGAGGAAGTAAAAGTCGTAACAAGGTTTCC,"Eukaryota, Platyhelminthes, Trematoda, Plagiorchiida, Plagiorchiida, Plagiorchiida",Eukaryota,Platyhelminthes,Trematoda,Plagiorchiida,Plagiorchiida,Plagiorchiida,NA,99.2,1,S034171,154,bird dropping,NA,CCBER,Killdeer fresh dropping
18,ESV_025137,GCTACTACCGATTGAATGATTCAGTGAGGGCATCGGACTGGCGCCCTCGGTAGCCTTCGGCTCGCAATAAAAGCTTCGTTTCGGCGTTGCTGCGGCCGCGGGCACCCCGGGCTGACGGAAAGATGTCCGAACTTGATCATTTAGAGGAAGTAAAAGTCGTAACAAGGTTTCC,"Eukaryota, Arthropoda, Malacostraca, Peracarida, Peracarida, Peracarida",Eukaryota,Arthropoda,Malacostraca,Peracarida,Peracarida,Peracarida,NA,90.1,1,S034171,69,bird dropping,NA,CCBER,Killdeer fresh dropping
18,ESV_025211,GCTACTACCGATTGAATGTTTTAGTGAGGTATTTGGATTGGACCTCCGGAGGTTCACGCCTCTGGTGTTGTCCGAGAAGACTCCCAAACTTGAGCATTTAGAGGAAGTAAAAGTCGTAACAAGGTTTCC,"Eukaryota, Arthropoda, Maxillopoda",Eukaryota,Arthropoda,Maxillopoda,NA,NA,NA,NA,96.1,4,S034208,59,bird dropping,NA,CCBER,Least Sandpiper fresh dropping
18,ESV_025331,GCTACTACCGATTGAATGATAGAGTGAGGTCTTCGGACGAGCTGCCGGAGCTGCCTTCGGGTGGCACTGGAAGTGCTTGAAAGTTGACCGAACTCGATTATTTAGAGGAAGTAAAAGTCGTAACAAGGTTTCT,"Eukaryota, Arthropoda",Eukaryota,Arthropoda,NA,NA,NA,NA,NA,85.7,28,S034214,53,owl pellet,NA,CCBER,unground owl pellet
18,ESV_025147,GCTACTACCGATTGGATGGTCTGGTGAGGCCGGAGACGGACAAACTAGATTATCTAGAGGTCGTAAAAGTCGTAACAAGGTTTTC,"Eukaryota, Platyhelminthes, Cestoda, Diphyllobothriidea, Diphyllobothriidea, Diphyllobothriidea",Eukaryota,Platyhelminthes,Cestoda,Diphyllobothriidea,Diphyllobothriidea,Diphyllobothriidea,NA,73.3,1,S034171,37,bird dropping,NA,CCBER,Killdeer fresh dropping
18,ESV_025340,TCTACTACCGATTGAATGATAGAGTGAGGTCTTCGGACGAGCTGCCGGAGCTGCCTTCGGGTGGCACTGGAAGTGCTTGAAAGTTGACCGAACTCGATTATTTAGAGGAAGTAAAAGTCGTAACAAGGTTTCC,"Eukaryota, Arthropoda",Eukaryota,Arthropoda,NA,NA,NA,NA,NA,85.7,28,S034214,27,owl pellet,NA,CCBER,unground owl pellet
18,ESV_025259,GCTGCCCGGAACTGAGCCGTTTCGAGAAAGCTGGGGACTGACGACTTGCCGACGCGCAAGCGTTTCTTGTCGACGGAAACCAGTTTGATCGGTATGGCTTGAACCGGGCAAAAGTCGTAACAAGGTTTCC,"Eukaryota, Nematozoa, Chromadorea, Monhysterida, Monhysterida, Monhysterida",Eukaryota,Nematozoa,Chromadorea,Monhysterida,Monhysterida,Monhysterida,NA,94.6,1,S034208,15,bird dropping,NA,CCBER,Least Sandpiper fresh dropping
18,ESV_025167,GCTACTACCGATTGAATGGTTTAGCAAGGTTTTTGGATTGGTACCACTTTAGTTGCTTCGGCAGCTTGACCGGTGCTGAGAAGATGACCAAACTTGATCATTTAGAGGAAGTAAAAGTCGTAACAAGGTTTCC,"Eukaryota, Platyhelminthes, Trematoda, Plagiorchiida, Plagiorchiida, Plagiorchiida",Eukaryota,Platyhelminthes,Trematoda,Plagiorchiida,Plagiorchiida,Plagiorchiida,NA,98.5,2,S034171,15,bird dropping,NA,CCBER,Killdeer fresh dropping
18,ESV_025183,GCTACTACCGATTGGGTGATTCAGTAAGGTCATCGGACTGTCGCCCTCGGACCAAACTTTCGGATGCGGTTCGCTAGTCGAGCCGCTTCGGAAAACCTTGGGCTGACGGAAAGATGTCCGAACTTGGTCACTTAGAGGAAGTAAAAGTCGTAACAAGGTTTTC,"Eukaryota, Arthropoda, Malacostraca, Eucarida, Eucarida, Eucarida",Eukaryota,Arthropoda,Malacostraca,Eucarida,Eucarida,Eucarida,NA,76.7,4,S034171,9,bird dropping,NA,CCBER,Killdeer fresh dropping
18,ESV_025185,GCTACTACCGATTGAATGATTTAGTGAGGTCTTCGGACTGGTACGCGGTGATGTTTCGACATTACCGATGTCGCTGGGAAGATGACCAAACTTGATTATTTAGAGGAAGTAAAAGTCGTAACAAGGTTTCC,"Eukaryota, Arthropoda, Insecta, Coleoptera, Coleoptera, Coleoptera",Eukaryota,Arthropoda,Insecta,Coleoptera,Coleoptera,Coleoptera,NA,100,4,S034171,8,bird dropping,NA,CCBER,Killdeer fresh dropping
UniCOI,ESV_078948,TTTGTCAGGGGCCATTGCTCATGCAGGGGCTTCGGTTGATTTGAGAATTTTCTCATTGCATTTGGCAGGGATCTCGTCGATTTTAGGGGCAATTAATTTCATCACAACGGTGATTAATATACGTCCCTCGGGTCTTAAGTTAGAACGAATACCTTTGTTTGTGTGGTCCGTAGCCATTACAGCGCTTTTATTGTTATTGTCCTTACCGGTATTGGCGGGGGCCATTACTATGCTTTTGACGGATCGGAATTTAAATACGTCTTTTTTCGACCCTGCAGGAGGGGGGGACCCCATTCTCTATCAACATTTATTC,"Eukaryota, Arthropoda, Insecta, Dermaptera, Forficulidae, Forficula, Forficula mediterranea",Eukaryota,Arthropoda,Insecta,Dermaptera,Forficulidae,Forficula,Forficula mediterranea,99.4,1,S034168,123,owl pellet,NA,CCBER,ground owl pellet
UniCOI,ESV_078954,TTTGTCAGGGGCCATTGCTCATGCAGGGGCTTCGGTTGATTTGAGAATTTTCTCATTGCATTTGGCAGGGATCTCGTCGATTTTAGGGGCAATTAATTTCATCACAACGGTGATTAATATACGTCTCTCGGGTCTTAAGTTAGAACGAATACCTTTGTTTGTGTGGTCCGTAGCCATTACAGCGCTTTTATTGTTATTGTCCTTACCGGTATTGGCGGGGGCCATTACTATGCTTTTGACGGATCGGAATTTAAATACGTCTTTTTTCGACCCTGCAGGAGGGGGGGACCCCATTCTCTATCAACATTTATTC,"Eukaryota, Arthropoda, Insecta, Dermaptera, Forficulidae, Forficula, Forficula mediterranea",Eukaryota,Arthropoda,Insecta,Dermaptera,Forficulidae,Forficula,Forficula mediterranea,99,1,S034168,11,owl pellet,NA,CCBER,ground owl pellet
ArthCOI,ESV_027544,GGATCTGAGGGGGACTCGTAGGTACAACTATAAGAGTTCTTATTCGAACTGAATTAGCTGTTCCTGGGTCTTTTTTAGGTGAGCAGGTTTATAACACTGTTGTTACTGCCCATGCATTCTTAATGATTTTCTTTTTAGTGATGCCTGTGTTTATG,"Eukaryota, Annelida, Polychaeta, unk_order, Capitellidae, Capitella, Capitella teleta",Eukaryota,Annelida,Polychaeta,unk_order,Capitellidae,Capitella,Capitella teleta,85.2,1,XFXCT0L6,3714,NVBR,2022-02-23,NCOS,Venoco Bridge
ArthCOI,ESV_027544,GGATCTGAGGGGGACTCGTAGGTACAACTATAAGAGTTCTTATTCGAACTGAATTAGCTGTTCCTGGGTCTTTTTTAGGTGAGCAGGTTTATAACACTGTTGTTACTGCCCATGCATTCTTAATGATTTTCTTTTTAGTGATGCCTGTGTTTATG,"Eukaryota, Annelida, Polychaeta, unk_order, Capitellidae, Capitella, Capitella teleta",Eukaryota,Annelida,Polychaeta,unk_order,Capitellidae,Capitella,Capitella teleta,85.2,1,XEL7KT2G,1425,NDC,2022-01-28,NCOS,Devereux Creek
ArthCOI,ESV_027544,GGATCTGAGGGGGACTCGTAGGTACAACTATAAGAGTTCTTATTCGAACTGAATTAGCTGTTCCTGGGTCTTTTTTAGGTGAGCAGGTTTATAACACTGTTGTTACTGCCCATGCATTCTTAATGATTTTCTTTTTAGTGATGCCTGTGTTTATG,"Eukaryota, Annelida, Polychaeta, unk_order, Capitellidae, Capitella, Capitella teleta",Eukaryota,Annelida,Polychaeta,unk_order,Capitellidae,Capitella,Capitella teleta,85.2,1,O0LYM0YU,7789,PIER,2022-02-26,COPR,Pier
ArthCOI,ESV_027544,GGATCTGAGGGGGACTCGTAGGTACAACTATAAGAGTTCTTATTCGAACTGAATTAGCTGTTCCTGGGTCTTTTTTAGGTGAGCAGGTTTATAACACTGTTGTTACTGCCCATGCATTCTTAATGATTTTCTTTTTAGTGATGCCTGTGTTTATG,"Eukaryota, Annelida, Polychaeta, unk_order, Capitellidae, Capitella, Capitella teleta",Eukaryota,Annelida,Polychaeta,unk_order,Capitellidae,Capitella,Capitella teleta,85.2,1,CGEMAYKY,6837,MO1,2022-02-24,COPR,Mouth
ArthCOI,ESV_027544,GGATCTGAGGGGGACTCGTAGGTACAACTATAAGAGTTCTTATTCGAACTGAATTAGCTGTTCCTGGGTCTTTTTTAGGTGAGCAGGTTTATAACACTGTTGTTACTGCCCATGCATTCTTAATGATTTTCTTTTTAGTGATGCCTGTGTTTATG,"Eukaryota, Annelida, Polychaeta, unk_order, Capitellidae, Capitella, Capitella teleta",Eukaryota,Annelida,Polychaeta,unk_order,Capitellidae,Capitella,Capitella teleta,85.2,1,38WW1C5A,980,CUL1,2022-02-22,COPR,Culvert
ArthCOI,ESV_027544,GGATCTGAGGGGGACTCGTAGGTACAACTATAAGAGTTCTTATTCGAACTGAATTAGCTGTTCCTGGGTCTTTTTTAGGTGAGCAGGTTTATAACACTGTTGTTACTGCCCATGCATTCTTAATGATTTTCTTTTTAGTGATGCCTGTGTTTATG,"Eukaryota, Annelida, Polychaeta, unk_order, Capitellidae, Capitella, Capitella teleta",Eukaryota,Annelida,Polychaeta,unk_order,Capitellidae,Capitella,Capitella teleta,85.2,1,17OXC1IX,20,NVP2,2022-01-20,NCOS,Vernal Pool 2
ArthCOI,ESV_027544,GGATCTGAGGGGGACTCGTAGGTACAACTATAAGAGTTCTTATTCGAACTGAATTAGCTGTTCCTGGGTCTTTTTTAGGTGAGCAGGTTTATAACACTGTTGTTACTGCCCATGCATTCTTAATGATTTTCTTTTTAGTGATGCCTGTGTTTATG,"Eukaryota, Annelida, Polychaeta, unk_order, Capitellidae, Capitella, Capitella teleta",Eukaryota,Annelida,Polychaeta,unk_order,Capitellidae,Capitella,Capitella teleta,85.2,1,0NOSWX7W,320,NEC,2022-02-25,NCOS,East Channel
ArthCOI,ESV_027544,GGATCTGAGGGGGACTCGTAGGTACAACTATAAGAGTTCTTATTCGAACTGAATTAGCTGTTCCTGGGTCTTTTTTAGGTGAGCAGGTTTATAACACTGTTGTTACTGCCCATGCATTCTTAATGATTTTCTTTTTAGTGATGCCTGTGTTTATG,"Eukaryota, Annelida, Polychaeta, unk_order, Capitellidae, Capitella, Capitella teleta",Eukaryota,Annelida,Polychaeta,unk_order,Capitellidae,Capitella,Capitella teleta,85.2,1,0IOX2T8L,26,NPB1,2022-02-23,NCOS,Phelps Bridge 1
ArthCOI,ESV_004660,AGTATGATCAGGAATGGTTGGGACTGCTCTAAGTATACTAATTCGTGCTGAACTAGGGCAATCAGGAAGACTTATTGGTGATGATCAAATCTATAACGTAATTGTTACAGCCCATGCTTTTGTGATAATTTTCTTCATGGTTATACCAATTATAATC,"Eukaryota, Arthropoda, Branchiopoda, Diplostraca, Daphniidae, Ceriodaphnia",Eukaryota,Arthropoda,Branchiopoda,Diplostraca,Daphniidae,Ceriodaphnia,NA,100,3,GJDV8PYM,13049,NWP,2022-01-28,NCOS,West Pond
ArthCOI,ESV_000027,TGGTTTTGCTGGAGTTTTAGGGACGTGTTTTTCATTACTTATTCGTATGGAATTATCACACCCTGGAAACCAAATTTTAAACGGAAACCACCAACTGTATAATGTTATCATTACTGCACACGCATTTTTAATGATTTTTTTCATGGTAATGCCAGTATTAATG,"Eukaryota, Mollusca, Bivalvia, Galeommatida, Montacutidae, Kurtiella, Kurtiella bidentata",Eukaryota,Mollusca,Bivalvia,Galeommatida,Montacutidae,Kurtiella,Kurtiella bidentata,84,1,XFXCT0L6,18,NVBR,2022-02-23,NCOS,Venoco Bridge
ArthCOI,ESV_000027,TGGTTTTGCTGGAGTTTTAGGGACGTGTTTTTCATTACTTATTCGTATGGAATTATCACACCCTGGAAACCAAATTTTAAACGGAAACCACCAACTGTATAATGTTATCATTACTGCACACGCATTTTTAATGATTTTTTTCATGGTAATGCCAGTATTAATG,"Eukaryota, Mollusca, Bivalvia, Galeommatida, Montacutidae, Kurtiella, Kurtiella bidentata",Eukaryota,Mollusca,Bivalvia,Galeommatida,Montacutidae,Kurtiella,Kurtiella bidentata,84,1,GJDV8PYM,14,NWP,2022-01-28,NCOS,West Pond
ArthCOI,ESV_000027,TGGTTTTGCTGGAGTTTTAGGGACGTGTTTTTCATTACTTATTCGTATGGAATTATCACACCCTGGAAACCAAATTTTAAACGGAAACCACCAACTGTATAATGTTATCATTACTGCACACGCATTTTTAATGATTTTTTTCATGGTAATGCCAGTATTAATG,"Eukaryota, Mollusca, Bivalvia, Galeommatida, Montacutidae, Kurtiella, Kurtiella bidentata",Eukaryota,Mollusca,Bivalvia,Galeommatida,Montacutidae,Kurtiella,Kurtiella bidentata,84,1,0NOSWX7W,9,NEC,2022-02-25,NCOS,East Channel
ArthCOI,ESV_000027,TGGTTTTGCTGGAGTTTTAGGGACGTGTTTTTCATTACTTATTCGTATGGAATTATCACACCCTGGAAACCAAATTTTAAACGGAAACCACCAACTGTATAATGTTATCATTACTGCACACGCATTTTTAATGATTTTTTTCATGGTAATGCCAGTATTAATG,"Eukaryota, Mollusca, Bivalvia, Galeommatida, Montacutidae, Kurtiella, Kurtiella bidentata",Eukaryota,Mollusca,Bivalvia,Galeommatida,Montacutidae,Kurtiella,Kurtiella bidentata,84,1,0IOX2T8L,4570,NPB1,2022-02-23,NCOS,Phelps Bridge 1
ArthCOI,ESV_027559,AATTTGATCTGGTATAGTAGGAACAGCACTTAGTATATTAATTCGATTTGAGTTAGCTCAAGCAGGAAGTTTTATTGGGGACGACCAAATTTACAATGTTATTGTCACTGCCCATGCTTTTATTATAATTTTCTTTATAGTAATACCTATCTTAATT,"Eukaryota, Arthropoda, Branchiopoda, Diplostraca, Moinidae, Moina",Eukaryota,Arthropoda,Branchiopoda,Diplostraca,Moinidae,Moina,NA,97.5,7,GJDV8PYM,2734,NWP,2022-01-28,NCOS,West Pond
ArthCOI,ESV_027559,AATTTGATCTGGTATAGTAGGAACAGCACTTAGTATATTAATTCGATTTGAGTTAGCTCAAGCAGGAAGTTTTATTGGGGACGACCAAATTTACAATGTTATTGTCACTGCCCATGCTTTTATTATAATTTTCTTTATAGTAATACCTATCTTAATT,"Eukaryota, Arthropoda, Branchiopoda, Diplostraca, Moinidae, Moina",Eukaryota,Arthropoda,Branchiopoda,Diplostraca,Moinidae,Moina,NA,97.5,7,0IOX2T8L,8,NPB1,2022-02-23,NCOS,Phelps Bridge 1
ArthCOI,ESV_027576,GGATCTGAGGGGGACTCGTAGGTACAACTATAAGAGTTCTTATTCGAACTGAATTAGCTGTTCCTGGGTCTTTTTTAGGTGAGCAGGTTTATAACACTGTTGTTACTGCCCATGCATTCTTAATGATTTTCTTTTTAGTGATGCCTGTATTTATG,"Eukaryota, Annelida, Polychaeta, unk_order, Capitellidae, Capitella, Capitella teleta",Eukaryota,Annelida,Polychaeta,unk_order,Capitellidae,Capitella,Capitella teleta,84.5,1,XFXCT0L6,717,NVBR,2022-02-23,NCOS,Venoco Bridge
ArthCOI,ESV_027576,GGATCTGAGGGGGACTCGTAGGTACAACTATAAGAGTTCTTATTCGAACTGAATTAGCTGTTCCTGGGTCTTTTTTAGGTGAGCAGGTTTATAACACTGTTGTTACTGCCCATGCATTCTTAATGATTTTCTTTTTAGTGATGCCTGTATTTATG,"Eukaryota, Annelida, Polychaeta, unk_order, Capitellidae, Capitella, Capitella teleta",Eukaryota,Annelida,Polychaeta,unk_order,Capitellidae,Capitella,Capitella teleta,84.5,1,O0LYM0YU,883,PIER,2022-02-26,COPR,Pier
ArthCOI,ESV_027576,GGATCTGAGGGGGACTCGTAGGTACAACTATAAGAGTTCTTATTCGAACTGAATTAGCTGTTCCTGGGTCTTTTTTAGGTGAGCAGGTTTATAACACTGTTGTTACTGCCCATGCATTCTTAATGATTTTCTTTTTAGTGATGCCTGTATTTATG,"Eukaryota, Annelida, Polychaeta, unk_order, Capitellidae, Capitella, Capitella teleta",Eukaryota,Annelida,Polychaeta,unk_order,Capitellidae,Capitella,Capitella teleta,84.5,1,CGEMAYKY,658,MO1,2022-02-24,COPR,Mouth
ArthCOI,ESV_027576,GGATCTGAGGGGGACTCGTAGGTACAACTATAAGAGTTCTTATTCGAACTGAATTAGCTGTTCCTGGGTCTTTTTTAGGTGAGCAGGTTTATAACACTGTTGTTACTGCCCATGCATTCTTAATGATTTTCTTTTTAGTGATGCCTGTATTTATG,"Eukaryota, Annelida, Polychaeta, unk_order, Capitellidae, Capitella, Capitella teleta",Eukaryota,Annelida,Polychaeta,unk_order,Capitellidae,Capitella,Capitella teleta,84.5,1,38WW1C5A,102,CUL1,2022-02-22,COPR,Culvert
ArthCOI,ESV_027576,GGATCTGAGGGGGACTCGTAGGTACAACTATAAGAGTTCTTATTCGAACTGAATTAGCTGTTCCTGGGTCTTTTTTAGGTGAGCAGGTTTATAACACTGTTGTTACTGCCCATGCATTCTTAATGATTTTCTTTTTAGTGATGCCTGTATTTATG,"Eukaryota, Annelida, Polychaeta, unk_order, Capitellidae, Capitella, Capitella teleta",Eukaryota,Annelida,Polychaeta,unk_order,Capitellidae,Capitella,Capitella teleta,84.5,1,0NOSWX7W,21,NEC,2022-02-25,NCOS,East Channel
ArthCOI,ESV_027506,GGATCTGAGGGGGACTCGTAGGTACAACTATAAGAGTTCTTATTCGAACTGAATTAGCTGTTCCTGGGTCTTTTTTAGGTGAGCAGGTTTACAACACTGTTGTTACTGCCCATGCATTCTTAATGATTTTCTTTTTAGTGATGCCTGTGTTCATG,"Eukaryota, Annelida, Polychaeta, unk_order, Capitellidae, Capitella, Capitella teleta",Eukaryota,Annelida,Polychaeta,unk_order,Capitellidae,Capitella,Capitella teleta,83.9,1,XFXCT0L6,113,NVBR,2022-02-23,NCOS,Venoco Bridge
ArthCOI,ESV_027506,GGATCTGAGGGGGACTCGTAGGTACAACTATAAGAGTTCTTATTCGAACTGAATTAGCTGTTCCTGGGTCTTTTTTAGGTGAGCAGGTTTACAACACTGTTGTTACTGCCCATGCATTCTTAATGATTTTCTTTTTAGTGATGCCTGTGTTCATG,"Eukaryota, Annelida, Polychaeta, unk_order, Capitellidae, Capitella, Capitella teleta",Eukaryota,Annelida,Polychaeta,unk_order,Capitellidae,Capitella,Capitella teleta,83.9,1,XEL7KT2G,218,NDC,2022-01-28,NCOS,Devereux Creek
ArthCOI,ESV_027506,GGATCTGAGGGGGACTCGTAGGTACAACTATAAGAGTTCTTATTCGAACTGAATTAGCTGTTCCTGGGTCTTTTTTAGGTGAGCAGGTTTACAACACTGTTGTTACTGCCCATGCATTCTTAATGATTTTCTTTTTAGTGATGCCTGTGTTCATG,"Eukaryota, Annelida, Polychaeta, unk_order, Capitellidae, Capitella, Capitella teleta",Eukaryota,Annelida,Polychaeta,unk_order,Capitellidae,Capitella,Capitella teleta,83.9,1,O0LYM0YU,609,PIER,2022-02-26,COPR,Pier
ArthCOI,ESV_027506,GGATCTGAGGGGGACTCGTAGGTACAACTATAAGAGTTCTTATTCGAACTGAATTAGCTGTTCCTGGGTCTTTTTTAGGTGAGCAGGTTTACAACACTGTTGTTACTGCCCATGCATTCTTAATGATTTTCTTTTTAGTGATGCCTGTGTTCATG,"Eukaryota, Annelida, Polychaeta, unk_order, Capitellidae, Capitella, Capitella teleta",Eukaryota,Annelida,Polychaeta,unk_order,Capitellidae,Capitella,Capitella teleta,83.9,1,CGEMAYKY,628,MO1,2022-02-24,COPR,Mouth
ArthCOI,ESV_027506,GGATCTGAGGGGGACTCGTAGGTACAACTATAAGAGTTCTTATTCGAACTGAATTAGCTGTTCCTGGGTCTTTTTTAGGTGAGCAGGTTTACAACACTGTTGTTACTGCCCATGCATTCTTAATGATTTTCTTTTTAGTGATGCCTGTGTTCATG,"Eukaryota, Annelida, Polychaeta, unk_order, Capitellidae, Capitella, Capitella teleta",Eukaryota,Annelida,Polychaeta,unk_order,Capitellidae,Capitella,Capitella teleta,83.9,1,38WW1C5A,58,CUL1,2022-02-22,COPR,Culvert
ArthCOI,ESV_027506,GGATCTGAGGGGGACTCGTAGGTACAACTATAAGAGTTCTTATTCGAACTGAATTAGCTGTTCCTGGGTCTTTTTTAGGTGAGCAGGTTTACAACACTGTTGTTACTGCCCATGCATTCTTAATGATTTTCTTTTTAGTGATGCCTGTGTTCATG,"Eukaryota, Annelida, Polychaeta, unk_order, Capitellidae, Capitella, Capitella teleta",Eukaryota,Annelida,Polychaeta,unk_order,Capitellidae,Capitella,Capitella teleta,83.9,1,0NOSWX7W,58,NEC,2022-02-25,NCOS,East Channel
ArthCOI,ESV_027506,GGATCTGAGGGGGACTCGTAGGTACAACTATAAGAGTTCTTATTCGAACTGAATTAGCTGTTCCTGGGTCTTTTTTAGGTGAGCAGGTTTACAACACTGTTGTTACTGCCCATGCATTCTTAATGATTTTCTTTTTAGTGATGCCTGTGTTCATG,"Eukaryota, Annelida, Polychaeta, unk_order, Capitellidae, Capitella, Capitella teleta",Eukaryota,Annelida,Polychaeta,unk_order,Capitellidae,Capitella,Capitella teleta,83.9,1,0CEL3NO8,76,NPB,2022-02-21,NCOS,Phelps Bridge
ArthCOI,ESV_027558,GGATCTGAGGGGGACTCGTAGGTACAACTATAAGAGTTCTTATTCGAACTGAATTAGCTGTTCCTGGGTCTTTTTTAGGTGAGCAGGTTTATAACACTGTTGTTACTGCTCATGCATTCTTAATGATTTTCTTTTTAGTGATGCCTGTGTTCATG,"Eukaryota, Annelida, Polychaeta, unk_order, Capitellidae, Capitella, Capitella teleta",Eukaryota,Annelida,Polychaeta,unk_order,Capitellidae,Capitella,Capitella teleta,85.2,1,XFXCT0L6,562,NVBR,2022-02-23,NCOS,Venoco Bridge
ArthCOI,ESV_027558,GGATCTGAGGGGGACTCGTAGGTACAACTATAAGAGTTCTTATTCGAACTGAATTAGCTGTTCCTGGGTCTTTTTTAGGTGAGCAGGTTTATAACACTGTTGTTACTGCTCATGCATTCTTAATGATTTTCTTTTTAGTGATGCCTGTGTTCATG,"Eukaryota, Annelida, Polychaeta, unk_order, Capitellidae, Capitella, Capitella teleta",Eukaryota,Annelida,Polychaeta,unk_order,Capitellidae,Capitella,Capitella teleta,85.2,1,O0LYM0YU,392,PIER,2022-02-26,COPR,Pier
ArthCOI,ESV_027558,GGATCTGAGGGGGACTCGTAGGTACAACTATAAGAGTTCTTATTCGAACTGAATTAGCTGTTCCTGGGTCTTTTTTAGGTGAGCAGGTTTATAACACTGTTGTTACTGCTCATGCATTCTTAATGATTTTCTTTTTAGTGATGCCTGTGTTCATG,"Eukaryota, Annelida, Polychaeta, unk_order, Capitellidae, Capitella, Capitella teleta",Eukaryota,Annelida,Polychaeta,unk_order,Capitellidae,Capitella,Capitella teleta,85.2,1,CGEMAYKY,602,MO1,2022-02-24,COPR,Mouth
ArthCOI,ESV_027558,GGATCTGAGGGGGACTCGTAGGTACAACTATAAGAGTTCTTATTCGAACTGAATTAGCTGTTCCTGGGTCTTTTTTAGGTGAGCAGGTTTATAACACTGTTGTTACTGCTCATGCATTCTTAATGATTTTCTTTTTAGTGATGCCTGTGTTCATG,"Eukaryota, Annelida, Polychaeta, unk_order, Capitellidae, Capitella, Capitella teleta",Eukaryota,Annelida,Polychaeta,unk_order,Capitellidae,Capitella,Capitella teleta,85.2,1,38WW1C5A,63,CUL1,2022-02-22,COPR,Culvert
ArthCOI,ESV_027558,GGATCTGAGGGGGACTCGTAGGTACAACTATAAGAGTTCTTATTCGAACTGAATTAGCTGTTCCTGGGTCTTTTTTAGGTGAGCAGGTTTATAACACTGTTGTTACTGCTCATGCATTCTTAATGATTTTCTTTTTAGTGATGCCTGTGTTCATG,"Eukaryota, Annelida, Polychaeta, unk_order, Capitellidae, Capitella, Capitella teleta",Eukaryota,Annelida,Polychaeta,unk_order,Capitellidae,Capitella,Capitella teleta,85.2,1,0NOSWX7W,16,NEC,2022-02-25,NCOS,East Channel
ArthCOI,ESV_027558,GGATCTGAGGGGGACTCGTAGGTACAACTATAAGAGTTCTTATTCGAACTGAATTAGCTGTTCCTGGGTCTTTTTTAGGTGAGCAGGTTTATAACACTGTTGTTACTGCTCATGCATTCTTAATGATTTTCTTTTTAGTGATGCCTGTGTTCATG,"Eukaryota, Annelida, Polychaeta, unk_order, Capitellidae, Capitella, Capitella teleta",Eukaryota,Annelida,Polychaeta,unk_order,Capitellidae,Capitella,Capitella teleta,85.2,1,0IOX2T8L,8,NPB1,2022-02-23,NCOS,Phelps Bridge 1
ArthCOI,ESV_027511,GGATCTGAGGGGGACTCGTAGGTACAACTATAAGAGTTCTTATTCGAACTGAATTAGCTGTTCCTGGGTCTTTTTTAGGTGAGCAGGTTTATAACACTGTTGTTACTGCCCATGCATTCTTAATGATTTTCTTTTTAGTGATGCCTGTGTTCATG,"Eukaryota, Annelida, Polychaeta, unk_order, Capitellidae, Capitella, Capitella teleta",Eukaryota,Annelida,Polychaeta,unk_order,Capitellidae,Capitella,Capitella teleta,84.5,1,XFXCT0L6,293,NVBR,2022-02-23,NCOS,Venoco Bridge
ArthCOI,ESV_027511,GGATCTGAGGGGGACTCGTAGGTACAACTATAAGAGTTCTTATTCGAACTGAATTAGCTGTTCCTGGGTCTTTTTTAGGTGAGCAGGTTTATAACACTGTTGTTACTGCCCATGCATTCTTAATGATTTTCTTTTTAGTGATGCCTGTGTTCATG,"Eukaryota, Annelida, Polychaeta, unk_order, Capitellidae, Capitella, Capitella teleta",Eukaryota,Annelida,Polychaeta,unk_order,Capitellidae,Capitella,Capitella teleta,84.5,1,O0LYM0YU,584,PIER,2022-02-26,COPR,Pier
ArthCOI,ESV_027511,GGATCTGAGGGGGACTCGTAGGTACAACTATAAGAGTTCTTATTCGAACTGAATTAGCTGTTCCTGGGTCTTTTTTAGGTGAGCAGGTTTATAACACTGTTGTTACTGCCCATGCATTCTTAATGATTTTCTTTTTAGTGATGCCTGTGTTCATG,"Eukaryota, Annelida, Polychaeta, unk_order, Capitellidae, Capitella, Capitella teleta",Eukaryota,Annelida,Polychaeta,unk_order,Capitellidae,Capitella,Capitella teleta,84.5,1,CGEMAYKY,502,MO1,2022-02-24,COPR,Mouth
ArthCOI,ESV_027511,GGATCTGAGGGGGACTCGTAGGTACAACTATAAGAGTTCTTATTCGAACTGAATTAGCTGTTCCTGGGTCTTTTTTAGGTGAGCAGGTTTATAACACTGTTGTTACTGCCCATGCATTCTTAATGATTTTCTTTTTAGTGATGCCTGTGTTCATG,"Eukaryota, Annelida, Polychaeta, unk_order, Capitellidae, Capitella, Capitella teleta",Eukaryota,Annelida,Polychaeta,unk_order,Capitellidae,Capitella,Capitella teleta,84.5,1,38WW1C5A,130,CUL1,2022-02-22,COPR,Culvert
ArthCOI,ESV_027511,GGATCTGAGGGGGACTCGTAGGTACAACTATAAGAGTTCTTATTCGAACTGAATTAGCTGTTCCTGGGTCTTTTTTAGGTGAGCAGGTTTATAACACTGTTGTTACTGCCCATGCATTCTTAATGATTTTCTTTTTAGTGATGCCTGTGTTCATG,"Eukaryota, Annelida, Polychaeta, unk_order, Capitellidae, Capitella, Capitella teleta",Eukaryota,Annelida,Polychaeta,unk_order,Capitellidae,Capitella,Capitella teleta,84.5,1,0NOSWX7W,31,NEC,2022-02-25,NCOS,East Channel
ArthCOI,ESV_027511,GGATCTGAGGGGGACTCGTAGGTACAACTATAAGAGTTCTTATTCGAACTGAATTAGCTGTTCCTGGGTCTTTTTTAGGTGAGCAGGTTTATAACACTGTTGTTACTGCCCATGCATTCTTAATGATTTTCTTTTTAGTGATGCCTGTGTTCATG,"Eukaryota, Annelida, Polychaeta, unk_order, Capitellidae, Capitella, Capitella teleta",Eukaryota,Annelida,Polychaeta,unk_order,Capitellidae,Capitella,Capitella teleta,84.5,1,0CEL3NO8,30,NPB,2022-02-21,NCOS,Phelps Bridge
ArthCOI,ESV_027645,TTTATTTGCAGGTATTATCGGAACTATTTTTAGTTTTTTTATTCGTTTAGAACTTGCCTCTGTTGGTAGTTTTTATTTTTCAGGAAATTATCAGCTTTATAATGTTCTTATTACGGCTCATGCGTTTGTTATGATTTTTTTTATGGTTATGCCGGTATTAATC,"Eukaryota, Arthropoda, Arachnida",Eukaryota,Arthropoda,Arachnida,NA,NA,NA,NA,73.6,2,53CM7JPJ,1330,VP1,2022-01-14,COPR,Vernal Pool 1
ArthCOI,ESV_027646,TTTATTTGCGGGTATTATCGGAACTATTTTTAGTTTTTTTATTCGTTTAGAGCTTGCTTCTGTTGGTAGTTTTTATTTTTCAGGAAATTATCAACTTTATAATGTTCTTATTACAGCTCATGCGTTTGTTATGATTTTTTTTATGGTTATGCCAGTGTTAATC,"Eukaryota, Arthropoda, Arachnida, Trombidiformes, Eriophyidae, Acalitus, Acalitus vaccinii",Eukaryota,Arthropoda,Arachnida,Trombidiformes,Eriophyidae,Acalitus,Acalitus vaccinii,73.6,1,53CM7JPJ,624,VP1,2022-01-14,COPR,Vernal Pool 1
ArthCOI,ESV_027631,GGATCTGAGGGGGACTCGTAGGTACAACTATAAGAGTTCTTATTCGAACTGAATTAGCTGTTCCTGGGTCTTTTTTAGGTGAGCAGGTTTATAACACTGTTGTTACTGCTCATGCATTCTTAATGATTTTCTTTTTAGTGATGCCTGTGTTTATG,"Eukaryota, Annelida, Polychaeta, unk_order, Capitellidae, Capitella, Capitella teleta",Eukaryota,Annelida,Polychaeta,unk_order,Capitellidae,Capitella,Capitella teleta,85.8,1,XFXCT0L6,206,NVBR,2022-02-23,NCOS,Venoco Bridge
ArthCOI,ESV_027631,GGATCTGAGGGGGACTCGTAGGTACAACTATAAGAGTTCTTATTCGAACTGAATTAGCTGTTCCTGGGTCTTTTTTAGGTGAGCAGGTTTATAACACTGTTGTTACTGCTCATGCATTCTTAATGATTTTCTTTTTAGTGATGCCTGTGTTTATG,"Eukaryota, Annelida, Polychaeta, unk_order, Capitellidae, Capitella, Capitella teleta",Eukaryota,Annelida,Polychaeta,unk_order,Capitellidae,Capitella,Capitella teleta,85.8,1,CGEMAYKY,257,MO1,2022-02-24,COPR,Mouth
ArthCOI,ESV_027631,GGATCTGAGGGGGACTCGTAGGTACAACTATAAGAGTTCTTATTCGAACTGAATTAGCTGTTCCTGGGTCTTTTTTAGGTGAGCAGGTTTATAACACTGTTGTTACTGCTCATGCATTCTTAATGATTTTCTTTTTAGTGATGCCTGTGTTTATG,"Eukaryota, Annelida, Polychaeta, unk_order, Capitellidae, Capitella, Capitella teleta",Eukaryota,Annelida,Polychaeta,unk_order,Capitellidae,Capitella,Capitella teleta,85.8,1,38WW1C5A,84,CUL1,2022-02-22,COPR,Culvert
ArthCOI,ESV_027856,GGATCTGAGGGGGACTCGTAGGTACAACTATAAGAGTTCTTATTCGAACTGAATTAGCTGTTCCTGGGTCTTTTTTAGGTGAGCAGGTTTATAATACTGTTGTTACTGCCCATGCATTCTTAATGATTTTCTTTTTAGTGATGCCTGTGTTTATG,"Eukaryota, Annelida, Polychaeta, unk_order, Capitellidae, Capitella, Capitella teleta",Eukaryota,Annelida,Polychaeta,unk_order,Capitellidae,Capitella,Capitella teleta,84.5,1,XFXCT0L6,238,NVBR,2022-02-23,NCOS,Venoco Bridge
ArthCOI,ESV_027778,TATTTGATCAGGAATGGTAGGTACAGCTTTAAGCTTACTTATTCGTGCTGAACTTGGGCAATCTGGAAGTTTAATTGGAGATGATCAAATTTACAATGTAATTGTAACTGCACATGCATTTGTAATAATTTTTTTTATGGTCATACCAATCATAATC,"Eukaryota, Arthropoda, Branchiopoda, Diplostraca, Daphniidae, Daphnia, Daphnia sp. 1 SA-2003",Eukaryota,Arthropoda,Branchiopoda,Diplostraca,Daphniidae,Daphnia,Daphnia sp. 1 SA-2003,95.5,1,XEL7KT2G,187,NDC,2022-01-28,NCOS,Devereux Creek
ArthCOI,ESV_027778,TATTTGATCAGGAATGGTAGGTACAGCTTTAAGCTTACTTATTCGTGCTGAACTTGGGCAATCTGGAAGTTTAATTGGAGATGATCAAATTTACAATGTAATTGTAACTGCACATGCATTTGTAATAATTTTTTTTATGGTCATACCAATCATAATC,"Eukaryota, Arthropoda, Branchiopoda, Diplostraca, Daphniidae, Daphnia, Daphnia sp. 1 SA-2003",Eukaryota,Arthropoda,Branchiopoda,Diplostraca,Daphniidae,Daphnia,Daphnia sp. 1 SA-2003,95.5,1,GJDV8PYM,39,NWP,2022-01-28,NCOS,West Pond
ArthCOI,ESV_027753,GGATCTGAGGGGGACTCGTAGGTACAACTATAAGAGTTCTTATTCGAACTGAATTAGCTGTTCCTGGGTCTTTTTTAGGTGAGCAGGTTTACAACACTGTTGTTACTGCCCATGCATTCTTAATGATTTTCTTTTTAGTGATGCCTGTGTTTATG,"Eukaryota, Annelida, Polychaeta, unk_order, Capitellidae, Capitella, Capitella teleta",Eukaryota,Annelida,Polychaeta,unk_order,Capitellidae,Capitella,Capitella teleta,84.5,1,XEL7KT2G,116,NDC,2022-01-28,NCOS,Devereux Creek
ArthCOI,ESV_027753,GGATCTGAGGGGGACTCGTAGGTACAACTATAAGAGTTCTTATTCGAACTGAATTAGCTGTTCCTGGGTCTTTTTTAGGTGAGCAGGTTTACAACACTGTTGTTACTGCCCATGCATTCTTAATGATTTTCTTTTTAGTGATGCCTGTGTTTATG,"Eukaryota, Annelida, Polychaeta, unk_order, Capitellidae, Capitella, Capitella teleta",Eukaryota,Annelida,Polychaeta,unk_order,Capitellidae,Capitella,Capitella teleta,84.5,1,CGEMAYKY,96,MO1,2022-02-24,COPR,Mouth
ArthCOI,ESV_027528,TGGTTTTGCTGGAGTTTTAGGGACGTGTCTTTCATTACTTATTCGTATGGAATTATCACACCCTGGAAACCAAATTTTAAACGGAAACCACCAACTGTATAATGTTATCATTACTGCACACGCATTTTTAATGATTTTTTTCATGGTAATGCCAGTATTAATG,"Eukaryota, Mollusca, Bivalvia, Galeommatida, Montacutidae, Kurtiella, Kurtiella bidentata",Eukaryota,Mollusca,Bivalvia,Galeommatida,Montacutidae,Kurtiella,Kurtiella bidentata,83.4,1,0IOX2T8L,200,NPB1,2022-02-23,NCOS,Phelps Bridge 1
ArthCOI,ESV_027844,GGATCTGAGGGGGACTCGTAGGTACAACTATAAGAGTTCTTATTCGAACTGGATTAGCTGTTCCTGGGTCTTTTTTAGGTGAGCAGGTTTATAACACTGTTGTTACTGCCCATGCATTCTTAATGATTTTCTTTTTAGTGATGCCTGTGTTTATG,"Eukaryota, Annelida, Polychaeta, unk_order, Capitellidae, Capitella, Capitella teleta",Eukaryota,Annelida,Polychaeta,unk_order,Capitellidae,Capitella,Capitella teleta,84.5,1,XEL7KT2G,174,NDC,2022-01-28,NCOS,Devereux Creek
ArthCOI,ESV_027717,GGCGTGAGCTGCCATATTCGGCAGAGCACTTAGCTCTATCATTCGACTTGAATTAATACAGCCTGGAACTTTTATTGGAGATGATCAAATTTACAACACTGTTGTGACAGCTCATGCTTTTGTTATAATTTTCTTTATAGTTATGCCTATTTTAATT,"Eukaryota, Arthropoda",Eukaryota,Arthropoda,NA,NA,NA,NA,NA,80.9,17,O0LYM0YU,10,PIER,2022-02-26,COPR,Pier
ArthCOI,ESV_027717,GGCGTGAGCTGCCATATTCGGCAGAGCACTTAGCTCTATCATTCGACTTGAATTAATACAGCCTGGAACTTTTATTGGAGATGATCAAATTTACAACACTGTTGTGACAGCTCATGCTTTTGTTATAATTTTCTTTATAGTTATGCCTATTTTAATT,"Eukaryota, Arthropoda",Eukaryota,Arthropoda,NA,NA,NA,NA,NA,80.9,17,5J7FNP4O,158,NVP4,2022-01-20,NCOS,Vernal Pool 4
ArthCOI,ESV_027759,GGATCTGAGGGGGACTCGTAGGTACAACTATAAGAGTTCTTATTCGAACTGAATTAGCTGTGCCTGGGTCTTTTTTAGGTGAGCAGGTTTATAACACTGTTGTTACTGCTCATGCATTCTTAATGATTTTCTTTTTAGTGATGCCTGTGTTTATG,"Eukaryota, Annelida, Polychaeta, unk_order, Capitellidae, Capitella, Capitella teleta",Eukaryota,Annelida,Polychaeta,unk_order,Capitellidae,Capitella,Capitella teleta,85.2,1,O0LYM0YU,134,PIER,2022-02-26,COPR,Pier
ArthCOI,ESV_027759,GGATCTGAGGGGGACTCGTAGGTACAACTATAAGAGTTCTTATTCGAACTGAATTAGCTGTGCCTGGGTCTTTTTTAGGTGAGCAGGTTTATAACACTGTTGTTACTGCTCATGCATTCTTAATGATTTTCTTTTTAGTGATGCCTGTGTTTATG,"Eukaryota, Annelida, Polychaeta, unk_order, Capitellidae, Capitella, Capitella teleta",Eukaryota,Annelida,Polychaeta,unk_order,Capitellidae,Capitella,Capitella teleta,85.2,1,CGEMAYKY,24,MO1,2022-02-24,COPR,Mouth
ArthCOI,ESV_027857,GGATCTGAGGGGGACTCGTAGGTACAACTATAAGAGTTCTTATTCGAACTGAATTAGCTGTTCCTGGGTCTTTTTTAGGTGAGCAGGTTTATAACACTGTTGTTACTGCCCATGCGTTCTTAATGATTTTCTTTTTAGTGATGCCTGTGTTTATG,"Eukaryota, Annelida, Polychaeta, unk_order, Capitellidae, Capitella, Capitella teleta",Eukaryota,Annelida,Polychaeta,unk_order,Capitellidae,Capitella,Capitella teleta,85.8,1,XFXCT0L6,127,NVBR,2022-02-23,NCOS,Venoco Bridge
ArthCOI,ESV_014994,GGATCTGAGGGGGACTCGTAGGTACAACTATAAGAGTTCTTATTCGAACTGAATTAGCTGTTCCCGGGTCTTTTTTAGGTGAGCAGGTTTATAACACTGTTGTTACTGCCCATGCATTCTTAATGATCTTCTTTTTAGTGATGCCTGTGTTTATG,"Eukaryota, Annelida, Polychaeta, unk_order, Capitellidae, Capitella, Capitella teleta",Eukaryota,Annelida,Polychaeta,unk_order,Capitellidae,Capitella,Capitella teleta,84.5,1,O0LYM0YU,51,PIER,2022-02-26,COPR,Pier
ArthCOI,ESV_014994,GGATCTGAGGGGGACTCGTAGGTACAACTATAAGAGTTCTTATTCGAACTGAATTAGCTGTTCCCGGGTCTTTTTTAGGTGAGCAGGTTTATAACACTGTTGTTACTGCCCATGCATTCTTAATGATCTTCTTTTTAGTGATGCCTGTGTTTATG,"Eukaryota, Annelida, Polychaeta, unk_order, Capitellidae, Capitella, Capitella teleta",Eukaryota,Annelida,Polychaeta,unk_order,Capitellidae,Capitella,Capitella teleta,84.5,1,CGEMAYKY,58,MO1,2022-02-24,COPR,Mouth
ArthCOI,ESV_027534,TGGTTTTGCTGGAGTTTTAGGGACGTGTTTTTCATTACTTATTCGTATGGAATTATCACACCCTGGAAACCAATTTTTAAACGGAAACCACCAACTGTATAATGTTATCATTACTGCACACGCATTTTTAATGATTTTTTTCATGGTAATGCCAGTATTAATG,"Eukaryota, Mollusca, Bivalvia, Galeommatida, Montacutidae, Kurtiella, Kurtiella bidentata",Eukaryota,Mollusca,Bivalvia,Galeommatida,Montacutidae,Kurtiella,Kurtiella bidentata,83.4,1,0IOX2T8L,95,NPB1,2022-02-23,NCOS,Phelps Bridge 1
ArthCOI,ESV_027640,GGATCTGAGGGGGGCTCGTAGGTACAACTATAAGAGTTCTTATTCGAACTGAATTAGCTGTTCCTGGGTCTTTTTTAGGTGAGCAGGTTTACAACACTGTTGTTACTGCCCATGCATTCTTAATGATTTTCTTTTTAGTGATGCCTGTGTTCATG,"Eukaryota, Annelida, Polychaeta, unk_order, Capitellidae, Capitella, Capitella teleta",Eukaryota,Annelida,Polychaeta,unk_order,Capitellidae,Capitella,Capitella teleta,83.2,1,O0LYM0YU,83,PIER,2022-02-26,COPR,Pier
ArthCOI,ESV_027640,GGATCTGAGGGGGGCTCGTAGGTACAACTATAAGAGTTCTTATTCGAACTGAATTAGCTGTTCCTGGGTCTTTTTTAGGTGAGCAGGTTTACAACACTGTTGTTACTGCCCATGCATTCTTAATGATTTTCTTTTTAGTGATGCCTGTGTTCATG,"Eukaryota, Annelida, Polychaeta, unk_order, Capitellidae, Capitella, Capitella teleta",Eukaryota,Annelida,Polychaeta,unk_order,Capitellidae,Capitella,Capitella teleta,83.2,1,38WW1C5A,9,CUL1,2022-02-22,COPR,Culvert
ArthCOI,ESV_027755,GGATCTGAGGGGGGCTCGTAGGTACAACTATAAGAGTTCTTATTCGAACTGAATTAGCTGTTCCTGGGTCTTTTTTAGGTGAGCAGGTTTATAACACTGTTGTTACTGCCCATGCATTCTTAATGATTTTCTTTTTAGTGATGCCTGTGTTTATG,"Eukaryota, Annelida, Polychaeta, unk_order, Capitellidae, Capitella, Capitella teleta",Eukaryota,Annelida,Polychaeta,unk_order,Capitellidae,Capitella,Capitella teleta,84.5,1,CGEMAYKY,81,MO1,2022-02-24,COPR,Mouth
ArthCOI,ESV_020801,GGCTTGAGCCGCTATAGTAGGAACCGCCCTTAGAGTAATCATTCGAGCCGAATTAGGTCAACCTGGATCATTAATTGGGAATGACCAAATTTACAACACAATTGTGACAGCCCACGCATTTATTATAATTTTTTTTATAGTTATGCCAATTATAATT,"Eukaryota, Arthropoda, Ostracoda, Podocopida",Eukaryota,Arthropoda,Ostracoda,Podocopida,NA,NA,NA,94.9,2,5J7FNP4O,10,NVP4,2022-01-20,NCOS,Vernal Pool 4
ArthCOI,ESV_020801,GGCTTGAGCCGCTATAGTAGGAACCGCCCTTAGAGTAATCATTCGAGCCGAATTAGGTCAACCTGGATCATTAATTGGGAATGACCAAATTTACAACACAATTGTGACAGCCCACGCATTTATTATAATTTTTTTTATAGTTATGCCAATTATAATT,"Eukaryota, Arthropoda, Ostracoda, Podocopida",Eukaryota,Arthropoda,Ostracoda,Podocopida,NA,NA,NA,94.9,2,17OXC1IX,45,NVP2,2022-01-20,NCOS,Vernal Pool 2
ArthCOI,ESV_027777,AATTTGATCTGGTATAGTAGGAACAGCACTTAGTATATTAATTCGATTTGAGTTAGCTCAAGCAGGAAGTTTTATTGGGGACGACCAAATTTACAATGTTATTGTCACTGCCCATGCTTTTATTATAATTTTCTTTATAGTAATACCTATCTTAATC,"Eukaryota, Arthropoda, Branchiopoda, Diplostraca, Moinidae, Moina",Eukaryota,Arthropoda,Branchiopoda,Diplostraca,Moinidae,Moina,NA,96.8,7,GJDV8PYM,51,NWP,2022-01-28,NCOS,West Pond
ArthCOI,ESV_027509,GGATCTGAGGGGGACTCGTAGGCACAACTATAAGAGTTCTTATTCGAACTGAATTAGCTGTTCCTGGGTCTTTTTTAGGTGAGCAGGTTTATAACACTGTTGTTACTGCCCATGCATTCTTAATGATTTTCTTTTTAGTGATGCCTGTGTTTATG,"Eukaryota, Annelida, Polychaeta, unk_order, Capitellidae, Capitella, Capitella teleta",Eukaryota,Annelida,Polychaeta,unk_order,Capitellidae,Capitella,Capitella teleta,85.2,1,0CEL3NO8,50,NPB,2022-02-21,NCOS,Phelps Bridge
ArthCOI,ESV_027538,AACATTTAGTGGAATTCTAGGTACAATTCTTTCGATGTTAATTCGTTTAGAACTTGCCTATCCCGGAAATACTTTTTTTGCTGGTAACCACCAATTATATAATGTTGTTGTTACAGCACATGCTTTACTTATGATTTTTTTTATGGTTATGCCAATTTTAATT,"Eukaryota, Arthropoda, Arachnida",Eukaryota,Arthropoda,Arachnida,NA,NA,NA,NA,82.2,1,0IOX2T8L,41,NPB1,2022-02-23,NCOS,Phelps Bridge 1
ArthCOI,ESV_027636,GGATCTGAGGGGGACTCGTAGGTACAACTATAAGAGTTCTTATTCGAACTGAATTAGCTGTTCCTGGGTCTTTTTTAGGTGAGCAGGTTTATAACACTGTTGTTACTGCCCATGCATTCTTAATGATTTTCTTTTTAGTGATGCCTGTTTTTATG,"Eukaryota, Annelida, Polychaeta, unk_order, Capitellidae, Capitella, Capitella teleta",Eukaryota,Annelida,Polychaeta,unk_order,Capitellidae,Capitella,Capitella teleta,84.5,1,XEL7KT2G,24,NDC,2022-01-28,NCOS,Devereux Creek
ArthCOI,ESV_027636,GGATCTGAGGGGGACTCGTAGGTACAACTATAAGAGTTCTTATTCGAACTGAATTAGCTGTTCCTGGGTCTTTTTTAGGTGAGCAGGTTTATAACACTGTTGTTACTGCCCATGCATTCTTAATGATTTTCTTTTTAGTGATGCCTGTTTTTATG,"Eukaryota, Annelida, Polychaeta, unk_order, Capitellidae, Capitella, Capitella teleta",Eukaryota,Annelida,Polychaeta,unk_order,Capitellidae,Capitella,Capitella teleta,84.5,1,38WW1C5A,15,CUL1,2022-02-22,COPR,Culvert
ArthCOI,ESV_027721,AGCTTGATCTGGTATAGTAGGAACATCTTTAAGTATACTTATTCGTGCAGAATTAGGTCATCCAGGCACTTTTATTGGAGATGACCAAATTTACAATGTAATTGTTACAGCTCACGCTTTTATTATAATTTTTTTTATAGTTATACCTATCTTAATT,"Eukaryota, Arthropoda, Insecta, Diptera, Chironomidae, Tanytarsus",Eukaryota,Arthropoda,Insecta,Diptera,Chironomidae,Tanytarsus,NA,100,9,5J7FNP4O,36,NVP4,2022-01-20,NCOS,Vernal Pool 4
ArthCOI,ESV_027541,AATCTGAGCGGGAATAGTAGGTACATCATTAAGATTATTAATTCGTGCTGAATTAGGAAACCCTGGATCTTTAATTGGAGATGATCAAATTTATAATACTATTGTCACAGCTCATGCTTTTATTATAATTTTTTTTATAGTTATACCTATTATAATT,"Eukaryota, Arthropoda, Insecta, Lepidoptera, Noctuidae, Homoglaea, Homoglaea dives",Eukaryota,Arthropoda,Insecta,Lepidoptera,Noctuidae,Homoglaea,Homoglaea dives,100,1,0IOX2T8L,36,NPB1,2022-02-23,NCOS,Phelps Bridge 1
ArthCOI,ESV_027724,GATCTGAGCAGGAATAGTAGGAACAGCTCTAAGTATACTTATTCGTGTCGAATTAGCTCAAGCAGGAAGATTTATTGGCGATGATCAAGTGTATAACGTTATCGTTACTGCCCACGCTTTTATTATAATTTTCTTTATAGTTATACCTATCCTAATT,"Eukaryota, Arthropoda, Branchiopoda, Diplostraca, Moinidae, Moina",Eukaryota,Arthropoda,Branchiopoda,Diplostraca,Moinidae,Moina,NA,87.9,10,5J7FNP4O,33,NVP4,2022-01-20,NCOS,Vernal Pool 4
ArthCOI,ESV_027681,TTTATTTGCGGGTATTATCAGAACTATTTTTAGTTTTTTTATTCGTTTAGAGCTTGCTTCTGTTGGTAGTTTTTATTTTTCAGGAAATTATCAACTTTATAATGTTCTTATTACAGCTCATGCGTTTGTTATGATTTTTTTTATGGTTATGCCAGTGTTAATC,"Eukaryota, Arthropoda, Arachnida, Trombidiformes, Eriophyidae, Acalitus, Acalitus vaccinii",Eukaryota,Arthropoda,Arachnida,Trombidiformes,Eriophyidae,Acalitus,Acalitus vaccinii,73,1,53CM7JPJ,31,VP1,2022-01-14,COPR,Vernal Pool 1
ArthCOI,ESV_027610,AACGATCTCTGGTATTATTGGAACTGTTCTTAGTCTATTTATCCGTTTAGAACTTTCCTGTCCAGCCAATCAGTTCCTTCATGGTAACCATCAATTATATAACGTTATTGTTACAGCCCACGCCTTCATTATGATTTTTTTTATGGTTATGCCAGTTCTTATC,"Eukaryota, Arthropoda, Arachnida",Eukaryota,Arthropoda,Arachnida,NA,NA,NA,NA,76.1,1,17OXC1IX,30,NVP2,2022-01-20,NCOS,Vernal Pool 2
ArthCOI,ESV_027846,GGATCTGAGGGGGACTCGTAGGTACAACTATAAGAGTTCTTATTCGAACTGAATTAGCTGTTCCTGGGTCTTTTTTAGGTGAGCAGGTTTATAACACTGTTGTTACTGCCCATGCATTCTTAATGATTTTCTTTTTAGTGATGCCCGTGTTTATG,"Eukaryota, Annelida, Polychaeta, unk_order, Capitellidae, Capitella, Capitella teleta",Eukaryota,Annelida,Polychaeta,unk_order,Capitellidae,Capitella,Capitella teleta,84.5,1,XEL7KT2G,29,NDC,2022-01-28,NCOS,Devereux Creek
ArthCOI,ESV_027758,GGATCTGAGGGGGACTCGTAGGTACAACTATAAGAGTTCTTATTCGAACTGAATTAGCTGTTCCTGGGTCTTTTTTAGGTGAGCAGGTTTATAACACTGTTGTTACTGCCCATGCATTCTTAATGATTTTTTTTTTAGTGATGCCTGTGTTCATG,"Eukaryota, Annelida, Polychaeta, unk_order, Capitellidae, Capitella, Capitella teleta",Eukaryota,Annelida,Polychaeta,unk_order,Capitellidae,Capitella,Capitella teleta,85.2,1,CGEMAYKY,27,MO1,2022-02-24,COPR,Mouth
ArthCOI,ESV_027761,GGATCTGAGGGGGACTCGTAGGTACAACTATAAGAGTTCTTATTCGAACTGAATTAGCTGTTCCTGGGTCTTTTTTAGGTGAGCAGGTTTATAACACTGTTGTTACTGCTCATGCATTCTTAATGATTTTCTTTTTAGTAATGCCTGTGTTCATG,"Eukaryota, Annelida, Polychaeta, unk_order, Capitellidae, Capitella, Capitella teleta",Eukaryota,Annelida,Polychaeta,unk_order,Capitellidae,Capitella,Capitella teleta,84.5,1,CGEMAYKY,24,MO1,2022-02-24,COPR,Mouth
ArthCOI,ESV_027847,GGATCTGAGGGGGACTCGTAGGTACAACTATAAGAGTTCTTATTCGAACTGAATTAGCTGTTCCTGGGTCTTTTTTAGGTGAGCAGGTTTACAACACTGTTGTTACTGCCCATGCATTCTTAATGACTTTCTTTTTAGTGATGCCTGTGTTCATG,"Eukaryota, Annelida, Polychaeta, unk_order, Capitellidae, Capitella, Capitella teleta",Eukaryota,Annelida,Polychaeta,unk_order,Capitellidae,Capitella,Capitella teleta,83.2,1,XEL7KT2G,23,NDC,2022-01-28,NCOS,Devereux Creek
ArthCOI,ESV_027690,AATTTGATCAGGAATTGTTGGGGCTTCTATAAGAATAATCATTCGAATAAAATTATCCCATAATACAATTATTCCCCAAAACGATCAAGTTTATAACACTATAGTAACAGCTCATGCATTTCTAATAATTTTTTTCATAGTTATACCAATTATAATT,"Eukaryota, Arthropoda, Arachnida, Trombidiformes",Eukaryota,Arthropoda,Arachnida,Trombidiformes,NA,NA,NA,89.8,1,53CM7JPJ,21,VP1,2022-01-14,COPR,Vernal Pool 1
ArthCOI,ESV_027634,GGATCTGAGGGGGACTCGTAGGTACAACTATAAGAGTTCTTATTCGGACTGAATTAGCTGTTCCTGGGTCTTTTTTAGGTGAGCAGGTTTATAACACTGTTGTTACTGCCCATGCATTCTTAATGATTTTCTTTTTAGTGATGCCTGTGTTTATG,"Eukaryota, Annelida, Polychaeta, unk_order, Capitellidae, Capitella, Capitella teleta",Eukaryota,Annelida,Polychaeta,unk_order,Capitellidae,Capitella,Capitella teleta,85.2,1,38WW1C5A,21,CUL1,2022-02-22,COPR,Culvert
ArthCOI,ESV_027575,GGATCTGAGGGGGACTCGTAGGTACAACTATAAGAGTTCTTATTCGAACTGAATTAGCTGTTCCTGGGTCTTTTTTAGGTGAGCAAGTTTATAACACTGTTGTTACTGCTCATGCATTCTTAATGATTTTCTTTTTAGTGATGCCTGTGTTCATG,"Eukaryota, Annelida, Polychaeta, unk_order, Capitellidae, Capitella, Capitella teleta",Eukaryota,Annelida,Polychaeta,unk_order,Capitellidae,Capitella,Capitella teleta,85.8,1,0NOSWX7W,21,NEC,2022-02-25,NCOS,East Channel
ArthCOI,ESV_027578,GGATCTGAGGGGGACTCGTAGGTACAACTATAAGAGTTCTTATTCGAACTGAATTAGCTGTTCCTGGGTCTTTTTTAGGTGAGCAGGTTTATAACACTGTTGTTACTGCCCATGCATTCTTAATGATTTTCTTTTTAGTGATGCCTGTGTTTATA,"Eukaryota, Annelida, Polychaeta, unk_order, Capitellidae, Capitella, Capitella teleta",Eukaryota,Annelida,Polychaeta,unk_order,Capitellidae,Capitella,Capitella teleta,85.8,1,0NOSWX7W,20,NEC,2022-02-25,NCOS,East Channel
ArthCOI,ESV_027516,GGATCTGAGGGGGACTCGTAGGTACAACTATAAGAGTTCTTATTCGAACTGAATTAGCTGTTCCTGGGTCTTTTTTAGGTGAGCAGGTTTATAACACTGTTGTTACTGCCCATGCATTTTTAATGATTTTCTTTTTAGTGATGCCTGTGTTTATG,"Eukaryota, Annelida, Polychaeta, unk_order, Capitellidae, Capitella, Capitella teleta",Eukaryota,Annelida,Polychaeta,unk_order,Capitellidae,Capitella,Capitella teleta,85.8,1,0CEL3NO8,19,NPB,2022-02-21,NCOS,Phelps Bridge
ArthCOI,ESV_027764,GGATCTGAGGGGGACTCGTAGGTACAACTATAAGAGTTCTTATTCGAACTGAATTAGCTGTTCCTGGGTCTTTTTTAGGTGAGCAGGTCTATAACACTGTTGTTACTGCCCATGCATTCTTAATGATTTTCTTTTTAGTGATGCCTGTGTTCATG,"Eukaryota, Annelida, Polychaeta, unk_order, Capitellidae, Capitella, Capitella teleta",Eukaryota,Annelida,Polychaeta,unk_order,Capitellidae,Capitella,Capitella teleta,83.9,1,CGEMAYKY,18,MO1,2022-02-24,COPR,Mouth
ArthCOI,ESV_027868,GGATCTGAGGGGGACTCGTAGGTACAACTATAAGAGTTCTTATTCGAACTGAATTAGCTGTTCCTGGGTCTTTTTTAGGTGAGCAGGTTTATAACACTGTTGTTACTGCCCATGCATTCTTAATGATTTTCTTTTTAGTGATGCCTGTATTTATA,"Eukaryota, Annelida, Polychaeta, unk_order, Capitellidae, Capitella, Capitella teleta",Eukaryota,Annelida,Polychaeta,unk_order,Capitellidae,Capitella,Capitella teleta,85.2,1,XFXCT0L6,15,NVBR,2022-02-23,NCOS,Venoco Bridge
ArthCOI,ESV_017342,AGCATTTAGTAGTTTATTAGGAACAGGATTATTCATAGCAATTAGATATGAATTAGCTATACCGGGTAGTCTTTTATTTGGATCAAATTTACAAATATATAATGTGACAATTATTGCACATGCTTTTATTATAATTTTTTTTGTAGTTATACCTATTTTAATT,"Eukaryota, Arthropoda, Insecta",Eukaryota,Arthropoda,Insecta,NA,NA,NA,NA,71.8,60,17OXC1IX,15,NVP2,2022-01-20,NCOS,Vernal Pool 2
ArthCOI,ESV_027811,GGATCTGAGGGGGACTCGTAGGTACAGCTATAAGAGTTCTTATTCGAACTGAATTAGCTGTTCCTGGGTCTTTTTTAGGTGAGCAGGTTTATAACACTGTTGTTACTGCCCATGCATTCTTAATGATTTTCTTTTTAGTGATGCCTGTGTTTATA,"Eukaryota, Annelida, Polychaeta, unk_order, Capitellidae, Capitella, Capitella teleta",Eukaryota,Annelida,Polychaeta,unk_order,Capitellidae,Capitella,Capitella teleta,85.2,1,O0LYM0YU,14,PIER,2022-02-26,COPR,Pier
ArthCOI,ESV_027812,GGATCTGAGGGGGACTCGTAGGTACAACTACAAGAGTTCTTATTCGAACTGAATTAGCTGTTCCTGGGTCTTTTTTAGGTGAGCAGGTTTATAACACTGTTGTTACTGCCCATGCATTCTTAATGATTTTCTTTTTAGTGATGCCTGTATTTATG,"Eukaryota, Annelida, Polychaeta, unk_order, Capitellidae, Capitella, Capitella teleta",Eukaryota,Annelida,Polychaeta,unk_order,Capitellidae,Capitella,Capitella teleta,83.9,1,O0LYM0YU,14,PIER,2022-02-26,COPR,Pier
ArthCOI,ESV_006674,AGGATTTGCTGGAGTTTTAGGGACGTGTTTTTCATTACTTATTCGTATGGAATTATCACACCCTGGAAACCAAATTTTAAACGGAAACCACCAACTGTATAATGTTATCATTACTGCACACGCATTTTTAATGATTTTTTTCATGGTAATGCCAGTATTAATG,"Eukaryota, Mollusca, Bivalvia, Galeommatida, Montacutidae, Kurtiella, Kurtiella bidentata",Eukaryota,Mollusca,Bivalvia,Galeommatida,Montacutidae,Kurtiella,Kurtiella bidentata,84,1,0IOX2T8L,14,NPB1,2022-02-23,NCOS,Phelps Bridge 1
ArthCOI,ESV_000650,AGCATGGGCAGGGATAATTGGTACTGCTATAAGAGTATTAATTCGAATTGAACTAGGGCAGCCTGGATCTCTAATTGGAGATGACCAAATTTACAACGTAATTGTTACTGCTCACGCATTTGTAATAATTTTTTTTATAGTTATACCTATTATGATT,"Eukaryota, Arthropoda, Insecta, Odonata, Libellulidae, Sympetrum, Sympetrum corruptum",Eukaryota,Arthropoda,Insecta,Odonata,Libellulidae,Sympetrum,Sympetrum corruptum,100,1,17OXC1IX,14,NVP2,2022-01-20,NCOS,Vernal Pool 2
ArthCOI,ESV_027851,GGATCTGAGGGGGACTCGTAGGTACAACTATAAGAGTTCTTATTCGAGCTGAATTAGCTGTTCCTGGGTCTTTTTTAGGTGAGCAGGTTTACAACACTGTTGTTACTGCCCATGCATTCTTAATGATTTTCTTTTTAGTGATGCCTGTGTTCATG,"Eukaryota, Annelida, Polychaeta, unk_order, Capitellidae, Capitella, Capitella teleta",Eukaryota,Annelida,Polychaeta,unk_order,Capitellidae,Capitella,Capitella teleta,83.2,1,XEL7KT2G,13,NDC,2022-01-28,NCOS,Devereux Creek
ArthCOI,ESV_027734,AGCATTTTCCGGTGTAATCGGTACTGTACTATCTATAATTATACGCTTAGAATTAGCTTTGCCAGGTAATAGTATTTTAAACGGTAACCACCAATTATACAATGTTATTGTAACCGCCCACGCTTTTATCATGATATTTTTTATGGTAATGCCAATACTTGTA,"Eukaryota, Arthropoda, Arachnida",Eukaryota,Arthropoda,Arachnida,NA,NA,NA,NA,78.5,1,5J7FNP4O,13,NVP4,2022-01-20,NCOS,Vernal Pool 4
ArthCOI,ESV_027873,GGATCTGAGGGGGACTCGTAGGTACAACTATAAGAGTTCTTATTCGAACTGAATTAGCTGCTCCTGGGTCTTTTTTAGGTGAGCAGGTTTATAACACTGTTGTTACTGCCCATGCATTCTTAATGATTTTCTTTTTAGTGATGCCTGTGTTCATG,"Eukaryota, Annelida, Polychaeta, unk_order, Capitellidae, Capitella, Capitella teleta",Eukaryota,Annelida,Polychaeta,unk_order,Capitellidae,Capitella,Capitella teleta,83.9,1,XFXCT0L6,12,NVBR,2022-02-23,NCOS,Venoco Bridge
ArthCOI,ESV_027766,GGATCTGAGGGGGACTCGTAGGTACAGCTATAAGAGTTCTTATTCGAACTGAATTAGCTGTTCCTGGGTCTTTTTTAGGTGAGCAGGTTTACAACACTGTTGTTACTGCCCATGCATTCTTAATGATTTTCTTTTTAGTGATGCCTGTGTTCATG,"Eukaryota, Annelida, Polychaeta, unk_order, Capitellidae, Capitella, Capitella teleta",Eukaryota,Annelida,Polychaeta,unk_order,Capitellidae,Capitella,Capitella teleta,83.2,1,CGEMAYKY,12,MO1,2022-02-24,COPR,Mouth
ArthCOI,ESV_027637,TGGTTTTGCTGGAGTTTTAGGGACGTGTTTTTCATTACTTATTCGTATGGAATTATCACACCCTGGAAGCCAAATTTTAAACGGAAACCACCAACTGTATAATGTTATCATTACTGCACACGCATTTTTAATGATTTTTTTCATGGTAATGCCAGTATTAATG,"Eukaryota, Mollusca, Bivalvia, Galeommatida, Montacutidae, Kurtiella, Kurtiella bidentata",Eukaryota,Mollusca,Bivalvia,Galeommatida,Montacutidae,Kurtiella,Kurtiella bidentata,83.4,1,38WW1C5A,12,CUL1,2022-02-22,COPR,Culvert
ArthCOI,ESV_027875,GGATCTGAGGGGGACTCGTAGGTACAACTATAAGAGTTCTTATTCGAACTGAATTAGCTGTTCCTGGGTCTTTTTTAGGTGAGCAGGTTTATAACACTGTTGTTACTGCCCATGCATTCTTAATGATTTTTTTTTTTGTAATGCCAGTACTTATT,"Eukaryota, Annelida, Polychaeta, unk_order, Capitellidae, Capitella, Capitella teleta",Eukaryota,Annelida,Polychaeta,unk_order,Capitellidae,Capitella,Capitella teleta,82.6,1,XFXCT0L6,11,NVBR,2022-02-23,NCOS,Venoco Bridge
ArthCOI,ESV_027768,GGATCTGAGGGGGACTCGTAGGTACAACTATAAGAGTTCTTATTCGAACTGAATTAGCTGTTCCTGGGTCTTTTTTAGGTGAGCAGGTTTATAACACTGTTGTTACTGCCCATGCGTTCTTAATGATTTTCTTTTTAGTGATGCCTGTATTTATG,"Eukaryota, Annelida, Polychaeta, unk_order, Capitellidae, Capitella, Capitella teleta",Eukaryota,Annelida,Polychaeta,unk_order,Capitellidae,Capitella,Capitella teleta,85.2,1,CGEMAYKY,11,MO1,2022-02-24,COPR,Mouth
ArthCOI,ESV_027738,AACATTTAGTGGAATGATTGGTACTTTATTATCAGTTTTAATACGTTTAGAACTGGCTTATCCTGGAAATCAATTTTTCCAAGGAAATCATCAATTATATAATGTTGTTGTTACAGCGCATGCATTATTAATGATCTTTTTTATGGTTATGCCTATTTTGTTA,"Eukaryota, Arthropoda, Arachnida, Mesostigmata",Eukaryota,Arthropoda,Arachnida,Mesostigmata,NA,NA,NA,80.4,1,5J7FNP4O,11,NVP4,2022-01-20,NCOS,Vernal Pool 4
ArthCOI,ESV_027770,GGATCTGAGGGGGACTCGTAGGTACAACTATAAGAGTTCTTATTCGAACTGAATTAGCTGTTCCTGGGTCTCTTTTAGGTGAGCAGGTTTATAACACTGTTGTTACTGCTCATGCATTCTTAATGATTTTCTTTTTAGTGATGCCTGTGTTCATG,"Eukaryota, Annelida, Polychaeta, unk_order, Capitellidae, Capitella, Capitella teleta",Eukaryota,Annelida,Polychaeta,unk_order,Capitellidae,Capitella,Capitella teleta,84.5,1,CGEMAYKY,11,MO1,2022-02-24,COPR,Mouth
ArthCOI,ESV_027626,AGCATGGGCAGGGATAATTGGTACTGCTATAAGAGTATTAATTCGAATTGAACTAGGGCAGCCTGGATCCCTAATTGGAGATGACCAAATTTACAACGTAATTGTTACTGCTCACGCATTTGTAATAATTTTTTTTATAGTTATACCTATTATGATT,"Eukaryota, Arthropoda, Insecta, Odonata, Libellulidae, Sympetrum, Sympetrum corruptum",Eukaryota,Arthropoda,Insecta,Odonata,Libellulidae,Sympetrum,Sympetrum corruptum,99.4,1,17OXC1IX,11,NVP2,2022-01-20,NCOS,Vernal Pool 2
ArthCOI,ESV_027877,GGATCTGAGGGGGACTCGTAGGTACAACTATAAGAGTTCTTATTCGAACTGAATTAGCTGTTCCTGGGTCTTTTTTAGGTGAGCAGGTTTATAATACTGTTGTTACTGCCCGTGCATTCTTAATGATTTTCTTTTTAGTGATGCCTGTGTTTATG,"Eukaryota, Annelida, Polychaeta, unk_order, Capitellidae, Capitella, Capitella teleta",Eukaryota,Annelida,Polychaeta,unk_order,Capitellidae,Capitella,Capitella teleta,83.9,1,XFXCT0L6,10,NVBR,2022-02-23,NCOS,Venoco Bridge
ArthCOI,ESV_027781,AGTATGATCTGGTATAGTAGGAACAGCACTTAGTATATTAATTCGATTTGAGTTAGCTCAAGCAGGAAGTTTTATTGGGGACGACCAAATTTACAATGTTATTGTCACTGCCCATGCTTTTATTATAATTTTCTTTATAGTAATACCTATCTTAATT,"Eukaryota, Arthropoda, Branchiopoda, Diplostraca, Moinidae, Moina",Eukaryota,Arthropoda,Branchiopoda,Diplostraca,Moinidae,Moina,NA,96.2,7,GJDV8PYM,10,NWP,2022-01-28,NCOS,West Pond
ArthCOI,ESV_027747,TGTATGAGCCGCTATAGTAGGAACTGCTTTTAGAGTTCTGATTCGACTTGAATTAGGACAACCCGGAAGTTTTATTGGTGATGATCAAATTTATAACGTCATAGTTACCGCACACGCTTTTATTATAATTTTCTTTATAGTTATACCAATTATGATT,"Eukaryota, Arthropoda, Collembola, Entomobryomorpha, Entomobryidae",Eukaryota,Arthropoda,Collembola,Entomobryomorpha,Entomobryidae,NA,NA,89.8,3,5J7FNP4O,10,NVP4,2022-01-20,NCOS,Vernal Pool 4
ArthCOI,ESV_027639,GGATCTGAGGGGGACTCGTAGGTACAACTATAAGAGTTCTTATTCGAACTGAATTAGCTGTTCCTGGGTCTTTTTTAGGTGAGCAGGTTTATAACACTATTGTTACTGCCCATGCATTCTTAATGATTTTCTTTTTAGTGATGCCTGTGTTCATG,"Eukaryota, Annelida, Polychaeta, unk_order, Capitellidae, Capitella, Capitella teleta",Eukaryota,Annelida,Polychaeta,unk_order,Capitellidae,Capitella,Capitella teleta,83.9,1,38WW1C5A,10,CUL1,2022-02-22,COPR,Culvert
ArthCOI,ESV_027879,GGATCTGAGGGGGACTCGTAGGTACAACTATAAGAGTTCTTATTCGAACTGAATTAGCTGTTCCTGGGTCTGTTTTAGGTGAGCAGGTTTATAACACTGTTGTTACTGCCCATGCATTCTTAATGATTTTCTTTTTAGTGATGCCTGTGTTCATG,"Eukaryota, Annelida, Polychaeta, unk_order, Capitellidae, Capitella, Capitella teleta",Eukaryota,Annelida,Polychaeta,unk_order,Capitellidae,Capitella,Capitella teleta,83.9,1,XFXCT0L6,9,NVBR,2022-02-23,NCOS,Venoco Bridge
ArthCOI,ESV_027782,TTTATTTGCGGGTATTATCGGAACTATTTTTAGTTTTTTTATTCGTTTAGAACTTGCATCTGTTGGTAGTTTTTATTTTTCTGGTAATTACCAACTATATAATGTTCTTATTACAGCACACGCTTTTGTTATGATTTTTTTTATGGTAATGCCTGTTTTAATC,"Eukaryota, Arthropoda, Arachnida",Eukaryota,Arthropoda,Arachnida,NA,NA,NA,NA,76.1,1,GJDV8PYM,9,NWP,2022-01-28,NCOS,West Pond
ArthCOI,ESV_027641,TGTGTGGGCCTCAATAGTAGGTACGGCTTTTAGAGTATTAATTCGTCTTGAATTAGGTCAACCAGGTAGATTCATTGGAGACGATCAAATTTATAACGTTATAGTAACAGCCCACGCTTTCATTATAATTTTTTTCATGGTATGCCTATTATAATT,"Eukaryota, Arthropoda, Collembola, Entomobryomorpha, Isotomidae",Eukaryota,Arthropoda,Collembola,Entomobryomorpha,Isotomidae,NA,NA,89.8,2,38WW1C5A,9,CUL1,2022-02-22,COPR,Culvert
ArthCOI,ESV_027882,GGATCTGAGGGGGACTCGTAGGTACAACTATAAGAGTTCTTATTCGAACTGAATTAGCTGTTCCTGGGTCTTTTTTAGGTGAGCAGGTTTATAATACTGTTGTTACTGCCCATGCATTCTTAATGATTTTCTTTTTAGTGATGCCTGTGTTTATT,"Eukaryota, Annelida, Polychaeta, unk_order, Capitellidae, Capitella, Capitella teleta",Eukaryota,Annelida,Polychaeta,unk_order,Capitellidae,Capitella,Capitella teleta,84.5,1,XFXCT0L6,8,NVBR,2022-02-23,NCOS,Venoco Bridge
ArthCOI,ESV_027750,AACATTTAGTGGAATGATTGGTACTTTATTATCCGTTCTAATACGTTTAGAACTTGCTTATCCCGGAAATCAATTTTTTCAAGGAAATCATCAATTATATAATGTCGTTGTTACAGCGCATGCATTATTAATGATTTTTTTTATGGTAATGCCAATTTTATTA,"Eukaryota, Arthropoda, Arachnida, Mesostigmata",Eukaryota,Arthropoda,Arachnida,Mesostigmata,NA,NA,NA,81,1,5J7FNP4O,8,NVP4,2022-01-20,NCOS,Vernal Pool 4
ArthCOI,ESV_027592,GGATCTGAGGGGGACTCGTAGGTACAACTATAAGAGTTCTTATTCGAACTGAACTAGCTGTTCCTGGGTCTTTTTTAGGTGAGCAGGTTTATAACACTGTTGTTACTGCCCATGCATTCTTAATGATTTTCTTTTTAGTGATGCCTGTGTTCATG,"Eukaryota, Annelida, Polychaeta, unk_order, Capitellidae, Capitella, Capitella teleta",Eukaryota,Annelida,Polychaeta,unk_order,Capitellidae,Capitella,Capitella teleta,83.9,1,0NOSWX7W,8,NEC,2022-02-25,NCOS,East Channel
ArthCOI,ESV_027524,GGATCTGAGGGGGACTCGTAGGTACAACTATAAGAGTTCTTATTCGAACTGAATTAGCTGTTCCTGGGTCTTTTTTAGGTGAGCAGGTTTACAACACTGTTGTTACTGCCCATGCATACTTAATGATTTTCTTTTTAGTGATGCCTGTGTTCATG,"Eukaryota, Annelida, Polychaeta, unk_order, Capitellidae, Capitella, Capitella teleta",Eukaryota,Annelida,Polychaeta,unk_order,Capitellidae,Capitella,Capitella teleta,83.2,1,0CEL3NO8,8,NPB,2022-02-21,NCOS,Phelps Bridge
ArthCOI,ESV_027593,GGATCTGAGGGGGACTCGTAGGTACAACTATAAGAGTTCTTATTCGAACTGAATTAGCTGTTCCTGGGTCTTTTTTAGGTGAGCAGGTTTATAACACTGTTGTCACTGCCCATGCATTCTTAATGATTTTCTTTTTAGTGATGCCTGTGTTTATG,"Eukaryota, Annelida, Polychaeta, unk_order, Capitellidae, Capitella, Capitella teleta",Eukaryota,Annelida,Polychaeta,unk_order,Capitellidae,Capitella,Capitella teleta,84.5,1,0NOSWX7W,8,NEC,2022-02-25,NCOS,East Channel
ArthCOI,ESV_004660,AGTATGATCAGGAATGGTTGGGACTGCTCTAAGTATACTAATTCGTGCTGAACTAGGGCAATCAGGAAGACTTATTGGTGATGATCAAATCTATAACGTAATTGTTACAGCCCATGCTTTTGTGATAATTTTCTTCATGGTTATACCAATTATAATC,"Eukaryota, Arthropoda, Branchiopoda, Diplostraca, Daphniidae, Ceriodaphnia",Eukaryota,Arthropoda,Branchiopoda,Diplostraca,Daphniidae,Ceriodaphnia,NA,100,3,ZWDZ7WZK,4260,NPB2,2022-08-08,NCOS,Phelps Bridge 2
ArthCOI,ESV_004660,AGTATGATCAGGAATGGTTGGGACTGCTCTAAGTATACTAATTCGTGCTGAACTAGGGCAATCAGGAAGACTTATTGGTGATGATCAAATCTATAACGTAATTGTTACAGCCCATGCTTTTGTGATAATTTTCTTCATGGTTATACCAATTATAATC,"Eukaryota, Arthropoda, Branchiopoda, Diplostraca, Daphniidae, Ceriodaphnia",Eukaryota,Arthropoda,Branchiopoda,Diplostraca,Daphniidae,Ceriodaphnia,NA,100,3,1VSWCRMT,1721,NPB1,2022-05-12,NCOS,Phelps Bridge 1
ArthCOI,ESV_000027,TGGTTTTGCTGGAGTTTTAGGGACGTGTTTTTCATTACTTATTCGTATGGAATTATCACACCCTGGAAACCAAATTTTAAACGGAAACCACCAACTGTATAATGTTATCATTACTGCACACGCATTTTTAATGATTTTTTTCATGGTAATGCCAGTATTAATG,"Eukaryota, Mollusca, Bivalvia, Galeommatida, Montacutidae, Kurtiella, Kurtiella bidentata",Eukaryota,Mollusca,Bivalvia,Galeommatida,Montacutidae,Kurtiella,Kurtiella bidentata,84,1,ZWDZ7WZK,756,NPB2,2022-08-08,NCOS,Phelps Bridge 2
ArthCOI,ESV_000027,TGGTTTTGCTGGAGTTTTAGGGACGTGTTTTTCATTACTTATTCGTATGGAATTATCACACCCTGGAAACCAAATTTTAAACGGAAACCACCAACTGTATAATGTTATCATTACTGCACACGCATTTTTAATGATTTTTTTCATGGTAATGCCAGTATTAATG,"Eukaryota, Mollusca, Bivalvia, Galeommatida, Montacutidae, Kurtiella, Kurtiella bidentata",Eukaryota,Mollusca,Bivalvia,Galeommatida,Montacutidae,Kurtiella,Kurtiella bidentata,84,1,DTDENWBP,78,NPB,2022-05-12,NCOS,Phelps Bridge
ArthCOI,ESV_000027,TGGTTTTGCTGGAGTTTTAGGGACGTGTTTTTCATTACTTATTCGTATGGAATTATCACACCCTGGAAACCAAATTTTAAACGGAAACCACCAACTGTATAATGTTATCATTACTGCACACGCATTTTTAATGATTTTTTTCATGGTAATGCCAGTATTAATG,"Eukaryota, Mollusca, Bivalvia, Galeommatida, Montacutidae, Kurtiella, Kurtiella bidentata",Eukaryota,Mollusca,Bivalvia,Galeommatida,Montacutidae,Kurtiella,Kurtiella bidentata,84,1,91TGAHP8,213,NPB,2022-08-10,NCOS,Phelps Bridge
ArthCOI,ESV_000027,TGGTTTTGCTGGAGTTTTAGGGACGTGTTTTTCATTACTTATTCGTATGGAATTATCACACCCTGGAAACCAAATTTTAAACGGAAACCACCAACTGTATAATGTTATCATTACTGCACACGCATTTTTAATGATTTTTTTCATGGTAATGCCAGTATTAATG,"Eukaryota, Mollusca, Bivalvia, Galeommatida, Montacutidae, Kurtiella, Kurtiella bidentata",Eukaryota,Mollusca,Bivalvia,Galeommatida,Montacutidae,Kurtiella,Kurtiella bidentata,84,1,1VSWCRMT,3487,NPB1,2022-05-12,NCOS,Phelps Bridge 1
ArthCOI,ESV_044682,GATTTGGTGTGGCTTGGTCGGTACAGGCTTAAGCTTGTTAATTCGTTTGGAATTAGGAACATCTCTGGTACTATTGGATGAACATTTTTATAATGTAATCGTTACAGCACATGCTTTTGTTATGATTTTTTTTATAGTTATACCTATAATAATT,"Eukaryota, Mollusca, Gastropoda, unk_order, Physidae, Physella",Eukaryota,Mollusca,Gastropoda,unk_order,Physidae,Physella,NA,99.4,2,ZWDZ7WZK,627,NPB2,2022-08-08,NCOS,Phelps Bridge 2
ArthCOI,ESV_044683,AGCTTGAGCCGGAATAGTGGGAACTTCCCTAAGTCTACTAATTCGAGCTGAATTAAGTCAACCTGGCATATTTATTGGTAATGATCAAATTTATAATGTGATTGTTACTGCCCATGCTTTTATTATGATTTTTTTTATAGTTATACCTATTATAATT,"Eukaryota, Arthropoda, Insecta, Diptera, Culicidae, Culiseta, Culiseta particeps",Eukaryota,Arthropoda,Insecta,Diptera,Culicidae,Culiseta,Culiseta particeps,96.8,1,ZWDZ7WZK,448,NPB2,2022-08-08,NCOS,Phelps Bridge 2
ArthCOI,ESV_022763,TGTATGATCTGGTATAGTAGGAACCTCTTTAAGCCTTTTAATCCGAGCCGAATTAGGGCACCCGGGTTCTCTAATTGGGGATGATCAAATTTATAATGTTATTGTGACTGCCCATGCCTTCATTATAATTTTCTTTATAGTAATACCTATTATAATT,"Eukaryota, Arthropoda, Insecta, Ephemeroptera, Caenidae, Caenis",Eukaryota,Arthropoda,Insecta,Ephemeroptera,Caenidae,Caenis,NA,100,2,WS7KZWVL,362,NDC,2022-05-11,NCOS,Devereux Creek
ArthCOI,ESV_044684,AGTATGATCAGGAATGGTTGGGACTGCTCTGAGTATACTAATTCGTGCTGAACTAGGGCAATCAGGAAGACTTATTGGTGATGATCAAATCTATAACGTAATTGTTACAGCCCATGCTTTTGTGATAATTTTCTTCATGGTTATACCAATTATAATC,"Eukaryota, Arthropoda, Branchiopoda, Diplostraca, Daphniidae, Ceriodaphnia",Eukaryota,Arthropoda,Branchiopoda,Diplostraca,Daphniidae,Ceriodaphnia,NA,99.4,4,ZWDZ7WZK,347,NPB2,2022-08-08,NCOS,Phelps Bridge 2
ArthCOI,ESV_027369,AGCTTGAGCTGGAATAATTGGTACTTCTTTAAGTATTCTTATTCGAGCAGAATTAAGTCAACCTGGAGTATTTATTGGAAATGATCAAATTTATAATGTTATTGTAACTGCTCATGCTTTTATTATAATTTTTTTTATAGTTATACCTATTATAATT,"Eukaryota, Arthropoda, Insecta, Diptera, Culicidae, Culex",Eukaryota,Arthropoda,Insecta,Diptera,Culicidae,Culex,NA,100,2,ZWDZ7WZK,330,NPB2,2022-08-08,NCOS,Phelps Bridge 2
ArthCOI,ESV_027778,TATTTGATCAGGAATGGTAGGTACAGCTTTAAGCTTACTTATTCGTGCTGAACTTGGGCAATCTGGAAGTTTAATTGGAGATGATCAAATTTACAATGTAATTGTAACTGCACATGCATTTGTAATAATTTTTTTTATGGTCATACCAATCATAATC,"Eukaryota, Arthropoda, Branchiopoda, Diplostraca, Daphniidae, Daphnia, Daphnia sp. 1 SA-2003",Eukaryota,Arthropoda,Branchiopoda,Diplostraca,Daphniidae,Daphnia,Daphnia sp. 1 SA-2003,95.5,1,1VSWCRMT,290,NPB1,2022-05-12,NCOS,Phelps Bridge 1
ArthCOI,ESV_044656,GGGTTGAAGTGCACTATTAGGCAGAGCTTTGAGGGTAATTATTCGATCTGAACTAAGTCACTCAGGTAGAGTGTTAGCTGATGATCAATTATATAATGTGGTTGTAACTGCTCATGCGTTTATTATAATTTTTTTCATGGTCATGCCGATTATAATT,"Eukaryota, Arthropoda, Ostracoda, Podocopida, Cyprididae, Cyprideis, Cyprideis sp. RA01",Eukaryota,Arthropoda,Ostracoda,Podocopida,Cyprididae,Cyprideis,Cyprideis sp. RA01,79.6,1,91TGAHP8,221,NPB,2022-08-10,NCOS,Phelps Bridge
ArthCOI,ESV_044668,GATTTGGTGTGGCTTGGTCGGTACAGGTTTAAGCTTGTTAATTCGTTTGGAATTAGGAACATCTCTGGTACTATTGGATGAACATTTTTATAATGTAATCGTTACAGCACATGCTTTTGTAATGATTTTTTTTATAGTTATACCTATAATAATT,"Eukaryota, Mollusca, Gastropoda, unk_order, Physidae, Physella",Eukaryota,Mollusca,Gastropoda,unk_order,Physidae,Physella,NA,99.4,2,ZWDZ7WZK,200,NPB2,2022-08-08,NCOS,Phelps Bridge 2
ArthCOI,ESV_044668,GATTTGGTGTGGCTTGGTCGGTACAGGTTTAAGCTTGTTAATTCGTTTGGAATTAGGAACATCTCTGGTACTATTGGATGAACATTTTTATAATGTAATCGTTACAGCACATGCTTTTGTAATGATTTTTTTTATAGTTATACCTATAATAATT,"Eukaryota, Mollusca, Gastropoda, unk_order, Physidae, Physella",Eukaryota,Mollusca,Gastropoda,unk_order,Physidae,Physella,NA,99.4,2,91TGAHP8,19,NPB,2022-08-10,NCOS,Phelps Bridge
ArthCOI,ESV_030446,GGTATGGTCAGGAATAGTAGGGACTGCTCTGAGTATATTAATTCGAGCGGAGCTTGGCCAGTCAGGTAGTTTGATTGGTGATGATCAAATTTATAATGTAATTGTTACTGCCCACGCTTTTGTCATAATTTTTTTTATAGTTATACCTATCATAATT,"Eukaryota, Arthropoda, Branchiopoda, Diplostraca, Daphniidae, Simocephalus",Eukaryota,Arthropoda,Branchiopoda,Diplostraca,Daphniidae,Simocephalus,NA,91.1,6,1VSWCRMT,196,NPB1,2022-05-12,NCOS,Phelps Bridge 1
ArthCOI,ESV_030551,GATTTGGTGTGGCTTGGTCGGTACAGGCTTAAGCTTGTTAATTCGTTTGGAATTAGGAACATCTCTGGTACTATTGGATGAACATTTTTATAATGTGATCGTTACAGCACATGCTTTTGTAATGATTTTTTTTATAGTTATACCTATAATAATT,"Eukaryota, Mollusca, Gastropoda, unk_order, Physidae, Physella",Eukaryota,Mollusca,Gastropoda,unk_order,Physidae,Physella,NA,99.4,2,ZWDZ7WZK,163,NPB2,2022-08-08,NCOS,Phelps Bridge 2
ArthCOI,ESV_030491,GATTTGGTGTGGCTTGGTCGGTACAGGCTTAAGCTTGTTAATTCGTTTGGAATTAGGAACATCTCTGGTACTATTGGATGAACATTTTTATAATGTAATCGTTACAGCACATGCTTTTGTAATGATTTTTTTTATAGTTATACCTATAATAATT,"Eukaryota, Mollusca, Gastropoda, unk_order, Physidae, Physella, Physella acuta",Eukaryota,Mollusca,Gastropoda,unk_order,Physidae,Physella,Physella acuta,100,1,ZWDZ7WZK,157,NPB2,2022-08-08,NCOS,Phelps Bridge 2
ArthCOI,ESV_030554,TGCTTGATCAGCAATATTAGGAACAGCTCTCAGTGTTATTATTCGTGCTGAACTTGGTCAACCAGGAACTTTGATTGGCAATGATCAAATTTATAATACAATTGTAACAGCACATGCATTTATCATAATTTTTTTTATAGTTATACCCATTATGGTC,"Eukaryota, Arthropoda, Ostracoda, Podocopida, Cyprididae",Eukaryota,Arthropoda,Ostracoda,Podocopida,Cyprididae,NA,NA,92.4,1,ZWDZ7WZK,150,NPB2,2022-08-08,NCOS,Phelps Bridge 2
ArthCOI,ESV_044646,TATGTGGGCGGGTCTAATAGGTACCACTTTATCTTTATTAATTCGTGCAGAATTAAGCCAAGGAGGTGATGGTATTTTAATGGGTAATTATCAGCTTTATAATACGATAATAACGGCTCATGGTTTTATTATGATTTTTTTTATGGTAATGCCAATAATGATA,"Eukaryota, Arthropoda, Insecta, Lepidoptera",Eukaryota,Arthropoda,Insecta,Lepidoptera,NA,NA,NA,76.1,4,NO77X77Z,15,NEC,2022-08-12,NCOS,East Channel
ArthCOI,ESV_044646,TATGTGGGCGGGTCTAATAGGTACCACTTTATCTTTATTAATTCGTGCAGAATTAAGCCAAGGAGGTGATGGTATTTTAATGGGTAATTATCAGCTTTATAATACGATAATAACGGCTCATGGTTTTATTATGATTTTTTTTATGGTAATGCCAATAATGATA,"Eukaryota, Arthropoda, Insecta, Lepidoptera",Eukaryota,Arthropoda,Insecta,Lepidoptera,NA,NA,NA,76.1,4,3LAFC32T,67,NMC,2022-08-15,NCOS,Main Channel
ArthCOI,ESV_044685,GGTATGATCAGGAATGGTTGGGACTGCTCTAAGTATACTAATTCGTGCTGAACTAGGGCAATCAGGAAGACTTATTGGTGATGATCAAATCTATAACGTAATTGTTACAGCCCATGCTTTTGTGATAATTTTCTTCATGGTTATACCAATTATAATC,"Eukaryota, Arthropoda, Branchiopoda, Diplostraca, Daphniidae, Ceriodaphnia, Ceriodaphnia sp. BOLD:AAB5055",Eukaryota,Arthropoda,Branchiopoda,Diplostraca,Daphniidae,Ceriodaphnia,Ceriodaphnia sp. BOLD:AAB5055,100,1,ZWDZ7WZK,72,NPB2,2022-08-08,NCOS,Phelps Bridge 2
ArthCOI,ESV_044686,AGCTTGAGCCGGAATAGTGGGAACTTCCCTAAGTCTACTAATTCGAGCTGAATTAAGTCAACCTGGTATATTTATTGGTAATGATCAAATTTATAATGTGATTGTTACTGCCCATGCTTTTATTATGATTTTTTTTATAGTTATACCTATTATAATT,"Eukaryota, Arthropoda, Insecta, Diptera, Culicidae, Culiseta, Culiseta particeps",Eukaryota,Arthropoda,Insecta,Diptera,Culicidae,Culiseta,Culiseta particeps,96.8,1,ZWDZ7WZK,58,NPB2,2022-08-08,NCOS,Phelps Bridge 2
ArthCOI,ESV_044687,AGCTTGAGCTGGAATAATTGGTACTTCTTTAAGTATTCTTATTCGGGCAGAATTAAGTCAACCTGGAGTATTTATTGGAAATGATCAAATTTATAATGTTATTGTAACTGCTCATGCTTTTATTATAATTTTTTTTATAGTTATACCTATTATAATT,"Eukaryota, Arthropoda, Insecta, Diptera, Culicidae, Culex",Eukaryota,Arthropoda,Insecta,Diptera,Culicidae,Culex,NA,99.4,30,ZWDZ7WZK,39,NPB2,2022-08-08,NCOS,Phelps Bridge 2
ArthCOI,ESV_044688,AGCTTGAGCCGGAATAGTGGGAACTTCCCTAAGTCTACTAATTCGAGCTGAATTAAGTCAACCTGGCATATTTATTGGTAATGATCAAATTTATAATGTGATTGTTACTGCCCATGCTTCTATTATGATTTTTTTTATAGTTATACCTATTATAATT,"Eukaryota, Arthropoda, Insecta, Diptera, Culicidae, Culiseta, Culiseta particeps",Eukaryota,Arthropoda,Insecta,Diptera,Culicidae,Culiseta,Culiseta particeps,96.2,1,ZWDZ7WZK,38,NPB2,2022-08-08,NCOS,Phelps Bridge 2
ArthCOI,ESV_033816,GGCTTGAGCCAGTGCAATTGGAACTTCTCTTAGGGCGATTATTCGGTCCGAACTCAGAAGGCCAGGCAACCTGATTGGAGACGATCAGATTTATAATGTAGTAGTGACTGCTCATGCCTTTGTCATAATTTTTTTTATAGTTATGCCTATCATAATT,"Eukaryota, Arthropoda, Malacostraca, Amphipoda, Hyalellidae, Hyalella, Hyalella azteca",Eukaryota,Arthropoda,Malacostraca,Amphipoda,Hyalellidae,Hyalella,Hyalella azteca,100,1,ZWDZ7WZK,38,NPB2,2022-08-08,NCOS,Phelps Bridge 2
ArthCOI,ESV_027390,TGCTTGATCAGGAATAGTGGGGACATCCCTAAGAATACTTATTCGAGCAGAATTAGGACGTCCTGGAACTTTCATTGGAGACGATCAAATTTATAATGTCGTAGTAACAGCACACGCATTTGTTATAATTTTTTTCATAGTTATGCCTATTTTAATT,"Eukaryota, Arthropoda, Insecta, Diptera, Chironomidae",Eukaryota,Arthropoda,Insecta,Diptera,Chironomidae,NA,NA,98.7,2,91TGAHP8,37,NPB,2022-08-10,NCOS,Phelps Bridge
ArthCOI,ESV_044689,GGCTTGAGCCAGTGCAATTGGAACTTCTCTTAGGGCAATTATTCGGTCAGAACTCAGAAGGCCAGGCAACCTGATTGGAGACGATCAGATTTATAATGTAGTAGTGACTGCTCATGCCTTTGTCATAATTTTTTTTATAGTTATGCCTATCATAATT,"Eukaryota, Arthropoda, Malacostraca, Amphipoda, Hyalellidae, Hyalella, Hyalella azteca",Eukaryota,Arthropoda,Malacostraca,Amphipoda,Hyalellidae,Hyalella,Hyalella azteca,100,1,ZWDZ7WZK,34,NPB2,2022-08-08,NCOS,Phelps Bridge 2
ArthCOI,ESV_039267,TATATGATCTGGACTAGTAGGTACAGCTTTGAGTTTATTGATTCGAGCAGAGTTAGGACAACCGGGTGCCTTATTAGGGGACGATCAGCTTTATAACGTTATTGTTACTGCTCACGCTTTTGTTATAATTTTTTTCTTGGTTATACCTATAATGATT,"Eukaryota, Mollusca, Gastropoda, Littorinimorpha, Tateidae, Potamopyrgus, Potamopyrgus antipodarum",Eukaryota,Mollusca,Gastropoda,Littorinimorpha,Tateidae,Potamopyrgus,Potamopyrgus antipodarum,100,1,ZWDZ7WZK,31,NPB2,2022-08-08,NCOS,Phelps Bridge 2
ArthCOI,ESV_044664,TATATGGTCAGGTATAGTAGGATCATCAATAAGTTGAATTATCCGAATTGAATTAGGACAACCAGGAACATTTATTGGAAATGATCAAATTTATAATGTTATTGTGACTGCTCACGCATTTGTCATAATTTTTTTTATAGTAATACCGATTATAATT,"Eukaryota, Arthropoda, Insecta, Hemiptera, Lygaeidae",Eukaryota,Arthropoda,Insecta,Hemiptera,Lygaeidae,NA,NA,91.1,6,91TGAHP8,29,NPB,2022-08-10,NCOS,Phelps Bridge
ArthCOI,ESV_044690,GATTTGGTGTGGCTTGGTCGGTACAGGCTTAAGCTTGTTAATTCGTTTGGAATCAGGAACATCTCTGGTACTATTGGATGAACATTTTTATAATGTAATCGTTACAGCACATGCTTTTGTTATGATTTTTTTTATAGTTATACCTATAATAATT,"Eukaryota, Mollusca, Gastropoda, unk_order, Physidae, Physella",Eukaryota,Mollusca,Gastropoda,unk_order,Physidae,Physella,NA,98.7,2,ZWDZ7WZK,29,NPB2,2022-08-08,NCOS,Phelps Bridge 2
ArthCOI,ESV_033751,AGCTTGAGCTGGTATAGTAGGAACTTCATTAAGTATTTTAATTCGAGCAGAACTTGGTCATCCGGGAGCATTAATTGGGGATGATCAAATTTATAATGTTATTGTAACAGCTCATGCATTTATTATAATTTTCTTTATAGTTATACCAATCATAATT,"Eukaryota, Arthropoda, Insecta, Diptera, Tipulidae, Tipula",Eukaryota,Arthropoda,Insecta,Diptera,Tipulidae,Tipula,NA,96.2,5,ZWDZ7WZK,24,NPB2,2022-08-08,NCOS,Phelps Bridge 2
ArthCOI,ESV_030447,TATTTGATCAGGAATGGTAGGTACAGCTTTAAGCTTACTTATTCGTGCTGAACTTGGGCAATCTGGAAGTTTAATTGGAGATGATCAAAGTTACAATGTAATTGTAACTGCACATGCATTTGTAATAATTTTTTTTATGGTCATACCAATCATAATC,"Eukaryota, Arthropoda, Branchiopoda, Diplostraca, Daphniidae, Daphnia, Daphnia sp. 1 SA-2003",Eukaryota,Arthropoda,Branchiopoda,Diplostraca,Daphniidae,Daphnia,Daphnia sp. 1 SA-2003,94.9,1,1VSWCRMT,24,NPB1,2022-05-12,NCOS,Phelps Bridge 1
ArthCOI,ESV_030462,TGTATGATCTGGTATAGTAGGAACCTCTTTAAGCCTTTTAATCCGAGCCGAATTAGGGCACCCGGGTTCTCTAATTGGGGATGATCAAATTTATAATGTTATTGTGACTGCCCATGCCTTCATTATAATTTTCTTTATAGTAATACCTATTATAATC,"Eukaryota, Arthropoda, Insecta, Ephemeroptera, Caenidae, Caenis",Eukaryota,Arthropoda,Insecta,Ephemeroptera,Caenidae,Caenis,NA,99.4,2,WS7KZWVL,20,NDC,2022-05-11,NCOS,Devereux Creek
ArthCOI,ESV_044691,AGCTTGAGCCGGAATAGTGGGAACTTCCCTAAGTCTACTAATTCGAGCTGAATTAAGTCAACCTGGCATATTTATTGGTAATGATCAAATTTATAATGTGATTGTTACTGCCCATGCTTTTATTATGATTTTTTTTATAGTTATACCTATTATAATC,"Eukaryota, Arthropoda, Insecta, Diptera, Culicidae, Culiseta, Culiseta particeps",Eukaryota,Arthropoda,Insecta,Diptera,Culicidae,Culiseta,Culiseta particeps,96.2,1,ZWDZ7WZK,15,NPB2,2022-08-08,NCOS,Phelps Bridge 2
ArthCOI,ESV_044692,TGCTTGAGCCGGAATAGTGGGGACAGGTCTAAGAATAATTATTCGTTTAGAATTAGGGCAGCCTGGTTCTTTAATAGGAGATGATCAAATTTATAATGTAATTGTTACGGCTCATGCTTTTATTATAATTTTTTTTATAGTAATGCCAATTTTAATT,"Eukaryota, Arthropoda, Hexanauplia, Cyclopoida, Cyclopidae, Acanthocyclops, Acanthocyclops americanus",Eukaryota,Arthropoda,Hexanauplia,Cyclopoida,Cyclopidae,Acanthocyclops,Acanthocyclops americanus,100,1,ZWDZ7WZK,14,NPB2,2022-08-08,NCOS,Phelps Bridge 2
ArthCOI,ESV_030464,TGTATGATCTGGTACAGTAGGAACCTCTTTAAGCCTTTTAATCCGAGCCGAATTAGGGCACCCGGGTTCTCTAATTGGGGATGATCAAATTTATAATGTTATTGTGACTGCCCATGCCTTCATTATAATTTTCTTTATAGTAATACCTATTATAATT,"Eukaryota, Arthropoda, Insecta, Ephemeroptera, Caenidae, Caenis",Eukaryota,Arthropoda,Insecta,Ephemeroptera,Caenidae,Caenis,NA,99.4,2,WS7KZWVL,13,NDC,2022-05-11,NCOS,Devereux Creek
ArthCOI,ESV_044671,AGCATGAGCTGGAATAGTTGGTACATCTCTAAGAATTTTAATTCGAGCTGAATTAGGACATCCTGGTGCATTAATTGGTAATGATCAAATTTATAATGTTATTGTTACAGCACATGCTTTTATTATAATTTTCTTTATAGTTATACCTATTATAATT,"Eukaryota, Arthropoda, Insecta, Diptera, Ceratopogonidae, Culicoides, Culicoides sonorensis",Eukaryota,Arthropoda,Insecta,Diptera,Ceratopogonidae,Culicoides,Culicoides sonorensis,100,1,91TGAHP8,13,NPB,2022-08-10,NCOS,Phelps Bridge
ArthCOI,ESV_044694,AGCTTGAGCCGGAATAGTGGGAACTTCCCTAAGTCTACTAATTCGAGCTGAATTAAGTCAACCTGGCATATTTATTGGTAATGATCAAATTTATAATGTGATTGTTACTGCCCATGCTTTTATTATGATTTTTTTTATAGTTATACCTATAATAATT,"Eukaryota, Arthropoda, Insecta, Diptera, Culicidae, Culiseta, Culiseta particeps",Eukaryota,Arthropoda,Insecta,Diptera,Culicidae,Culiseta,Culiseta particeps,96.2,1,ZWDZ7WZK,10,NPB2,2022-08-08,NCOS,Phelps Bridge 2
ArthCOI,ESV_044673,GGGTTGAAGTGCACTATTAGGCAGAGCTTTAAGAGTAATTATTCGATCTGAACTAAGCCACTCAGGTAGAGTGTTAGCTGATGATCAATTATATAATGTGGTTGTAACTGCTCATGCGTTTATTATAATTTTTTTCATGGTCATGCCGATTATAATT,"Eukaryota, Arthropoda, Ostracoda, Podocopida, Cyprididae, Cyprideis, Cyprideis sp. RA01",Eukaryota,Arthropoda,Ostracoda,Podocopida,Cyprididae,Cyprideis,Cyprideis sp. RA01,80.3,1,91TGAHP8,10,NPB,2022-08-10,NCOS,Phelps Bridge
ArthCOI,ESV_044695,AGCTTGAGCTGGAATAATTGGTACTTCTTTAAGTATTCTTATTCGAGCAGAATTAAGTCAACCTGGAGTATTTATTGGAAATGATCAAATTTATAATGTTATTGTAACTGCTCATGCTTTTATTATAATTTTTTTTATAGTTATACCTATTATAATC,"Eukaryota, Arthropoda, Insecta, Diptera, Culicidae, Culex",Eukaryota,Arthropoda,Insecta,Diptera,Culicidae,Culex,NA,99.4,28,ZWDZ7WZK,8,NPB2,2022-08-08,NCOS,Phelps Bridge 2
ArthCOI,ESV_048594,TATATGAACTGCTATATTAGGAACTTCGTTAAGAAATATTATTCGTTTTGAACTAAGTATACCGAATAGAATCATCAAAGATGATCAAATTTATAATTCTTTAGTAACAGCTCATGCATTAGTAATAATCTTTTTTATAATTATACCTGTTATAATT,"Eukaryota, Arthropoda, Arachnida, Trombidiformes, Tarsonemidae",Eukaryota,Arthropoda,Arachnida,Trombidiformes,Tarsonemidae,NA,NA,92.4,1,04Q3DGUX,195,NDC,2022-11-19,NCOS,Devereux Creek
ArthCOI,ESV_048599,AACATTTAGTGGAATAATTGGAACATTATTATCTGTTCTAATTCGTTTAGAATTAGCATATCCAGGAAATCAATTTTTTGAAGGAAATCACCAAGTATATAATGTTGTTGTTACAGCACATGCTATTTTAATGATTTTTTTTATGGTAATGCCTATACTAATC,"Eukaryota, Arthropoda, Arachnida, Trombidiformes, Eriophyidae, Acalitus, Acalitus vaccinii",Eukaryota,Arthropoda,Arachnida,Trombidiformes,Eriophyidae,Acalitus,Acalitus vaccinii,81.6,1,04Q3DGUX,68,NDC,2022-11-19,NCOS,Devereux Creek
ArthCOI,ESV_048612,TGCATTTTCTGGAGTACTAGGTACTGCTAGATCTACACTTATCCGTAGAGAACTTAGTGGAACTGGACAACAAGTTCTCGCAGGTAATTATCAACTTTATAATGTAATCATTACTGCACATGCTTTTCTTAGAATCTTCTTTAGAGTAAGGCCTATTCTTATT,"Eukaryota, Arthropoda, Insecta, Blattodea, Tryonicidae, Rothisilpha, Rothisilpha latreilleae",Eukaryota,Arthropoda,Insecta,Blattodea,Tryonicidae,Rothisilpha,Rothisilpha latreilleae,70.6,1,04Q3DGUX,8,NDC,2022-11-19,NCOS,Devereux Creek
