primer,ESVId,sequence,kpcofgs,Kingdom,Phylum,Class,Order,Family,Genus,Species,percent_match,number_species,sample_id,sample_count,site,date,sample_type,ncos_or_copr,full_site_name
ArthCOI,ESV_027544,GGATCTGAGGGGGACTCGTAGGTACAACTATAAGAGTTCTTATTCGAACTGAATTAGCTGTTCCTGGGTCTTTTTTAGGTGAGCAGGTTTATAACACTGTTGTTACTGCCCATGCATTCTTAATGATTTTCTTTTTAGTGATGCCTGTGTTTATG,"Eukaryota, Annelida, Polychaeta, unk_order, Capitellidae, Capitella, Capitella teleta",Eukaryota,Annelida,Polychaeta,unk_order,Capitellidae,Capitella,Capitella teleta,85.2,1,17OXC1IX,20,NVP2,2022-01-20,Aquatic,NCOS,Vernal Pool 2
ArthCOI,ESV_027645,TTTATTTGCAGGTATTATCGGAACTATTTTTAGTTTTTTTATTCGTTTAGAACTTGCCTCTGTTGGTAGTTTTTATTTTTCAGGAAATTATCAGCTTTATAATGTTCTTATTACGGCTCATGCGTTTGTTATGATTTTTTTTATGGTTATGCCGGTATTAATC,"Eukaryota, Arthropoda, Arachnida",Eukaryota,Arthropoda,Arachnida,NA,NA,NA,NA,73.6,2,53CM7JPJ,1330,VP1,2022-01-14,Aquatic,COPR,Vernal Pool 1
ArthCOI,ESV_027646,TTTATTTGCGGGTATTATCGGAACTATTTTTAGTTTTTTTATTCGTTTAGAGCTTGCTTCTGTTGGTAGTTTTTATTTTTCAGGAAATTATCAACTTTATAATGTTCTTATTACAGCTCATGCGTTTGTTATGATTTTTTTTATGGTTATGCCAGTGTTAATC,"Eukaryota, Arthropoda, Arachnida, Trombidiformes, Eriophyidae, Acalitus, Acalitus vaccinii",Eukaryota,Arthropoda,Arachnida,Trombidiformes,Eriophyidae,Acalitus,Acalitus vaccinii,73.6,1,53CM7JPJ,624,VP1,2022-01-14,Aquatic,COPR,Vernal Pool 1
ArthCOI,ESV_027717,GGCGTGAGCTGCCATATTCGGCAGAGCACTTAGCTCTATCATTCGACTTGAATTAATACAGCCTGGAACTTTTATTGGAGATGATCAAATTTACAACACTGTTGTGACAGCTCATGCTTTTGTTATAATTTTCTTTATAGTTATGCCTATTTTAATT,"Eukaryota, Arthropoda",Eukaryota,Arthropoda,NA,NA,NA,NA,NA,80.9,17,5J7FNP4O,158,NVP4,2022-01-20,Aquatic,NCOS,Vernal Pool 4
ArthCOI,ESV_020801,GGCTTGAGCCGCTATAGTAGGAACCGCCCTTAGAGTAATCATTCGAGCCGAATTAGGTCAACCTGGATCATTAATTGGGAATGACCAAATTTACAACACAATTGTGACAGCCCACGCATTTATTATAATTTTTTTTATAGTTATGCCAATTATAATT,"Eukaryota, Arthropoda, Ostracoda, Podocopida",Eukaryota,Arthropoda,Ostracoda,Podocopida,NA,NA,NA,94.9,2,5J7FNP4O,10,NVP4,2022-01-20,Aquatic,NCOS,Vernal Pool 4
ArthCOI,ESV_020801,GGCTTGAGCCGCTATAGTAGGAACCGCCCTTAGAGTAATCATTCGAGCCGAATTAGGTCAACCTGGATCATTAATTGGGAATGACCAAATTTACAACACAATTGTGACAGCCCACGCATTTATTATAATTTTTTTTATAGTTATGCCAATTATAATT,"Eukaryota, Arthropoda, Ostracoda, Podocopida",Eukaryota,Arthropoda,Ostracoda,Podocopida,NA,NA,NA,94.9,2,17OXC1IX,45,NVP2,2022-01-20,Aquatic,NCOS,Vernal Pool 2
ArthCOI,ESV_027721,AGCTTGATCTGGTATAGTAGGAACATCTTTAAGTATACTTATTCGTGCAGAATTAGGTCATCCAGGCACTTTTATTGGAGATGACCAAATTTACAATGTAATTGTTACAGCTCACGCTTTTATTATAATTTTTTTTATAGTTATACCTATCTTAATT,"Eukaryota, Arthropoda, Insecta, Diptera, Chironomidae, Tanytarsus",Eukaryota,Arthropoda,Insecta,Diptera,Chironomidae,Tanytarsus,NA,100,9,5J7FNP4O,36,NVP4,2022-01-20,Aquatic,NCOS,Vernal Pool 4
ArthCOI,ESV_027724,GATCTGAGCAGGAATAGTAGGAACAGCTCTAAGTATACTTATTCGTGTCGAATTAGCTCAAGCAGGAAGATTTATTGGCGATGATCAAGTGTATAACGTTATCGTTACTGCCCACGCTTTTATTATAATTTTCTTTATAGTTATACCTATCCTAATT,"Eukaryota, Arthropoda, Branchiopoda, Diplostraca, Moinidae, Moina",Eukaryota,Arthropoda,Branchiopoda,Diplostraca,Moinidae,Moina,NA,87.9,10,5J7FNP4O,33,NVP4,2022-01-20,Aquatic,NCOS,Vernal Pool 4
ArthCOI,ESV_027681,TTTATTTGCGGGTATTATCAGAACTATTTTTAGTTTTTTTATTCGTTTAGAGCTTGCTTCTGTTGGTAGTTTTTATTTTTCAGGAAATTATCAACTTTATAATGTTCTTATTACAGCTCATGCGTTTGTTATGATTTTTTTTATGGTTATGCCAGTGTTAATC,"Eukaryota, Arthropoda, Arachnida, Trombidiformes, Eriophyidae, Acalitus, Acalitus vaccinii",Eukaryota,Arthropoda,Arachnida,Trombidiformes,Eriophyidae,Acalitus,Acalitus vaccinii,73,1,53CM7JPJ,31,VP1,2022-01-14,Aquatic,COPR,Vernal Pool 1
ArthCOI,ESV_027610,AACGATCTCTGGTATTATTGGAACTGTTCTTAGTCTATTTATCCGTTTAGAACTTTCCTGTCCAGCCAATCAGTTCCTTCATGGTAACCATCAATTATATAACGTTATTGTTACAGCCCACGCCTTCATTATGATTTTTTTTATGGTTATGCCAGTTCTTATC,"Eukaryota, Arthropoda, Arachnida",Eukaryota,Arthropoda,Arachnida,NA,NA,NA,NA,76.1,1,17OXC1IX,30,NVP2,2022-01-20,Aquatic,NCOS,Vernal Pool 2
ArthCOI,ESV_027690,AATTTGATCAGGAATTGTTGGGGCTTCTATAAGAATAATCATTCGAATAAAATTATCCCATAATACAATTATTCCCCAAAACGATCAAGTTTATAACACTATAGTAACAGCTCATGCATTTCTAATAATTTTTTTCATAGTTATACCAATTATAATT,"Eukaryota, Arthropoda, Arachnida, Trombidiformes",Eukaryota,Arthropoda,Arachnida,Trombidiformes,NA,NA,NA,89.8,1,53CM7JPJ,21,VP1,2022-01-14,Aquatic,COPR,Vernal Pool 1
ArthCOI,ESV_017342,AGCATTTAGTAGTTTATTAGGAACAGGATTATTCATAGCAATTAGATATGAATTAGCTATACCGGGTAGTCTTTTATTTGGATCAAATTTACAAATATATAATGTGACAATTATTGCACATGCTTTTATTATAATTTTTTTTGTAGTTATACCTATTTTAATT,"Eukaryota, Arthropoda, Insecta",Eukaryota,Arthropoda,Insecta,NA,NA,NA,NA,71.8,60,17OXC1IX,15,NVP2,2022-01-20,Aquatic,NCOS,Vernal Pool 2
ArthCOI,ESV_000650,AGCATGGGCAGGGATAATTGGTACTGCTATAAGAGTATTAATTCGAATTGAACTAGGGCAGCCTGGATCTCTAATTGGAGATGACCAAATTTACAACGTAATTGTTACTGCTCACGCATTTGTAATAATTTTTTTTATAGTTATACCTATTATGATT,"Eukaryota, Arthropoda, Insecta, Odonata, Libellulidae, Sympetrum, Sympetrum corruptum",Eukaryota,Arthropoda,Insecta,Odonata,Libellulidae,Sympetrum,Sympetrum corruptum,100,1,17OXC1IX,14,NVP2,2022-01-20,Aquatic,NCOS,Vernal Pool 2
ArthCOI,ESV_027734,AGCATTTTCCGGTGTAATCGGTACTGTACTATCTATAATTATACGCTTAGAATTAGCTTTGCCAGGTAATAGTATTTTAAACGGTAACCACCAATTATACAATGTTATTGTAACCGCCCACGCTTTTATCATGATATTTTTTATGGTAATGCCAATACTTGTA,"Eukaryota, Arthropoda, Arachnida",Eukaryota,Arthropoda,Arachnida,NA,NA,NA,NA,78.5,1,5J7FNP4O,13,NVP4,2022-01-20,Aquatic,NCOS,Vernal Pool 4
ArthCOI,ESV_027738,AACATTTAGTGGAATGATTGGTACTTTATTATCAGTTTTAATACGTTTAGAACTGGCTTATCCTGGAAATCAATTTTTCCAAGGAAATCATCAATTATATAATGTTGTTGTTACAGCGCATGCATTATTAATGATCTTTTTTATGGTTATGCCTATTTTGTTA,"Eukaryota, Arthropoda, Arachnida, Mesostigmata",Eukaryota,Arthropoda,Arachnida,Mesostigmata,NA,NA,NA,80.4,1,5J7FNP4O,11,NVP4,2022-01-20,Aquatic,NCOS,Vernal Pool 4
ArthCOI,ESV_027626,AGCATGGGCAGGGATAATTGGTACTGCTATAAGAGTATTAATTCGAATTGAACTAGGGCAGCCTGGATCCCTAATTGGAGATGACCAAATTTACAACGTAATTGTTACTGCTCACGCATTTGTAATAATTTTTTTTATAGTTATACCTATTATGATT,"Eukaryota, Arthropoda, Insecta, Odonata, Libellulidae, Sympetrum, Sympetrum corruptum",Eukaryota,Arthropoda,Insecta,Odonata,Libellulidae,Sympetrum,Sympetrum corruptum,99.4,1,17OXC1IX,11,NVP2,2022-01-20,Aquatic,NCOS,Vernal Pool 2
ArthCOI,ESV_027747,TGTATGAGCCGCTATAGTAGGAACTGCTTTTAGAGTTCTGATTCGACTTGAATTAGGACAACCCGGAAGTTTTATTGGTGATGATCAAATTTATAACGTCATAGTTACCGCACACGCTTTTATTATAATTTTCTTTATAGTTATACCAATTATGATT,"Eukaryota, Arthropoda, Collembola, Entomobryomorpha, Entomobryidae",Eukaryota,Arthropoda,Collembola,Entomobryomorpha,Entomobryidae,NA,NA,89.8,3,5J7FNP4O,10,NVP4,2022-01-20,Aquatic,NCOS,Vernal Pool 4
ArthCOI,ESV_027750,AACATTTAGTGGAATGATTGGTACTTTATTATCCGTTCTAATACGTTTAGAACTTGCTTATCCCGGAAATCAATTTTTTCAAGGAAATCATCAATTATATAATGTCGTTGTTACAGCGCATGCATTATTAATGATTTTTTTTATGGTAATGCCAATTTTATTA,"Eukaryota, Arthropoda, Arachnida, Mesostigmata",Eukaryota,Arthropoda,Arachnida,Mesostigmata,NA,NA,NA,81,1,5J7FNP4O,8,NVP4,2022-01-20,Aquatic,NCOS,Vernal Pool 4
