"","TestId","ESVId","sequence","kpcofgs","Kingdom","Phylum","Class","Order","Family","Genus","Species","percent_match","number_species","sample_id","sample_count","site","date","ncos_or_copr","full_site_name"
"1","ArthCOI","ESV_027544","GGATCTGAGGGGGACTCGTAGGTACAACTATAAGAGTTCTTATTCGAACTGAATTAGCTGTTCCTGGGTCTTTTTTAGGTGAGCAGGTTTATAACACTGTTGTTACTGCCCATGCATTCTTAATGATTTTCTTTTTAGTGATGCCTGTGTTTATG","Eukaryota, Annelida, Polychaeta, unk_order, Capitellidae, Capitella, Capitella teleta","Eukaryota","Annelida","Polychaeta","unk_order","Capitellidae","Capitella","Capitella teleta",85.2,1,"5J7FNP4O",0,"NVP4",2022-01-20,"NCOS","Vernal Pool 4"
"2","ArthCOI","ESV_027544","GGATCTGAGGGGGACTCGTAGGTACAACTATAAGAGTTCTTATTCGAACTGAATTAGCTGTTCCTGGGTCTTTTTTAGGTGAGCAGGTTTATAACACTGTTGTTACTGCCCATGCATTCTTAATGATTTTCTTTTTAGTGATGCCTGTGTTTATG","Eukaryota, Annelida, Polychaeta, unk_order, Capitellidae, Capitella, Capitella teleta","Eukaryota","Annelida","Polychaeta","unk_order","Capitellidae","Capitella","Capitella teleta",85.2,1,"53CM7JPJ",0,"VP1",2022-01-14,"COPR","Vernal Pool 1"
"3","ArthCOI","ESV_027544","GGATCTGAGGGGGACTCGTAGGTACAACTATAAGAGTTCTTATTCGAACTGAATTAGCTGTTCCTGGGTCTTTTTTAGGTGAGCAGGTTTATAACACTGTTGTTACTGCCCATGCATTCTTAATGATTTTCTTTTTAGTGATGCCTGTGTTTATG","Eukaryota, Annelida, Polychaeta, unk_order, Capitellidae, Capitella, Capitella teleta","Eukaryota","Annelida","Polychaeta","unk_order","Capitellidae","Capitella","Capitella teleta",85.2,1,"17OXC1IX",20,"NVP2",2022-01-20,"NCOS","Vernal Pool 2"
"4","ArthCOI","ESV_004660","AGTATGATCAGGAATGGTTGGGACTGCTCTAAGTATACTAATTCGTGCTGAACTAGGGCAATCAGGAAGACTTATTGGTGATGATCAAATCTATAACGTAATTGTTACAGCCCATGCTTTTGTGATAATTTTCTTCATGGTTATACCAATTATAATC","Eukaryota, Arthropoda, Branchiopoda, Diplostraca, Daphniidae, Ceriodaphnia","Eukaryota","Arthropoda","Branchiopoda","Diplostraca","Daphniidae","Ceriodaphnia",NA,100,3,"5J7FNP4O",0,"NVP4",2022-01-20,"NCOS","Vernal Pool 4"
"5","ArthCOI","ESV_004660","AGTATGATCAGGAATGGTTGGGACTGCTCTAAGTATACTAATTCGTGCTGAACTAGGGCAATCAGGAAGACTTATTGGTGATGATCAAATCTATAACGTAATTGTTACAGCCCATGCTTTTGTGATAATTTTCTTCATGGTTATACCAATTATAATC","Eukaryota, Arthropoda, Branchiopoda, Diplostraca, Daphniidae, Ceriodaphnia","Eukaryota","Arthropoda","Branchiopoda","Diplostraca","Daphniidae","Ceriodaphnia",NA,100,3,"53CM7JPJ",0,"VP1",2022-01-14,"COPR","Vernal Pool 1"
"6","ArthCOI","ESV_004660","AGTATGATCAGGAATGGTTGGGACTGCTCTAAGTATACTAATTCGTGCTGAACTAGGGCAATCAGGAAGACTTATTGGTGATGATCAAATCTATAACGTAATTGTTACAGCCCATGCTTTTGTGATAATTTTCTTCATGGTTATACCAATTATAATC","Eukaryota, Arthropoda, Branchiopoda, Diplostraca, Daphniidae, Ceriodaphnia","Eukaryota","Arthropoda","Branchiopoda","Diplostraca","Daphniidae","Ceriodaphnia",NA,100,3,"17OXC1IX",0,"NVP2",2022-01-20,"NCOS","Vernal Pool 2"
"7","ArthCOI","ESV_000027","TGGTTTTGCTGGAGTTTTAGGGACGTGTTTTTCATTACTTATTCGTATGGAATTATCACACCCTGGAAACCAAATTTTAAACGGAAACCACCAACTGTATAATGTTATCATTACTGCACACGCATTTTTAATGATTTTTTTCATGGTAATGCCAGTATTAATG","Eukaryota, Mollusca, Bivalvia, Galeommatida, Montacutidae, Kurtiella, Kurtiella bidentata","Eukaryota","Mollusca","Bivalvia","Galeommatida","Montacutidae","Kurtiella","Kurtiella bidentata",84,1,"5J7FNP4O",0,"NVP4",2022-01-20,"NCOS","Vernal Pool 4"
"8","ArthCOI","ESV_000027","TGGTTTTGCTGGAGTTTTAGGGACGTGTTTTTCATTACTTATTCGTATGGAATTATCACACCCTGGAAACCAAATTTTAAACGGAAACCACCAACTGTATAATGTTATCATTACTGCACACGCATTTTTAATGATTTTTTTCATGGTAATGCCAGTATTAATG","Eukaryota, Mollusca, Bivalvia, Galeommatida, Montacutidae, Kurtiella, Kurtiella bidentata","Eukaryota","Mollusca","Bivalvia","Galeommatida","Montacutidae","Kurtiella","Kurtiella bidentata",84,1,"53CM7JPJ",0,"VP1",2022-01-14,"COPR","Vernal Pool 1"
"9","ArthCOI","ESV_000027","TGGTTTTGCTGGAGTTTTAGGGACGTGTTTTTCATTACTTATTCGTATGGAATTATCACACCCTGGAAACCAAATTTTAAACGGAAACCACCAACTGTATAATGTTATCATTACTGCACACGCATTTTTAATGATTTTTTTCATGGTAATGCCAGTATTAATG","Eukaryota, Mollusca, Bivalvia, Galeommatida, Montacutidae, Kurtiella, Kurtiella bidentata","Eukaryota","Mollusca","Bivalvia","Galeommatida","Montacutidae","Kurtiella","Kurtiella bidentata",84,1,"17OXC1IX",0,"NVP2",2022-01-20,"NCOS","Vernal Pool 2"
"10","ArthCOI","ESV_027559","AATTTGATCTGGTATAGTAGGAACAGCACTTAGTATATTAATTCGATTTGAGTTAGCTCAAGCAGGAAGTTTTATTGGGGACGACCAAATTTACAATGTTATTGTCACTGCCCATGCTTTTATTATAATTTTCTTTATAGTAATACCTATCTTAATT","Eukaryota, Arthropoda, Branchiopoda, Diplostraca, Moinidae, Moina","Eukaryota","Arthropoda","Branchiopoda","Diplostraca","Moinidae","Moina",NA,97.5,7,"5J7FNP4O",0,"NVP4",2022-01-20,"NCOS","Vernal Pool 4"
"11","ArthCOI","ESV_027559","AATTTGATCTGGTATAGTAGGAACAGCACTTAGTATATTAATTCGATTTGAGTTAGCTCAAGCAGGAAGTTTTATTGGGGACGACCAAATTTACAATGTTATTGTCACTGCCCATGCTTTTATTATAATTTTCTTTATAGTAATACCTATCTTAATT","Eukaryota, Arthropoda, Branchiopoda, Diplostraca, Moinidae, Moina","Eukaryota","Arthropoda","Branchiopoda","Diplostraca","Moinidae","Moina",NA,97.5,7,"53CM7JPJ",0,"VP1",2022-01-14,"COPR","Vernal Pool 1"
"12","ArthCOI","ESV_027559","AATTTGATCTGGTATAGTAGGAACAGCACTTAGTATATTAATTCGATTTGAGTTAGCTCAAGCAGGAAGTTTTATTGGGGACGACCAAATTTACAATGTTATTGTCACTGCCCATGCTTTTATTATAATTTTCTTTATAGTAATACCTATCTTAATT","Eukaryota, Arthropoda, Branchiopoda, Diplostraca, Moinidae, Moina","Eukaryota","Arthropoda","Branchiopoda","Diplostraca","Moinidae","Moina",NA,97.5,7,"17OXC1IX",0,"NVP2",2022-01-20,"NCOS","Vernal Pool 2"
"13","ArthCOI","ESV_027576","GGATCTGAGGGGGACTCGTAGGTACAACTATAAGAGTTCTTATTCGAACTGAATTAGCTGTTCCTGGGTCTTTTTTAGGTGAGCAGGTTTATAACACTGTTGTTACTGCCCATGCATTCTTAATGATTTTCTTTTTAGTGATGCCTGTATTTATG","Eukaryota, Annelida, Polychaeta, unk_order, Capitellidae, Capitella, Capitella teleta","Eukaryota","Annelida","Polychaeta","unk_order","Capitellidae","Capitella","Capitella teleta",84.5,1,"5J7FNP4O",0,"NVP4",2022-01-20,"NCOS","Vernal Pool 4"
"14","ArthCOI","ESV_027576","GGATCTGAGGGGGACTCGTAGGTACAACTATAAGAGTTCTTATTCGAACTGAATTAGCTGTTCCTGGGTCTTTTTTAGGTGAGCAGGTTTATAACACTGTTGTTACTGCCCATGCATTCTTAATGATTTTCTTTTTAGTGATGCCTGTATTTATG","Eukaryota, Annelida, Polychaeta, unk_order, Capitellidae, Capitella, Capitella teleta","Eukaryota","Annelida","Polychaeta","unk_order","Capitellidae","Capitella","Capitella teleta",84.5,1,"53CM7JPJ",0,"VP1",2022-01-14,"COPR","Vernal Pool 1"
"15","ArthCOI","ESV_027576","GGATCTGAGGGGGACTCGTAGGTACAACTATAAGAGTTCTTATTCGAACTGAATTAGCTGTTCCTGGGTCTTTTTTAGGTGAGCAGGTTTATAACACTGTTGTTACTGCCCATGCATTCTTAATGATTTTCTTTTTAGTGATGCCTGTATTTATG","Eukaryota, Annelida, Polychaeta, unk_order, Capitellidae, Capitella, Capitella teleta","Eukaryota","Annelida","Polychaeta","unk_order","Capitellidae","Capitella","Capitella teleta",84.5,1,"17OXC1IX",0,"NVP2",2022-01-20,"NCOS","Vernal Pool 2"
"16","ArthCOI","ESV_027506","GGATCTGAGGGGGACTCGTAGGTACAACTATAAGAGTTCTTATTCGAACTGAATTAGCTGTTCCTGGGTCTTTTTTAGGTGAGCAGGTTTACAACACTGTTGTTACTGCCCATGCATTCTTAATGATTTTCTTTTTAGTGATGCCTGTGTTCATG","Eukaryota, Annelida, Polychaeta, unk_order, Capitellidae, Capitella, Capitella teleta","Eukaryota","Annelida","Polychaeta","unk_order","Capitellidae","Capitella","Capitella teleta",83.9,1,"5J7FNP4O",0,"NVP4",2022-01-20,"NCOS","Vernal Pool 4"
"17","ArthCOI","ESV_027506","GGATCTGAGGGGGACTCGTAGGTACAACTATAAGAGTTCTTATTCGAACTGAATTAGCTGTTCCTGGGTCTTTTTTAGGTGAGCAGGTTTACAACACTGTTGTTACTGCCCATGCATTCTTAATGATTTTCTTTTTAGTGATGCCTGTGTTCATG","Eukaryota, Annelida, Polychaeta, unk_order, Capitellidae, Capitella, Capitella teleta","Eukaryota","Annelida","Polychaeta","unk_order","Capitellidae","Capitella","Capitella teleta",83.9,1,"53CM7JPJ",0,"VP1",2022-01-14,"COPR","Vernal Pool 1"
"18","ArthCOI","ESV_027506","GGATCTGAGGGGGACTCGTAGGTACAACTATAAGAGTTCTTATTCGAACTGAATTAGCTGTTCCTGGGTCTTTTTTAGGTGAGCAGGTTTACAACACTGTTGTTACTGCCCATGCATTCTTAATGATTTTCTTTTTAGTGATGCCTGTGTTCATG","Eukaryota, Annelida, Polychaeta, unk_order, Capitellidae, Capitella, Capitella teleta","Eukaryota","Annelida","Polychaeta","unk_order","Capitellidae","Capitella","Capitella teleta",83.9,1,"17OXC1IX",0,"NVP2",2022-01-20,"NCOS","Vernal Pool 2"
"19","ArthCOI","ESV_027558","GGATCTGAGGGGGACTCGTAGGTACAACTATAAGAGTTCTTATTCGAACTGAATTAGCTGTTCCTGGGTCTTTTTTAGGTGAGCAGGTTTATAACACTGTTGTTACTGCTCATGCATTCTTAATGATTTTCTTTTTAGTGATGCCTGTGTTCATG","Eukaryota, Annelida, Polychaeta, unk_order, Capitellidae, Capitella, Capitella teleta","Eukaryota","Annelida","Polychaeta","unk_order","Capitellidae","Capitella","Capitella teleta",85.2,1,"5J7FNP4O",0,"NVP4",2022-01-20,"NCOS","Vernal Pool 4"
"20","ArthCOI","ESV_027558","GGATCTGAGGGGGACTCGTAGGTACAACTATAAGAGTTCTTATTCGAACTGAATTAGCTGTTCCTGGGTCTTTTTTAGGTGAGCAGGTTTATAACACTGTTGTTACTGCTCATGCATTCTTAATGATTTTCTTTTTAGTGATGCCTGTGTTCATG","Eukaryota, Annelida, Polychaeta, unk_order, Capitellidae, Capitella, Capitella teleta","Eukaryota","Annelida","Polychaeta","unk_order","Capitellidae","Capitella","Capitella teleta",85.2,1,"53CM7JPJ",0,"VP1",2022-01-14,"COPR","Vernal Pool 1"
"21","ArthCOI","ESV_027558","GGATCTGAGGGGGACTCGTAGGTACAACTATAAGAGTTCTTATTCGAACTGAATTAGCTGTTCCTGGGTCTTTTTTAGGTGAGCAGGTTTATAACACTGTTGTTACTGCTCATGCATTCTTAATGATTTTCTTTTTAGTGATGCCTGTGTTCATG","Eukaryota, Annelida, Polychaeta, unk_order, Capitellidae, Capitella, Capitella teleta","Eukaryota","Annelida","Polychaeta","unk_order","Capitellidae","Capitella","Capitella teleta",85.2,1,"17OXC1IX",0,"NVP2",2022-01-20,"NCOS","Vernal Pool 2"
"22","ArthCOI","ESV_027511","GGATCTGAGGGGGACTCGTAGGTACAACTATAAGAGTTCTTATTCGAACTGAATTAGCTGTTCCTGGGTCTTTTTTAGGTGAGCAGGTTTATAACACTGTTGTTACTGCCCATGCATTCTTAATGATTTTCTTTTTAGTGATGCCTGTGTTCATG","Eukaryota, Annelida, Polychaeta, unk_order, Capitellidae, Capitella, Capitella teleta","Eukaryota","Annelida","Polychaeta","unk_order","Capitellidae","Capitella","Capitella teleta",84.5,1,"5J7FNP4O",0,"NVP4",2022-01-20,"NCOS","Vernal Pool 4"
"23","ArthCOI","ESV_027511","GGATCTGAGGGGGACTCGTAGGTACAACTATAAGAGTTCTTATTCGAACTGAATTAGCTGTTCCTGGGTCTTTTTTAGGTGAGCAGGTTTATAACACTGTTGTTACTGCCCATGCATTCTTAATGATTTTCTTTTTAGTGATGCCTGTGTTCATG","Eukaryota, Annelida, Polychaeta, unk_order, Capitellidae, Capitella, Capitella teleta","Eukaryota","Annelida","Polychaeta","unk_order","Capitellidae","Capitella","Capitella teleta",84.5,1,"53CM7JPJ",0,"VP1",2022-01-14,"COPR","Vernal Pool 1"
"24","ArthCOI","ESV_027511","GGATCTGAGGGGGACTCGTAGGTACAACTATAAGAGTTCTTATTCGAACTGAATTAGCTGTTCCTGGGTCTTTTTTAGGTGAGCAGGTTTATAACACTGTTGTTACTGCCCATGCATTCTTAATGATTTTCTTTTTAGTGATGCCTGTGTTCATG","Eukaryota, Annelida, Polychaeta, unk_order, Capitellidae, Capitella, Capitella teleta","Eukaryota","Annelida","Polychaeta","unk_order","Capitellidae","Capitella","Capitella teleta",84.5,1,"17OXC1IX",0,"NVP2",2022-01-20,"NCOS","Vernal Pool 2"
"25","ArthCOI","ESV_027631","GGATCTGAGGGGGACTCGTAGGTACAACTATAAGAGTTCTTATTCGAACTGAATTAGCTGTTCCTGGGTCTTTTTTAGGTGAGCAGGTTTATAACACTGTTGTTACTGCTCATGCATTCTTAATGATTTTCTTTTTAGTGATGCCTGTGTTTATG","Eukaryota, Annelida, Polychaeta, unk_order, Capitellidae, Capitella, Capitella teleta","Eukaryota","Annelida","Polychaeta","unk_order","Capitellidae","Capitella","Capitella teleta",85.8,1,"5J7FNP4O",0,"NVP4",2022-01-20,"NCOS","Vernal Pool 4"
"26","ArthCOI","ESV_027631","GGATCTGAGGGGGACTCGTAGGTACAACTATAAGAGTTCTTATTCGAACTGAATTAGCTGTTCCTGGGTCTTTTTTAGGTGAGCAGGTTTATAACACTGTTGTTACTGCTCATGCATTCTTAATGATTTTCTTTTTAGTGATGCCTGTGTTTATG","Eukaryota, Annelida, Polychaeta, unk_order, Capitellidae, Capitella, Capitella teleta","Eukaryota","Annelida","Polychaeta","unk_order","Capitellidae","Capitella","Capitella teleta",85.8,1,"53CM7JPJ",0,"VP1",2022-01-14,"COPR","Vernal Pool 1"
"27","ArthCOI","ESV_027631","GGATCTGAGGGGGACTCGTAGGTACAACTATAAGAGTTCTTATTCGAACTGAATTAGCTGTTCCTGGGTCTTTTTTAGGTGAGCAGGTTTATAACACTGTTGTTACTGCTCATGCATTCTTAATGATTTTCTTTTTAGTGATGCCTGTGTTTATG","Eukaryota, Annelida, Polychaeta, unk_order, Capitellidae, Capitella, Capitella teleta","Eukaryota","Annelida","Polychaeta","unk_order","Capitellidae","Capitella","Capitella teleta",85.8,1,"17OXC1IX",0,"NVP2",2022-01-20,"NCOS","Vernal Pool 2"
"28","ArthCOI","ESV_027856","GGATCTGAGGGGGACTCGTAGGTACAACTATAAGAGTTCTTATTCGAACTGAATTAGCTGTTCCTGGGTCTTTTTTAGGTGAGCAGGTTTATAATACTGTTGTTACTGCCCATGCATTCTTAATGATTTTCTTTTTAGTGATGCCTGTGTTTATG","Eukaryota, Annelida, Polychaeta, unk_order, Capitellidae, Capitella, Capitella teleta","Eukaryota","Annelida","Polychaeta","unk_order","Capitellidae","Capitella","Capitella teleta",84.5,1,"5J7FNP4O",0,"NVP4",2022-01-20,"NCOS","Vernal Pool 4"
"29","ArthCOI","ESV_027856","GGATCTGAGGGGGACTCGTAGGTACAACTATAAGAGTTCTTATTCGAACTGAATTAGCTGTTCCTGGGTCTTTTTTAGGTGAGCAGGTTTATAATACTGTTGTTACTGCCCATGCATTCTTAATGATTTTCTTTTTAGTGATGCCTGTGTTTATG","Eukaryota, Annelida, Polychaeta, unk_order, Capitellidae, Capitella, Capitella teleta","Eukaryota","Annelida","Polychaeta","unk_order","Capitellidae","Capitella","Capitella teleta",84.5,1,"53CM7JPJ",0,"VP1",2022-01-14,"COPR","Vernal Pool 1"
"30","ArthCOI","ESV_027856","GGATCTGAGGGGGACTCGTAGGTACAACTATAAGAGTTCTTATTCGAACTGAATTAGCTGTTCCTGGGTCTTTTTTAGGTGAGCAGGTTTATAATACTGTTGTTACTGCCCATGCATTCTTAATGATTTTCTTTTTAGTGATGCCTGTGTTTATG","Eukaryota, Annelida, Polychaeta, unk_order, Capitellidae, Capitella, Capitella teleta","Eukaryota","Annelida","Polychaeta","unk_order","Capitellidae","Capitella","Capitella teleta",84.5,1,"17OXC1IX",0,"NVP2",2022-01-20,"NCOS","Vernal Pool 2"
"31","ArthCOI","ESV_027778","TATTTGATCAGGAATGGTAGGTACAGCTTTAAGCTTACTTATTCGTGCTGAACTTGGGCAATCTGGAAGTTTAATTGGAGATGATCAAATTTACAATGTAATTGTAACTGCACATGCATTTGTAATAATTTTTTTTATGGTCATACCAATCATAATC","Eukaryota, Arthropoda, Branchiopoda, Diplostraca, Daphniidae, Daphnia, Daphnia sp. 1 SA-2003","Eukaryota","Arthropoda","Branchiopoda","Diplostraca","Daphniidae","Daphnia","Daphnia sp. 1 SA-2003",95.5,1,"5J7FNP4O",0,"NVP4",2022-01-20,"NCOS","Vernal Pool 4"
"32","ArthCOI","ESV_027778","TATTTGATCAGGAATGGTAGGTACAGCTTTAAGCTTACTTATTCGTGCTGAACTTGGGCAATCTGGAAGTTTAATTGGAGATGATCAAATTTACAATGTAATTGTAACTGCACATGCATTTGTAATAATTTTTTTTATGGTCATACCAATCATAATC","Eukaryota, Arthropoda, Branchiopoda, Diplostraca, Daphniidae, Daphnia, Daphnia sp. 1 SA-2003","Eukaryota","Arthropoda","Branchiopoda","Diplostraca","Daphniidae","Daphnia","Daphnia sp. 1 SA-2003",95.5,1,"53CM7JPJ",0,"VP1",2022-01-14,"COPR","Vernal Pool 1"
"33","ArthCOI","ESV_027778","TATTTGATCAGGAATGGTAGGTACAGCTTTAAGCTTACTTATTCGTGCTGAACTTGGGCAATCTGGAAGTTTAATTGGAGATGATCAAATTTACAATGTAATTGTAACTGCACATGCATTTGTAATAATTTTTTTTATGGTCATACCAATCATAATC","Eukaryota, Arthropoda, Branchiopoda, Diplostraca, Daphniidae, Daphnia, Daphnia sp. 1 SA-2003","Eukaryota","Arthropoda","Branchiopoda","Diplostraca","Daphniidae","Daphnia","Daphnia sp. 1 SA-2003",95.5,1,"17OXC1IX",0,"NVP2",2022-01-20,"NCOS","Vernal Pool 2"
"34","ArthCOI","ESV_027753","GGATCTGAGGGGGACTCGTAGGTACAACTATAAGAGTTCTTATTCGAACTGAATTAGCTGTTCCTGGGTCTTTTTTAGGTGAGCAGGTTTACAACACTGTTGTTACTGCCCATGCATTCTTAATGATTTTCTTTTTAGTGATGCCTGTGTTTATG","Eukaryota, Annelida, Polychaeta, unk_order, Capitellidae, Capitella, Capitella teleta","Eukaryota","Annelida","Polychaeta","unk_order","Capitellidae","Capitella","Capitella teleta",84.5,1,"5J7FNP4O",0,"NVP4",2022-01-20,"NCOS","Vernal Pool 4"
"35","ArthCOI","ESV_027753","GGATCTGAGGGGGACTCGTAGGTACAACTATAAGAGTTCTTATTCGAACTGAATTAGCTGTTCCTGGGTCTTTTTTAGGTGAGCAGGTTTACAACACTGTTGTTACTGCCCATGCATTCTTAATGATTTTCTTTTTAGTGATGCCTGTGTTTATG","Eukaryota, Annelida, Polychaeta, unk_order, Capitellidae, Capitella, Capitella teleta","Eukaryota","Annelida","Polychaeta","unk_order","Capitellidae","Capitella","Capitella teleta",84.5,1,"53CM7JPJ",0,"VP1",2022-01-14,"COPR","Vernal Pool 1"
"36","ArthCOI","ESV_027753","GGATCTGAGGGGGACTCGTAGGTACAACTATAAGAGTTCTTATTCGAACTGAATTAGCTGTTCCTGGGTCTTTTTTAGGTGAGCAGGTTTACAACACTGTTGTTACTGCCCATGCATTCTTAATGATTTTCTTTTTAGTGATGCCTGTGTTTATG","Eukaryota, Annelida, Polychaeta, unk_order, Capitellidae, Capitella, Capitella teleta","Eukaryota","Annelida","Polychaeta","unk_order","Capitellidae","Capitella","Capitella teleta",84.5,1,"17OXC1IX",0,"NVP2",2022-01-20,"NCOS","Vernal Pool 2"
"37","ArthCOI","ESV_027528","TGGTTTTGCTGGAGTTTTAGGGACGTGTCTTTCATTACTTATTCGTATGGAATTATCACACCCTGGAAACCAAATTTTAAACGGAAACCACCAACTGTATAATGTTATCATTACTGCACACGCATTTTTAATGATTTTTTTCATGGTAATGCCAGTATTAATG","Eukaryota, Mollusca, Bivalvia, Galeommatida, Montacutidae, Kurtiella, Kurtiella bidentata","Eukaryota","Mollusca","Bivalvia","Galeommatida","Montacutidae","Kurtiella","Kurtiella bidentata",83.4,1,"5J7FNP4O",0,"NVP4",2022-01-20,"NCOS","Vernal Pool 4"
"38","ArthCOI","ESV_027528","TGGTTTTGCTGGAGTTTTAGGGACGTGTCTTTCATTACTTATTCGTATGGAATTATCACACCCTGGAAACCAAATTTTAAACGGAAACCACCAACTGTATAATGTTATCATTACTGCACACGCATTTTTAATGATTTTTTTCATGGTAATGCCAGTATTAATG","Eukaryota, Mollusca, Bivalvia, Galeommatida, Montacutidae, Kurtiella, Kurtiella bidentata","Eukaryota","Mollusca","Bivalvia","Galeommatida","Montacutidae","Kurtiella","Kurtiella bidentata",83.4,1,"53CM7JPJ",0,"VP1",2022-01-14,"COPR","Vernal Pool 1"
"39","ArthCOI","ESV_027528","TGGTTTTGCTGGAGTTTTAGGGACGTGTCTTTCATTACTTATTCGTATGGAATTATCACACCCTGGAAACCAAATTTTAAACGGAAACCACCAACTGTATAATGTTATCATTACTGCACACGCATTTTTAATGATTTTTTTCATGGTAATGCCAGTATTAATG","Eukaryota, Mollusca, Bivalvia, Galeommatida, Montacutidae, Kurtiella, Kurtiella bidentata","Eukaryota","Mollusca","Bivalvia","Galeommatida","Montacutidae","Kurtiella","Kurtiella bidentata",83.4,1,"17OXC1IX",0,"NVP2",2022-01-20,"NCOS","Vernal Pool 2"
"40","ArthCOI","ESV_027844","GGATCTGAGGGGGACTCGTAGGTACAACTATAAGAGTTCTTATTCGAACTGGATTAGCTGTTCCTGGGTCTTTTTTAGGTGAGCAGGTTTATAACACTGTTGTTACTGCCCATGCATTCTTAATGATTTTCTTTTTAGTGATGCCTGTGTTTATG","Eukaryota, Annelida, Polychaeta, unk_order, Capitellidae, Capitella, Capitella teleta","Eukaryota","Annelida","Polychaeta","unk_order","Capitellidae","Capitella","Capitella teleta",84.5,1,"5J7FNP4O",0,"NVP4",2022-01-20,"NCOS","Vernal Pool 4"
"41","ArthCOI","ESV_027844","GGATCTGAGGGGGACTCGTAGGTACAACTATAAGAGTTCTTATTCGAACTGGATTAGCTGTTCCTGGGTCTTTTTTAGGTGAGCAGGTTTATAACACTGTTGTTACTGCCCATGCATTCTTAATGATTTTCTTTTTAGTGATGCCTGTGTTTATG","Eukaryota, Annelida, Polychaeta, unk_order, Capitellidae, Capitella, Capitella teleta","Eukaryota","Annelida","Polychaeta","unk_order","Capitellidae","Capitella","Capitella teleta",84.5,1,"53CM7JPJ",0,"VP1",2022-01-14,"COPR","Vernal Pool 1"
"42","ArthCOI","ESV_027844","GGATCTGAGGGGGACTCGTAGGTACAACTATAAGAGTTCTTATTCGAACTGGATTAGCTGTTCCTGGGTCTTTTTTAGGTGAGCAGGTTTATAACACTGTTGTTACTGCCCATGCATTCTTAATGATTTTCTTTTTAGTGATGCCTGTGTTTATG","Eukaryota, Annelida, Polychaeta, unk_order, Capitellidae, Capitella, Capitella teleta","Eukaryota","Annelida","Polychaeta","unk_order","Capitellidae","Capitella","Capitella teleta",84.5,1,"17OXC1IX",0,"NVP2",2022-01-20,"NCOS","Vernal Pool 2"
"43","ArthCOI","ESV_027717","GGCGTGAGCTGCCATATTCGGCAGAGCACTTAGCTCTATCATTCGACTTGAATTAATACAGCCTGGAACTTTTATTGGAGATGATCAAATTTACAACACTGTTGTGACAGCTCATGCTTTTGTTATAATTTTCTTTATAGTTATGCCTATTTTAATT","Eukaryota, Arthropoda","Eukaryota","Arthropoda",NA,NA,NA,NA,NA,80.9,17,"5J7FNP4O",158,"NVP4",2022-01-20,"NCOS","Vernal Pool 4"
"44","ArthCOI","ESV_027717","GGCGTGAGCTGCCATATTCGGCAGAGCACTTAGCTCTATCATTCGACTTGAATTAATACAGCCTGGAACTTTTATTGGAGATGATCAAATTTACAACACTGTTGTGACAGCTCATGCTTTTGTTATAATTTTCTTTATAGTTATGCCTATTTTAATT","Eukaryota, Arthropoda","Eukaryota","Arthropoda",NA,NA,NA,NA,NA,80.9,17,"53CM7JPJ",0,"VP1",2022-01-14,"COPR","Vernal Pool 1"
"45","ArthCOI","ESV_027717","GGCGTGAGCTGCCATATTCGGCAGAGCACTTAGCTCTATCATTCGACTTGAATTAATACAGCCTGGAACTTTTATTGGAGATGATCAAATTTACAACACTGTTGTGACAGCTCATGCTTTTGTTATAATTTTCTTTATAGTTATGCCTATTTTAATT","Eukaryota, Arthropoda","Eukaryota","Arthropoda",NA,NA,NA,NA,NA,80.9,17,"17OXC1IX",0,"NVP2",2022-01-20,"NCOS","Vernal Pool 2"
"46","ArthCOI","ESV_027759","GGATCTGAGGGGGACTCGTAGGTACAACTATAAGAGTTCTTATTCGAACTGAATTAGCTGTGCCTGGGTCTTTTTTAGGTGAGCAGGTTTATAACACTGTTGTTACTGCTCATGCATTCTTAATGATTTTCTTTTTAGTGATGCCTGTGTTTATG","Eukaryota, Annelida, Polychaeta, unk_order, Capitellidae, Capitella, Capitella teleta","Eukaryota","Annelida","Polychaeta","unk_order","Capitellidae","Capitella","Capitella teleta",85.2,1,"5J7FNP4O",0,"NVP4",2022-01-20,"NCOS","Vernal Pool 4"
"47","ArthCOI","ESV_027759","GGATCTGAGGGGGACTCGTAGGTACAACTATAAGAGTTCTTATTCGAACTGAATTAGCTGTGCCTGGGTCTTTTTTAGGTGAGCAGGTTTATAACACTGTTGTTACTGCTCATGCATTCTTAATGATTTTCTTTTTAGTGATGCCTGTGTTTATG","Eukaryota, Annelida, Polychaeta, unk_order, Capitellidae, Capitella, Capitella teleta","Eukaryota","Annelida","Polychaeta","unk_order","Capitellidae","Capitella","Capitella teleta",85.2,1,"53CM7JPJ",0,"VP1",2022-01-14,"COPR","Vernal Pool 1"
"48","ArthCOI","ESV_027759","GGATCTGAGGGGGACTCGTAGGTACAACTATAAGAGTTCTTATTCGAACTGAATTAGCTGTGCCTGGGTCTTTTTTAGGTGAGCAGGTTTATAACACTGTTGTTACTGCTCATGCATTCTTAATGATTTTCTTTTTAGTGATGCCTGTGTTTATG","Eukaryota, Annelida, Polychaeta, unk_order, Capitellidae, Capitella, Capitella teleta","Eukaryota","Annelida","Polychaeta","unk_order","Capitellidae","Capitella","Capitella teleta",85.2,1,"17OXC1IX",0,"NVP2",2022-01-20,"NCOS","Vernal Pool 2"
"49","ArthCOI","ESV_027857","GGATCTGAGGGGGACTCGTAGGTACAACTATAAGAGTTCTTATTCGAACTGAATTAGCTGTTCCTGGGTCTTTTTTAGGTGAGCAGGTTTATAACACTGTTGTTACTGCCCATGCGTTCTTAATGATTTTCTTTTTAGTGATGCCTGTGTTTATG","Eukaryota, Annelida, Polychaeta, unk_order, Capitellidae, Capitella, Capitella teleta","Eukaryota","Annelida","Polychaeta","unk_order","Capitellidae","Capitella","Capitella teleta",85.8,1,"5J7FNP4O",0,"NVP4",2022-01-20,"NCOS","Vernal Pool 4"
"50","ArthCOI","ESV_027857","GGATCTGAGGGGGACTCGTAGGTACAACTATAAGAGTTCTTATTCGAACTGAATTAGCTGTTCCTGGGTCTTTTTTAGGTGAGCAGGTTTATAACACTGTTGTTACTGCCCATGCGTTCTTAATGATTTTCTTTTTAGTGATGCCTGTGTTTATG","Eukaryota, Annelida, Polychaeta, unk_order, Capitellidae, Capitella, Capitella teleta","Eukaryota","Annelida","Polychaeta","unk_order","Capitellidae","Capitella","Capitella teleta",85.8,1,"53CM7JPJ",0,"VP1",2022-01-14,"COPR","Vernal Pool 1"
"51","ArthCOI","ESV_027857","GGATCTGAGGGGGACTCGTAGGTACAACTATAAGAGTTCTTATTCGAACTGAATTAGCTGTTCCTGGGTCTTTTTTAGGTGAGCAGGTTTATAACACTGTTGTTACTGCCCATGCGTTCTTAATGATTTTCTTTTTAGTGATGCCTGTGTTTATG","Eukaryota, Annelida, Polychaeta, unk_order, Capitellidae, Capitella, Capitella teleta","Eukaryota","Annelida","Polychaeta","unk_order","Capitellidae","Capitella","Capitella teleta",85.8,1,"17OXC1IX",0,"NVP2",2022-01-20,"NCOS","Vernal Pool 2"
"52","ArthCOI","ESV_014994","GGATCTGAGGGGGACTCGTAGGTACAACTATAAGAGTTCTTATTCGAACTGAATTAGCTGTTCCCGGGTCTTTTTTAGGTGAGCAGGTTTATAACACTGTTGTTACTGCCCATGCATTCTTAATGATCTTCTTTTTAGTGATGCCTGTGTTTATG","Eukaryota, Annelida, Polychaeta, unk_order, Capitellidae, Capitella, Capitella teleta","Eukaryota","Annelida","Polychaeta","unk_order","Capitellidae","Capitella","Capitella teleta",84.5,1,"5J7FNP4O",0,"NVP4",2022-01-20,"NCOS","Vernal Pool 4"
"53","ArthCOI","ESV_014994","GGATCTGAGGGGGACTCGTAGGTACAACTATAAGAGTTCTTATTCGAACTGAATTAGCTGTTCCCGGGTCTTTTTTAGGTGAGCAGGTTTATAACACTGTTGTTACTGCCCATGCATTCTTAATGATCTTCTTTTTAGTGATGCCTGTGTTTATG","Eukaryota, Annelida, Polychaeta, unk_order, Capitellidae, Capitella, Capitella teleta","Eukaryota","Annelida","Polychaeta","unk_order","Capitellidae","Capitella","Capitella teleta",84.5,1,"53CM7JPJ",0,"VP1",2022-01-14,"COPR","Vernal Pool 1"
"54","ArthCOI","ESV_014994","GGATCTGAGGGGGACTCGTAGGTACAACTATAAGAGTTCTTATTCGAACTGAATTAGCTGTTCCCGGGTCTTTTTTAGGTGAGCAGGTTTATAACACTGTTGTTACTGCCCATGCATTCTTAATGATCTTCTTTTTAGTGATGCCTGTGTTTATG","Eukaryota, Annelida, Polychaeta, unk_order, Capitellidae, Capitella, Capitella teleta","Eukaryota","Annelida","Polychaeta","unk_order","Capitellidae","Capitella","Capitella teleta",84.5,1,"17OXC1IX",0,"NVP2",2022-01-20,"NCOS","Vernal Pool 2"
"55","ArthCOI","ESV_027534","TGGTTTTGCTGGAGTTTTAGGGACGTGTTTTTCATTACTTATTCGTATGGAATTATCACACCCTGGAAACCAATTTTTAAACGGAAACCACCAACTGTATAATGTTATCATTACTGCACACGCATTTTTAATGATTTTTTTCATGGTAATGCCAGTATTAATG","Eukaryota, Mollusca, Bivalvia, Galeommatida, Montacutidae, Kurtiella, Kurtiella bidentata","Eukaryota","Mollusca","Bivalvia","Galeommatida","Montacutidae","Kurtiella","Kurtiella bidentata",83.4,1,"5J7FNP4O",0,"NVP4",2022-01-20,"NCOS","Vernal Pool 4"
"56","ArthCOI","ESV_027534","TGGTTTTGCTGGAGTTTTAGGGACGTGTTTTTCATTACTTATTCGTATGGAATTATCACACCCTGGAAACCAATTTTTAAACGGAAACCACCAACTGTATAATGTTATCATTACTGCACACGCATTTTTAATGATTTTTTTCATGGTAATGCCAGTATTAATG","Eukaryota, Mollusca, Bivalvia, Galeommatida, Montacutidae, Kurtiella, Kurtiella bidentata","Eukaryota","Mollusca","Bivalvia","Galeommatida","Montacutidae","Kurtiella","Kurtiella bidentata",83.4,1,"53CM7JPJ",0,"VP1",2022-01-14,"COPR","Vernal Pool 1"
"57","ArthCOI","ESV_027534","TGGTTTTGCTGGAGTTTTAGGGACGTGTTTTTCATTACTTATTCGTATGGAATTATCACACCCTGGAAACCAATTTTTAAACGGAAACCACCAACTGTATAATGTTATCATTACTGCACACGCATTTTTAATGATTTTTTTCATGGTAATGCCAGTATTAATG","Eukaryota, Mollusca, Bivalvia, Galeommatida, Montacutidae, Kurtiella, Kurtiella bidentata","Eukaryota","Mollusca","Bivalvia","Galeommatida","Montacutidae","Kurtiella","Kurtiella bidentata",83.4,1,"17OXC1IX",0,"NVP2",2022-01-20,"NCOS","Vernal Pool 2"
"58","ArthCOI","ESV_027640","GGATCTGAGGGGGGCTCGTAGGTACAACTATAAGAGTTCTTATTCGAACTGAATTAGCTGTTCCTGGGTCTTTTTTAGGTGAGCAGGTTTACAACACTGTTGTTACTGCCCATGCATTCTTAATGATTTTCTTTTTAGTGATGCCTGTGTTCATG","Eukaryota, Annelida, Polychaeta, unk_order, Capitellidae, Capitella, Capitella teleta","Eukaryota","Annelida","Polychaeta","unk_order","Capitellidae","Capitella","Capitella teleta",83.2,1,"5J7FNP4O",0,"NVP4",2022-01-20,"NCOS","Vernal Pool 4"
"59","ArthCOI","ESV_027640","GGATCTGAGGGGGGCTCGTAGGTACAACTATAAGAGTTCTTATTCGAACTGAATTAGCTGTTCCTGGGTCTTTTTTAGGTGAGCAGGTTTACAACACTGTTGTTACTGCCCATGCATTCTTAATGATTTTCTTTTTAGTGATGCCTGTGTTCATG","Eukaryota, Annelida, Polychaeta, unk_order, Capitellidae, Capitella, Capitella teleta","Eukaryota","Annelida","Polychaeta","unk_order","Capitellidae","Capitella","Capitella teleta",83.2,1,"53CM7JPJ",0,"VP1",2022-01-14,"COPR","Vernal Pool 1"
"60","ArthCOI","ESV_027640","GGATCTGAGGGGGGCTCGTAGGTACAACTATAAGAGTTCTTATTCGAACTGAATTAGCTGTTCCTGGGTCTTTTTTAGGTGAGCAGGTTTACAACACTGTTGTTACTGCCCATGCATTCTTAATGATTTTCTTTTTAGTGATGCCTGTGTTCATG","Eukaryota, Annelida, Polychaeta, unk_order, Capitellidae, Capitella, Capitella teleta","Eukaryota","Annelida","Polychaeta","unk_order","Capitellidae","Capitella","Capitella teleta",83.2,1,"17OXC1IX",0,"NVP2",2022-01-20,"NCOS","Vernal Pool 2"
"61","ArthCOI","ESV_027755","GGATCTGAGGGGGGCTCGTAGGTACAACTATAAGAGTTCTTATTCGAACTGAATTAGCTGTTCCTGGGTCTTTTTTAGGTGAGCAGGTTTATAACACTGTTGTTACTGCCCATGCATTCTTAATGATTTTCTTTTTAGTGATGCCTGTGTTTATG","Eukaryota, Annelida, Polychaeta, unk_order, Capitellidae, Capitella, Capitella teleta","Eukaryota","Annelida","Polychaeta","unk_order","Capitellidae","Capitella","Capitella teleta",84.5,1,"5J7FNP4O",0,"NVP4",2022-01-20,"NCOS","Vernal Pool 4"
"62","ArthCOI","ESV_027755","GGATCTGAGGGGGGCTCGTAGGTACAACTATAAGAGTTCTTATTCGAACTGAATTAGCTGTTCCTGGGTCTTTTTTAGGTGAGCAGGTTTATAACACTGTTGTTACTGCCCATGCATTCTTAATGATTTTCTTTTTAGTGATGCCTGTGTTTATG","Eukaryota, Annelida, Polychaeta, unk_order, Capitellidae, Capitella, Capitella teleta","Eukaryota","Annelida","Polychaeta","unk_order","Capitellidae","Capitella","Capitella teleta",84.5,1,"53CM7JPJ",0,"VP1",2022-01-14,"COPR","Vernal Pool 1"
"63","ArthCOI","ESV_027755","GGATCTGAGGGGGGCTCGTAGGTACAACTATAAGAGTTCTTATTCGAACTGAATTAGCTGTTCCTGGGTCTTTTTTAGGTGAGCAGGTTTATAACACTGTTGTTACTGCCCATGCATTCTTAATGATTTTCTTTTTAGTGATGCCTGTGTTTATG","Eukaryota, Annelida, Polychaeta, unk_order, Capitellidae, Capitella, Capitella teleta","Eukaryota","Annelida","Polychaeta","unk_order","Capitellidae","Capitella","Capitella teleta",84.5,1,"17OXC1IX",0,"NVP2",2022-01-20,"NCOS","Vernal Pool 2"
"64","ArthCOI","ESV_020801","GGCTTGAGCCGCTATAGTAGGAACCGCCCTTAGAGTAATCATTCGAGCCGAATTAGGTCAACCTGGATCATTAATTGGGAATGACCAAATTTACAACACAATTGTGACAGCCCACGCATTTATTATAATTTTTTTTATAGTTATGCCAATTATAATT","Eukaryota, Arthropoda, Ostracoda, Podocopida","Eukaryota","Arthropoda","Ostracoda","Podocopida",NA,NA,NA,94.9,2,"5J7FNP4O",10,"NVP4",2022-01-20,"NCOS","Vernal Pool 4"
"65","ArthCOI","ESV_020801","GGCTTGAGCCGCTATAGTAGGAACCGCCCTTAGAGTAATCATTCGAGCCGAATTAGGTCAACCTGGATCATTAATTGGGAATGACCAAATTTACAACACAATTGTGACAGCCCACGCATTTATTATAATTTTTTTTATAGTTATGCCAATTATAATT","Eukaryota, Arthropoda, Ostracoda, Podocopida","Eukaryota","Arthropoda","Ostracoda","Podocopida",NA,NA,NA,94.9,2,"53CM7JPJ",0,"VP1",2022-01-14,"COPR","Vernal Pool 1"
"66","ArthCOI","ESV_020801","GGCTTGAGCCGCTATAGTAGGAACCGCCCTTAGAGTAATCATTCGAGCCGAATTAGGTCAACCTGGATCATTAATTGGGAATGACCAAATTTACAACACAATTGTGACAGCCCACGCATTTATTATAATTTTTTTTATAGTTATGCCAATTATAATT","Eukaryota, Arthropoda, Ostracoda, Podocopida","Eukaryota","Arthropoda","Ostracoda","Podocopida",NA,NA,NA,94.9,2,"17OXC1IX",45,"NVP2",2022-01-20,"NCOS","Vernal Pool 2"
"67","ArthCOI","ESV_027777","AATTTGATCTGGTATAGTAGGAACAGCACTTAGTATATTAATTCGATTTGAGTTAGCTCAAGCAGGAAGTTTTATTGGGGACGACCAAATTTACAATGTTATTGTCACTGCCCATGCTTTTATTATAATTTTCTTTATAGTAATACCTATCTTAATC","Eukaryota, Arthropoda, Branchiopoda, Diplostraca, Moinidae, Moina","Eukaryota","Arthropoda","Branchiopoda","Diplostraca","Moinidae","Moina",NA,96.8,7,"5J7FNP4O",0,"NVP4",2022-01-20,"NCOS","Vernal Pool 4"
"68","ArthCOI","ESV_027777","AATTTGATCTGGTATAGTAGGAACAGCACTTAGTATATTAATTCGATTTGAGTTAGCTCAAGCAGGAAGTTTTATTGGGGACGACCAAATTTACAATGTTATTGTCACTGCCCATGCTTTTATTATAATTTTCTTTATAGTAATACCTATCTTAATC","Eukaryota, Arthropoda, Branchiopoda, Diplostraca, Moinidae, Moina","Eukaryota","Arthropoda","Branchiopoda","Diplostraca","Moinidae","Moina",NA,96.8,7,"53CM7JPJ",0,"VP1",2022-01-14,"COPR","Vernal Pool 1"
"69","ArthCOI","ESV_027777","AATTTGATCTGGTATAGTAGGAACAGCACTTAGTATATTAATTCGATTTGAGTTAGCTCAAGCAGGAAGTTTTATTGGGGACGACCAAATTTACAATGTTATTGTCACTGCCCATGCTTTTATTATAATTTTCTTTATAGTAATACCTATCTTAATC","Eukaryota, Arthropoda, Branchiopoda, Diplostraca, Moinidae, Moina","Eukaryota","Arthropoda","Branchiopoda","Diplostraca","Moinidae","Moina",NA,96.8,7,"17OXC1IX",0,"NVP2",2022-01-20,"NCOS","Vernal Pool 2"
"70","ArthCOI","ESV_027509","GGATCTGAGGGGGACTCGTAGGCACAACTATAAGAGTTCTTATTCGAACTGAATTAGCTGTTCCTGGGTCTTTTTTAGGTGAGCAGGTTTATAACACTGTTGTTACTGCCCATGCATTCTTAATGATTTTCTTTTTAGTGATGCCTGTGTTTATG","Eukaryota, Annelida, Polychaeta, unk_order, Capitellidae, Capitella, Capitella teleta","Eukaryota","Annelida","Polychaeta","unk_order","Capitellidae","Capitella","Capitella teleta",85.2,1,"5J7FNP4O",0,"NVP4",2022-01-20,"NCOS","Vernal Pool 4"
"71","ArthCOI","ESV_027509","GGATCTGAGGGGGACTCGTAGGCACAACTATAAGAGTTCTTATTCGAACTGAATTAGCTGTTCCTGGGTCTTTTTTAGGTGAGCAGGTTTATAACACTGTTGTTACTGCCCATGCATTCTTAATGATTTTCTTTTTAGTGATGCCTGTGTTTATG","Eukaryota, Annelida, Polychaeta, unk_order, Capitellidae, Capitella, Capitella teleta","Eukaryota","Annelida","Polychaeta","unk_order","Capitellidae","Capitella","Capitella teleta",85.2,1,"53CM7JPJ",0,"VP1",2022-01-14,"COPR","Vernal Pool 1"
"72","ArthCOI","ESV_027509","GGATCTGAGGGGGACTCGTAGGCACAACTATAAGAGTTCTTATTCGAACTGAATTAGCTGTTCCTGGGTCTTTTTTAGGTGAGCAGGTTTATAACACTGTTGTTACTGCCCATGCATTCTTAATGATTTTCTTTTTAGTGATGCCTGTGTTTATG","Eukaryota, Annelida, Polychaeta, unk_order, Capitellidae, Capitella, Capitella teleta","Eukaryota","Annelida","Polychaeta","unk_order","Capitellidae","Capitella","Capitella teleta",85.2,1,"17OXC1IX",0,"NVP2",2022-01-20,"NCOS","Vernal Pool 2"
"73","ArthCOI","ESV_027538","AACATTTAGTGGAATTCTAGGTACAATTCTTTCGATGTTAATTCGTTTAGAACTTGCCTATCCCGGAAATACTTTTTTTGCTGGTAACCACCAATTATATAATGTTGTTGTTACAGCACATGCTTTACTTATGATTTTTTTTATGGTTATGCCAATTTTAATT","Eukaryota, Arthropoda, Arachnida","Eukaryota","Arthropoda","Arachnida",NA,NA,NA,NA,82.2,1,"5J7FNP4O",0,"NVP4",2022-01-20,"NCOS","Vernal Pool 4"
"74","ArthCOI","ESV_027538","AACATTTAGTGGAATTCTAGGTACAATTCTTTCGATGTTAATTCGTTTAGAACTTGCCTATCCCGGAAATACTTTTTTTGCTGGTAACCACCAATTATATAATGTTGTTGTTACAGCACATGCTTTACTTATGATTTTTTTTATGGTTATGCCAATTTTAATT","Eukaryota, Arthropoda, Arachnida","Eukaryota","Arthropoda","Arachnida",NA,NA,NA,NA,82.2,1,"53CM7JPJ",0,"VP1",2022-01-14,"COPR","Vernal Pool 1"
"75","ArthCOI","ESV_027538","AACATTTAGTGGAATTCTAGGTACAATTCTTTCGATGTTAATTCGTTTAGAACTTGCCTATCCCGGAAATACTTTTTTTGCTGGTAACCACCAATTATATAATGTTGTTGTTACAGCACATGCTTTACTTATGATTTTTTTTATGGTTATGCCAATTTTAATT","Eukaryota, Arthropoda, Arachnida","Eukaryota","Arthropoda","Arachnida",NA,NA,NA,NA,82.2,1,"17OXC1IX",0,"NVP2",2022-01-20,"NCOS","Vernal Pool 2"
"76","ArthCOI","ESV_027636","GGATCTGAGGGGGACTCGTAGGTACAACTATAAGAGTTCTTATTCGAACTGAATTAGCTGTTCCTGGGTCTTTTTTAGGTGAGCAGGTTTATAACACTGTTGTTACTGCCCATGCATTCTTAATGATTTTCTTTTTAGTGATGCCTGTTTTTATG","Eukaryota, Annelida, Polychaeta, unk_order, Capitellidae, Capitella, Capitella teleta","Eukaryota","Annelida","Polychaeta","unk_order","Capitellidae","Capitella","Capitella teleta",84.5,1,"5J7FNP4O",0,"NVP4",2022-01-20,"NCOS","Vernal Pool 4"
"77","ArthCOI","ESV_027636","GGATCTGAGGGGGACTCGTAGGTACAACTATAAGAGTTCTTATTCGAACTGAATTAGCTGTTCCTGGGTCTTTTTTAGGTGAGCAGGTTTATAACACTGTTGTTACTGCCCATGCATTCTTAATGATTTTCTTTTTAGTGATGCCTGTTTTTATG","Eukaryota, Annelida, Polychaeta, unk_order, Capitellidae, Capitella, Capitella teleta","Eukaryota","Annelida","Polychaeta","unk_order","Capitellidae","Capitella","Capitella teleta",84.5,1,"53CM7JPJ",0,"VP1",2022-01-14,"COPR","Vernal Pool 1"
"78","ArthCOI","ESV_027636","GGATCTGAGGGGGACTCGTAGGTACAACTATAAGAGTTCTTATTCGAACTGAATTAGCTGTTCCTGGGTCTTTTTTAGGTGAGCAGGTTTATAACACTGTTGTTACTGCCCATGCATTCTTAATGATTTTCTTTTTAGTGATGCCTGTTTTTATG","Eukaryota, Annelida, Polychaeta, unk_order, Capitellidae, Capitella, Capitella teleta","Eukaryota","Annelida","Polychaeta","unk_order","Capitellidae","Capitella","Capitella teleta",84.5,1,"17OXC1IX",0,"NVP2",2022-01-20,"NCOS","Vernal Pool 2"
"79","ArthCOI","ESV_027721","AGCTTGATCTGGTATAGTAGGAACATCTTTAAGTATACTTATTCGTGCAGAATTAGGTCATCCAGGCACTTTTATTGGAGATGACCAAATTTACAATGTAATTGTTACAGCTCACGCTTTTATTATAATTTTTTTTATAGTTATACCTATCTTAATT","Eukaryota, Arthropoda, Insecta, Diptera, Chironomidae, Tanytarsus","Eukaryota","Arthropoda","Insecta","Diptera","Chironomidae","Tanytarsus",NA,100,9,"5J7FNP4O",36,"NVP4",2022-01-20,"NCOS","Vernal Pool 4"
"80","ArthCOI","ESV_027721","AGCTTGATCTGGTATAGTAGGAACATCTTTAAGTATACTTATTCGTGCAGAATTAGGTCATCCAGGCACTTTTATTGGAGATGACCAAATTTACAATGTAATTGTTACAGCTCACGCTTTTATTATAATTTTTTTTATAGTTATACCTATCTTAATT","Eukaryota, Arthropoda, Insecta, Diptera, Chironomidae, Tanytarsus","Eukaryota","Arthropoda","Insecta","Diptera","Chironomidae","Tanytarsus",NA,100,9,"53CM7JPJ",0,"VP1",2022-01-14,"COPR","Vernal Pool 1"
"81","ArthCOI","ESV_027721","AGCTTGATCTGGTATAGTAGGAACATCTTTAAGTATACTTATTCGTGCAGAATTAGGTCATCCAGGCACTTTTATTGGAGATGACCAAATTTACAATGTAATTGTTACAGCTCACGCTTTTATTATAATTTTTTTTATAGTTATACCTATCTTAATT","Eukaryota, Arthropoda, Insecta, Diptera, Chironomidae, Tanytarsus","Eukaryota","Arthropoda","Insecta","Diptera","Chironomidae","Tanytarsus",NA,100,9,"17OXC1IX",0,"NVP2",2022-01-20,"NCOS","Vernal Pool 2"
"82","ArthCOI","ESV_027541","AATCTGAGCGGGAATAGTAGGTACATCATTAAGATTATTAATTCGTGCTGAATTAGGAAACCCTGGATCTTTAATTGGAGATGATCAAATTTATAATACTATTGTCACAGCTCATGCTTTTATTATAATTTTTTTTATAGTTATACCTATTATAATT","Eukaryota, Arthropoda, Insecta, Lepidoptera, Noctuidae, Homoglaea, Homoglaea dives","Eukaryota","Arthropoda","Insecta","Lepidoptera","Noctuidae","Homoglaea","Homoglaea dives",100,1,"5J7FNP4O",0,"NVP4",2022-01-20,"NCOS","Vernal Pool 4"
"83","ArthCOI","ESV_027541","AATCTGAGCGGGAATAGTAGGTACATCATTAAGATTATTAATTCGTGCTGAATTAGGAAACCCTGGATCTTTAATTGGAGATGATCAAATTTATAATACTATTGTCACAGCTCATGCTTTTATTATAATTTTTTTTATAGTTATACCTATTATAATT","Eukaryota, Arthropoda, Insecta, Lepidoptera, Noctuidae, Homoglaea, Homoglaea dives","Eukaryota","Arthropoda","Insecta","Lepidoptera","Noctuidae","Homoglaea","Homoglaea dives",100,1,"53CM7JPJ",0,"VP1",2022-01-14,"COPR","Vernal Pool 1"
"84","ArthCOI","ESV_027541","AATCTGAGCGGGAATAGTAGGTACATCATTAAGATTATTAATTCGTGCTGAATTAGGAAACCCTGGATCTTTAATTGGAGATGATCAAATTTATAATACTATTGTCACAGCTCATGCTTTTATTATAATTTTTTTTATAGTTATACCTATTATAATT","Eukaryota, Arthropoda, Insecta, Lepidoptera, Noctuidae, Homoglaea, Homoglaea dives","Eukaryota","Arthropoda","Insecta","Lepidoptera","Noctuidae","Homoglaea","Homoglaea dives",100,1,"17OXC1IX",0,"NVP2",2022-01-20,"NCOS","Vernal Pool 2"
"85","ArthCOI","ESV_027724","GATCTGAGCAGGAATAGTAGGAACAGCTCTAAGTATACTTATTCGTGTCGAATTAGCTCAAGCAGGAAGATTTATTGGCGATGATCAAGTGTATAACGTTATCGTTACTGCCCACGCTTTTATTATAATTTTCTTTATAGTTATACCTATCCTAATT","Eukaryota, Arthropoda, Branchiopoda, Diplostraca, Moinidae, Moina","Eukaryota","Arthropoda","Branchiopoda","Diplostraca","Moinidae","Moina",NA,87.9,10,"5J7FNP4O",33,"NVP4",2022-01-20,"NCOS","Vernal Pool 4"
"86","ArthCOI","ESV_027724","GATCTGAGCAGGAATAGTAGGAACAGCTCTAAGTATACTTATTCGTGTCGAATTAGCTCAAGCAGGAAGATTTATTGGCGATGATCAAGTGTATAACGTTATCGTTACTGCCCACGCTTTTATTATAATTTTCTTTATAGTTATACCTATCCTAATT","Eukaryota, Arthropoda, Branchiopoda, Diplostraca, Moinidae, Moina","Eukaryota","Arthropoda","Branchiopoda","Diplostraca","Moinidae","Moina",NA,87.9,10,"53CM7JPJ",0,"VP1",2022-01-14,"COPR","Vernal Pool 1"
"87","ArthCOI","ESV_027724","GATCTGAGCAGGAATAGTAGGAACAGCTCTAAGTATACTTATTCGTGTCGAATTAGCTCAAGCAGGAAGATTTATTGGCGATGATCAAGTGTATAACGTTATCGTTACTGCCCACGCTTTTATTATAATTTTCTTTATAGTTATACCTATCCTAATT","Eukaryota, Arthropoda, Branchiopoda, Diplostraca, Moinidae, Moina","Eukaryota","Arthropoda","Branchiopoda","Diplostraca","Moinidae","Moina",NA,87.9,10,"17OXC1IX",0,"NVP2",2022-01-20,"NCOS","Vernal Pool 2"
"88","ArthCOI","ESV_027846","GGATCTGAGGGGGACTCGTAGGTACAACTATAAGAGTTCTTATTCGAACTGAATTAGCTGTTCCTGGGTCTTTTTTAGGTGAGCAGGTTTATAACACTGTTGTTACTGCCCATGCATTCTTAATGATTTTCTTTTTAGTGATGCCCGTGTTTATG","Eukaryota, Annelida, Polychaeta, unk_order, Capitellidae, Capitella, Capitella teleta","Eukaryota","Annelida","Polychaeta","unk_order","Capitellidae","Capitella","Capitella teleta",84.5,1,"5J7FNP4O",0,"NVP4",2022-01-20,"NCOS","Vernal Pool 4"
"89","ArthCOI","ESV_027846","GGATCTGAGGGGGACTCGTAGGTACAACTATAAGAGTTCTTATTCGAACTGAATTAGCTGTTCCTGGGTCTTTTTTAGGTGAGCAGGTTTATAACACTGTTGTTACTGCCCATGCATTCTTAATGATTTTCTTTTTAGTGATGCCCGTGTTTATG","Eukaryota, Annelida, Polychaeta, unk_order, Capitellidae, Capitella, Capitella teleta","Eukaryota","Annelida","Polychaeta","unk_order","Capitellidae","Capitella","Capitella teleta",84.5,1,"53CM7JPJ",0,"VP1",2022-01-14,"COPR","Vernal Pool 1"
"90","ArthCOI","ESV_027846","GGATCTGAGGGGGACTCGTAGGTACAACTATAAGAGTTCTTATTCGAACTGAATTAGCTGTTCCTGGGTCTTTTTTAGGTGAGCAGGTTTATAACACTGTTGTTACTGCCCATGCATTCTTAATGATTTTCTTTTTAGTGATGCCCGTGTTTATG","Eukaryota, Annelida, Polychaeta, unk_order, Capitellidae, Capitella, Capitella teleta","Eukaryota","Annelida","Polychaeta","unk_order","Capitellidae","Capitella","Capitella teleta",84.5,1,"17OXC1IX",0,"NVP2",2022-01-20,"NCOS","Vernal Pool 2"
"91","ArthCOI","ESV_027758","GGATCTGAGGGGGACTCGTAGGTACAACTATAAGAGTTCTTATTCGAACTGAATTAGCTGTTCCTGGGTCTTTTTTAGGTGAGCAGGTTTATAACACTGTTGTTACTGCCCATGCATTCTTAATGATTTTTTTTTTAGTGATGCCTGTGTTCATG","Eukaryota, Annelida, Polychaeta, unk_order, Capitellidae, Capitella, Capitella teleta","Eukaryota","Annelida","Polychaeta","unk_order","Capitellidae","Capitella","Capitella teleta",85.2,1,"5J7FNP4O",0,"NVP4",2022-01-20,"NCOS","Vernal Pool 4"
"92","ArthCOI","ESV_027758","GGATCTGAGGGGGACTCGTAGGTACAACTATAAGAGTTCTTATTCGAACTGAATTAGCTGTTCCTGGGTCTTTTTTAGGTGAGCAGGTTTATAACACTGTTGTTACTGCCCATGCATTCTTAATGATTTTTTTTTTAGTGATGCCTGTGTTCATG","Eukaryota, Annelida, Polychaeta, unk_order, Capitellidae, Capitella, Capitella teleta","Eukaryota","Annelida","Polychaeta","unk_order","Capitellidae","Capitella","Capitella teleta",85.2,1,"53CM7JPJ",0,"VP1",2022-01-14,"COPR","Vernal Pool 1"
"93","ArthCOI","ESV_027758","GGATCTGAGGGGGACTCGTAGGTACAACTATAAGAGTTCTTATTCGAACTGAATTAGCTGTTCCTGGGTCTTTTTTAGGTGAGCAGGTTTATAACACTGTTGTTACTGCCCATGCATTCTTAATGATTTTTTTTTTAGTGATGCCTGTGTTCATG","Eukaryota, Annelida, Polychaeta, unk_order, Capitellidae, Capitella, Capitella teleta","Eukaryota","Annelida","Polychaeta","unk_order","Capitellidae","Capitella","Capitella teleta",85.2,1,"17OXC1IX",0,"NVP2",2022-01-20,"NCOS","Vernal Pool 2"
"94","ArthCOI","ESV_027761","GGATCTGAGGGGGACTCGTAGGTACAACTATAAGAGTTCTTATTCGAACTGAATTAGCTGTTCCTGGGTCTTTTTTAGGTGAGCAGGTTTATAACACTGTTGTTACTGCTCATGCATTCTTAATGATTTTCTTTTTAGTAATGCCTGTGTTCATG","Eukaryota, Annelida, Polychaeta, unk_order, Capitellidae, Capitella, Capitella teleta","Eukaryota","Annelida","Polychaeta","unk_order","Capitellidae","Capitella","Capitella teleta",84.5,1,"5J7FNP4O",0,"NVP4",2022-01-20,"NCOS","Vernal Pool 4"
"95","ArthCOI","ESV_027761","GGATCTGAGGGGGACTCGTAGGTACAACTATAAGAGTTCTTATTCGAACTGAATTAGCTGTTCCTGGGTCTTTTTTAGGTGAGCAGGTTTATAACACTGTTGTTACTGCTCATGCATTCTTAATGATTTTCTTTTTAGTAATGCCTGTGTTCATG","Eukaryota, Annelida, Polychaeta, unk_order, Capitellidae, Capitella, Capitella teleta","Eukaryota","Annelida","Polychaeta","unk_order","Capitellidae","Capitella","Capitella teleta",84.5,1,"53CM7JPJ",0,"VP1",2022-01-14,"COPR","Vernal Pool 1"
"96","ArthCOI","ESV_027761","GGATCTGAGGGGGACTCGTAGGTACAACTATAAGAGTTCTTATTCGAACTGAATTAGCTGTTCCTGGGTCTTTTTTAGGTGAGCAGGTTTATAACACTGTTGTTACTGCTCATGCATTCTTAATGATTTTCTTTTTAGTAATGCCTGTGTTCATG","Eukaryota, Annelida, Polychaeta, unk_order, Capitellidae, Capitella, Capitella teleta","Eukaryota","Annelida","Polychaeta","unk_order","Capitellidae","Capitella","Capitella teleta",84.5,1,"17OXC1IX",0,"NVP2",2022-01-20,"NCOS","Vernal Pool 2"
"97","ArthCOI","ESV_027847","GGATCTGAGGGGGACTCGTAGGTACAACTATAAGAGTTCTTATTCGAACTGAATTAGCTGTTCCTGGGTCTTTTTTAGGTGAGCAGGTTTACAACACTGTTGTTACTGCCCATGCATTCTTAATGACTTTCTTTTTAGTGATGCCTGTGTTCATG","Eukaryota, Annelida, Polychaeta, unk_order, Capitellidae, Capitella, Capitella teleta","Eukaryota","Annelida","Polychaeta","unk_order","Capitellidae","Capitella","Capitella teleta",83.2,1,"5J7FNP4O",0,"NVP4",2022-01-20,"NCOS","Vernal Pool 4"
"98","ArthCOI","ESV_027847","GGATCTGAGGGGGACTCGTAGGTACAACTATAAGAGTTCTTATTCGAACTGAATTAGCTGTTCCTGGGTCTTTTTTAGGTGAGCAGGTTTACAACACTGTTGTTACTGCCCATGCATTCTTAATGACTTTCTTTTTAGTGATGCCTGTGTTCATG","Eukaryota, Annelida, Polychaeta, unk_order, Capitellidae, Capitella, Capitella teleta","Eukaryota","Annelida","Polychaeta","unk_order","Capitellidae","Capitella","Capitella teleta",83.2,1,"53CM7JPJ",0,"VP1",2022-01-14,"COPR","Vernal Pool 1"
"99","ArthCOI","ESV_027847","GGATCTGAGGGGGACTCGTAGGTACAACTATAAGAGTTCTTATTCGAACTGAATTAGCTGTTCCTGGGTCTTTTTTAGGTGAGCAGGTTTACAACACTGTTGTTACTGCCCATGCATTCTTAATGACTTTCTTTTTAGTGATGCCTGTGTTCATG","Eukaryota, Annelida, Polychaeta, unk_order, Capitellidae, Capitella, Capitella teleta","Eukaryota","Annelida","Polychaeta","unk_order","Capitellidae","Capitella","Capitella teleta",83.2,1,"17OXC1IX",0,"NVP2",2022-01-20,"NCOS","Vernal Pool 2"
"100","ArthCOI","ESV_027690","AATTTGATCAGGAATTGTTGGGGCTTCTATAAGAATAATCATTCGAATAAAATTATCCCATAATACAATTATTCCCCAAAACGATCAAGTTTATAACACTATAGTAACAGCTCATGCATTTCTAATAATTTTTTTCATAGTTATACCAATTATAATT","Eukaryota, Arthropoda, Arachnida, Trombidiformes","Eukaryota","Arthropoda","Arachnida","Trombidiformes",NA,NA,NA,89.8,1,"5J7FNP4O",0,"NVP4",2022-01-20,"NCOS","Vernal Pool 4"
"101","ArthCOI","ESV_027690","AATTTGATCAGGAATTGTTGGGGCTTCTATAAGAATAATCATTCGAATAAAATTATCCCATAATACAATTATTCCCCAAAACGATCAAGTTTATAACACTATAGTAACAGCTCATGCATTTCTAATAATTTTTTTCATAGTTATACCAATTATAATT","Eukaryota, Arthropoda, Arachnida, Trombidiformes","Eukaryota","Arthropoda","Arachnida","Trombidiformes",NA,NA,NA,89.8,1,"53CM7JPJ",21,"VP1",2022-01-14,"COPR","Vernal Pool 1"
"102","ArthCOI","ESV_027690","AATTTGATCAGGAATTGTTGGGGCTTCTATAAGAATAATCATTCGAATAAAATTATCCCATAATACAATTATTCCCCAAAACGATCAAGTTTATAACACTATAGTAACAGCTCATGCATTTCTAATAATTTTTTTCATAGTTATACCAATTATAATT","Eukaryota, Arthropoda, Arachnida, Trombidiformes","Eukaryota","Arthropoda","Arachnida","Trombidiformes",NA,NA,NA,89.8,1,"17OXC1IX",0,"NVP2",2022-01-20,"NCOS","Vernal Pool 2"
"103","ArthCOI","ESV_027634","GGATCTGAGGGGGACTCGTAGGTACAACTATAAGAGTTCTTATTCGGACTGAATTAGCTGTTCCTGGGTCTTTTTTAGGTGAGCAGGTTTATAACACTGTTGTTACTGCCCATGCATTCTTAATGATTTTCTTTTTAGTGATGCCTGTGTTTATG","Eukaryota, Annelida, Polychaeta, unk_order, Capitellidae, Capitella, Capitella teleta","Eukaryota","Annelida","Polychaeta","unk_order","Capitellidae","Capitella","Capitella teleta",85.2,1,"5J7FNP4O",0,"NVP4",2022-01-20,"NCOS","Vernal Pool 4"
"104","ArthCOI","ESV_027634","GGATCTGAGGGGGACTCGTAGGTACAACTATAAGAGTTCTTATTCGGACTGAATTAGCTGTTCCTGGGTCTTTTTTAGGTGAGCAGGTTTATAACACTGTTGTTACTGCCCATGCATTCTTAATGATTTTCTTTTTAGTGATGCCTGTGTTTATG","Eukaryota, Annelida, Polychaeta, unk_order, Capitellidae, Capitella, Capitella teleta","Eukaryota","Annelida","Polychaeta","unk_order","Capitellidae","Capitella","Capitella teleta",85.2,1,"53CM7JPJ",0,"VP1",2022-01-14,"COPR","Vernal Pool 1"
"105","ArthCOI","ESV_027634","GGATCTGAGGGGGACTCGTAGGTACAACTATAAGAGTTCTTATTCGGACTGAATTAGCTGTTCCTGGGTCTTTTTTAGGTGAGCAGGTTTATAACACTGTTGTTACTGCCCATGCATTCTTAATGATTTTCTTTTTAGTGATGCCTGTGTTTATG","Eukaryota, Annelida, Polychaeta, unk_order, Capitellidae, Capitella, Capitella teleta","Eukaryota","Annelida","Polychaeta","unk_order","Capitellidae","Capitella","Capitella teleta",85.2,1,"17OXC1IX",0,"NVP2",2022-01-20,"NCOS","Vernal Pool 2"
"106","ArthCOI","ESV_027575","GGATCTGAGGGGGACTCGTAGGTACAACTATAAGAGTTCTTATTCGAACTGAATTAGCTGTTCCTGGGTCTTTTTTAGGTGAGCAAGTTTATAACACTGTTGTTACTGCTCATGCATTCTTAATGATTTTCTTTTTAGTGATGCCTGTGTTCATG","Eukaryota, Annelida, Polychaeta, unk_order, Capitellidae, Capitella, Capitella teleta","Eukaryota","Annelida","Polychaeta","unk_order","Capitellidae","Capitella","Capitella teleta",85.8,1,"5J7FNP4O",0,"NVP4",2022-01-20,"NCOS","Vernal Pool 4"
"107","ArthCOI","ESV_027575","GGATCTGAGGGGGACTCGTAGGTACAACTATAAGAGTTCTTATTCGAACTGAATTAGCTGTTCCTGGGTCTTTTTTAGGTGAGCAAGTTTATAACACTGTTGTTACTGCTCATGCATTCTTAATGATTTTCTTTTTAGTGATGCCTGTGTTCATG","Eukaryota, Annelida, Polychaeta, unk_order, Capitellidae, Capitella, Capitella teleta","Eukaryota","Annelida","Polychaeta","unk_order","Capitellidae","Capitella","Capitella teleta",85.8,1,"53CM7JPJ",0,"VP1",2022-01-14,"COPR","Vernal Pool 1"
"108","ArthCOI","ESV_027575","GGATCTGAGGGGGACTCGTAGGTACAACTATAAGAGTTCTTATTCGAACTGAATTAGCTGTTCCTGGGTCTTTTTTAGGTGAGCAAGTTTATAACACTGTTGTTACTGCTCATGCATTCTTAATGATTTTCTTTTTAGTGATGCCTGTGTTCATG","Eukaryota, Annelida, Polychaeta, unk_order, Capitellidae, Capitella, Capitella teleta","Eukaryota","Annelida","Polychaeta","unk_order","Capitellidae","Capitella","Capitella teleta",85.8,1,"17OXC1IX",0,"NVP2",2022-01-20,"NCOS","Vernal Pool 2"
"109","ArthCOI","ESV_027578","GGATCTGAGGGGGACTCGTAGGTACAACTATAAGAGTTCTTATTCGAACTGAATTAGCTGTTCCTGGGTCTTTTTTAGGTGAGCAGGTTTATAACACTGTTGTTACTGCCCATGCATTCTTAATGATTTTCTTTTTAGTGATGCCTGTGTTTATA","Eukaryota, Annelida, Polychaeta, unk_order, Capitellidae, Capitella, Capitella teleta","Eukaryota","Annelida","Polychaeta","unk_order","Capitellidae","Capitella","Capitella teleta",85.8,1,"5J7FNP4O",0,"NVP4",2022-01-20,"NCOS","Vernal Pool 4"
"110","ArthCOI","ESV_027578","GGATCTGAGGGGGACTCGTAGGTACAACTATAAGAGTTCTTATTCGAACTGAATTAGCTGTTCCTGGGTCTTTTTTAGGTGAGCAGGTTTATAACACTGTTGTTACTGCCCATGCATTCTTAATGATTTTCTTTTTAGTGATGCCTGTGTTTATA","Eukaryota, Annelida, Polychaeta, unk_order, Capitellidae, Capitella, Capitella teleta","Eukaryota","Annelida","Polychaeta","unk_order","Capitellidae","Capitella","Capitella teleta",85.8,1,"53CM7JPJ",0,"VP1",2022-01-14,"COPR","Vernal Pool 1"
"111","ArthCOI","ESV_027578","GGATCTGAGGGGGACTCGTAGGTACAACTATAAGAGTTCTTATTCGAACTGAATTAGCTGTTCCTGGGTCTTTTTTAGGTGAGCAGGTTTATAACACTGTTGTTACTGCCCATGCATTCTTAATGATTTTCTTTTTAGTGATGCCTGTGTTTATA","Eukaryota, Annelida, Polychaeta, unk_order, Capitellidae, Capitella, Capitella teleta","Eukaryota","Annelida","Polychaeta","unk_order","Capitellidae","Capitella","Capitella teleta",85.8,1,"17OXC1IX",0,"NVP2",2022-01-20,"NCOS","Vernal Pool 2"
"112","ArthCOI","ESV_027516","GGATCTGAGGGGGACTCGTAGGTACAACTATAAGAGTTCTTATTCGAACTGAATTAGCTGTTCCTGGGTCTTTTTTAGGTGAGCAGGTTTATAACACTGTTGTTACTGCCCATGCATTTTTAATGATTTTCTTTTTAGTGATGCCTGTGTTTATG","Eukaryota, Annelida, Polychaeta, unk_order, Capitellidae, Capitella, Capitella teleta","Eukaryota","Annelida","Polychaeta","unk_order","Capitellidae","Capitella","Capitella teleta",85.8,1,"5J7FNP4O",0,"NVP4",2022-01-20,"NCOS","Vernal Pool 4"
"113","ArthCOI","ESV_027516","GGATCTGAGGGGGACTCGTAGGTACAACTATAAGAGTTCTTATTCGAACTGAATTAGCTGTTCCTGGGTCTTTTTTAGGTGAGCAGGTTTATAACACTGTTGTTACTGCCCATGCATTTTTAATGATTTTCTTTTTAGTGATGCCTGTGTTTATG","Eukaryota, Annelida, Polychaeta, unk_order, Capitellidae, Capitella, Capitella teleta","Eukaryota","Annelida","Polychaeta","unk_order","Capitellidae","Capitella","Capitella teleta",85.8,1,"53CM7JPJ",0,"VP1",2022-01-14,"COPR","Vernal Pool 1"
"114","ArthCOI","ESV_027516","GGATCTGAGGGGGACTCGTAGGTACAACTATAAGAGTTCTTATTCGAACTGAATTAGCTGTTCCTGGGTCTTTTTTAGGTGAGCAGGTTTATAACACTGTTGTTACTGCCCATGCATTTTTAATGATTTTCTTTTTAGTGATGCCTGTGTTTATG","Eukaryota, Annelida, Polychaeta, unk_order, Capitellidae, Capitella, Capitella teleta","Eukaryota","Annelida","Polychaeta","unk_order","Capitellidae","Capitella","Capitella teleta",85.8,1,"17OXC1IX",0,"NVP2",2022-01-20,"NCOS","Vernal Pool 2"
"115","ArthCOI","ESV_027764","GGATCTGAGGGGGACTCGTAGGTACAACTATAAGAGTTCTTATTCGAACTGAATTAGCTGTTCCTGGGTCTTTTTTAGGTGAGCAGGTCTATAACACTGTTGTTACTGCCCATGCATTCTTAATGATTTTCTTTTTAGTGATGCCTGTGTTCATG","Eukaryota, Annelida, Polychaeta, unk_order, Capitellidae, Capitella, Capitella teleta","Eukaryota","Annelida","Polychaeta","unk_order","Capitellidae","Capitella","Capitella teleta",83.9,1,"5J7FNP4O",0,"NVP4",2022-01-20,"NCOS","Vernal Pool 4"
"116","ArthCOI","ESV_027764","GGATCTGAGGGGGACTCGTAGGTACAACTATAAGAGTTCTTATTCGAACTGAATTAGCTGTTCCTGGGTCTTTTTTAGGTGAGCAGGTCTATAACACTGTTGTTACTGCCCATGCATTCTTAATGATTTTCTTTTTAGTGATGCCTGTGTTCATG","Eukaryota, Annelida, Polychaeta, unk_order, Capitellidae, Capitella, Capitella teleta","Eukaryota","Annelida","Polychaeta","unk_order","Capitellidae","Capitella","Capitella teleta",83.9,1,"53CM7JPJ",0,"VP1",2022-01-14,"COPR","Vernal Pool 1"
"117","ArthCOI","ESV_027764","GGATCTGAGGGGGACTCGTAGGTACAACTATAAGAGTTCTTATTCGAACTGAATTAGCTGTTCCTGGGTCTTTTTTAGGTGAGCAGGTCTATAACACTGTTGTTACTGCCCATGCATTCTTAATGATTTTCTTTTTAGTGATGCCTGTGTTCATG","Eukaryota, Annelida, Polychaeta, unk_order, Capitellidae, Capitella, Capitella teleta","Eukaryota","Annelida","Polychaeta","unk_order","Capitellidae","Capitella","Capitella teleta",83.9,1,"17OXC1IX",0,"NVP2",2022-01-20,"NCOS","Vernal Pool 2"
"118","ArthCOI","ESV_027868","GGATCTGAGGGGGACTCGTAGGTACAACTATAAGAGTTCTTATTCGAACTGAATTAGCTGTTCCTGGGTCTTTTTTAGGTGAGCAGGTTTATAACACTGTTGTTACTGCCCATGCATTCTTAATGATTTTCTTTTTAGTGATGCCTGTATTTATA","Eukaryota, Annelida, Polychaeta, unk_order, Capitellidae, Capitella, Capitella teleta","Eukaryota","Annelida","Polychaeta","unk_order","Capitellidae","Capitella","Capitella teleta",85.2,1,"5J7FNP4O",0,"NVP4",2022-01-20,"NCOS","Vernal Pool 4"
"119","ArthCOI","ESV_027868","GGATCTGAGGGGGACTCGTAGGTACAACTATAAGAGTTCTTATTCGAACTGAATTAGCTGTTCCTGGGTCTTTTTTAGGTGAGCAGGTTTATAACACTGTTGTTACTGCCCATGCATTCTTAATGATTTTCTTTTTAGTGATGCCTGTATTTATA","Eukaryota, Annelida, Polychaeta, unk_order, Capitellidae, Capitella, Capitella teleta","Eukaryota","Annelida","Polychaeta","unk_order","Capitellidae","Capitella","Capitella teleta",85.2,1,"53CM7JPJ",0,"VP1",2022-01-14,"COPR","Vernal Pool 1"
"120","ArthCOI","ESV_027868","GGATCTGAGGGGGACTCGTAGGTACAACTATAAGAGTTCTTATTCGAACTGAATTAGCTGTTCCTGGGTCTTTTTTAGGTGAGCAGGTTTATAACACTGTTGTTACTGCCCATGCATTCTTAATGATTTTCTTTTTAGTGATGCCTGTATTTATA","Eukaryota, Annelida, Polychaeta, unk_order, Capitellidae, Capitella, Capitella teleta","Eukaryota","Annelida","Polychaeta","unk_order","Capitellidae","Capitella","Capitella teleta",85.2,1,"17OXC1IX",0,"NVP2",2022-01-20,"NCOS","Vernal Pool 2"
"121","ArthCOI","ESV_027811","GGATCTGAGGGGGACTCGTAGGTACAGCTATAAGAGTTCTTATTCGAACTGAATTAGCTGTTCCTGGGTCTTTTTTAGGTGAGCAGGTTTATAACACTGTTGTTACTGCCCATGCATTCTTAATGATTTTCTTTTTAGTGATGCCTGTGTTTATA","Eukaryota, Annelida, Polychaeta, unk_order, Capitellidae, Capitella, Capitella teleta","Eukaryota","Annelida","Polychaeta","unk_order","Capitellidae","Capitella","Capitella teleta",85.2,1,"5J7FNP4O",0,"NVP4",2022-01-20,"NCOS","Vernal Pool 4"
"122","ArthCOI","ESV_027811","GGATCTGAGGGGGACTCGTAGGTACAGCTATAAGAGTTCTTATTCGAACTGAATTAGCTGTTCCTGGGTCTTTTTTAGGTGAGCAGGTTTATAACACTGTTGTTACTGCCCATGCATTCTTAATGATTTTCTTTTTAGTGATGCCTGTGTTTATA","Eukaryota, Annelida, Polychaeta, unk_order, Capitellidae, Capitella, Capitella teleta","Eukaryota","Annelida","Polychaeta","unk_order","Capitellidae","Capitella","Capitella teleta",85.2,1,"53CM7JPJ",0,"VP1",2022-01-14,"COPR","Vernal Pool 1"
"123","ArthCOI","ESV_027811","GGATCTGAGGGGGACTCGTAGGTACAGCTATAAGAGTTCTTATTCGAACTGAATTAGCTGTTCCTGGGTCTTTTTTAGGTGAGCAGGTTTATAACACTGTTGTTACTGCCCATGCATTCTTAATGATTTTCTTTTTAGTGATGCCTGTGTTTATA","Eukaryota, Annelida, Polychaeta, unk_order, Capitellidae, Capitella, Capitella teleta","Eukaryota","Annelida","Polychaeta","unk_order","Capitellidae","Capitella","Capitella teleta",85.2,1,"17OXC1IX",0,"NVP2",2022-01-20,"NCOS","Vernal Pool 2"
"124","ArthCOI","ESV_027812","GGATCTGAGGGGGACTCGTAGGTACAACTACAAGAGTTCTTATTCGAACTGAATTAGCTGTTCCTGGGTCTTTTTTAGGTGAGCAGGTTTATAACACTGTTGTTACTGCCCATGCATTCTTAATGATTTTCTTTTTAGTGATGCCTGTATTTATG","Eukaryota, Annelida, Polychaeta, unk_order, Capitellidae, Capitella, Capitella teleta","Eukaryota","Annelida","Polychaeta","unk_order","Capitellidae","Capitella","Capitella teleta",83.9,1,"5J7FNP4O",0,"NVP4",2022-01-20,"NCOS","Vernal Pool 4"
"125","ArthCOI","ESV_027812","GGATCTGAGGGGGACTCGTAGGTACAACTACAAGAGTTCTTATTCGAACTGAATTAGCTGTTCCTGGGTCTTTTTTAGGTGAGCAGGTTTATAACACTGTTGTTACTGCCCATGCATTCTTAATGATTTTCTTTTTAGTGATGCCTGTATTTATG","Eukaryota, Annelida, Polychaeta, unk_order, Capitellidae, Capitella, Capitella teleta","Eukaryota","Annelida","Polychaeta","unk_order","Capitellidae","Capitella","Capitella teleta",83.9,1,"53CM7JPJ",0,"VP1",2022-01-14,"COPR","Vernal Pool 1"
"126","ArthCOI","ESV_027812","GGATCTGAGGGGGACTCGTAGGTACAACTACAAGAGTTCTTATTCGAACTGAATTAGCTGTTCCTGGGTCTTTTTTAGGTGAGCAGGTTTATAACACTGTTGTTACTGCCCATGCATTCTTAATGATTTTCTTTTTAGTGATGCCTGTATTTATG","Eukaryota, Annelida, Polychaeta, unk_order, Capitellidae, Capitella, Capitella teleta","Eukaryota","Annelida","Polychaeta","unk_order","Capitellidae","Capitella","Capitella teleta",83.9,1,"17OXC1IX",0,"NVP2",2022-01-20,"NCOS","Vernal Pool 2"
"127","ArthCOI","ESV_006674","AGGATTTGCTGGAGTTTTAGGGACGTGTTTTTCATTACTTATTCGTATGGAATTATCACACCCTGGAAACCAAATTTTAAACGGAAACCACCAACTGTATAATGTTATCATTACTGCACACGCATTTTTAATGATTTTTTTCATGGTAATGCCAGTATTAATG","Eukaryota, Mollusca, Bivalvia, Galeommatida, Montacutidae, Kurtiella, Kurtiella bidentata","Eukaryota","Mollusca","Bivalvia","Galeommatida","Montacutidae","Kurtiella","Kurtiella bidentata",84,1,"5J7FNP4O",0,"NVP4",2022-01-20,"NCOS","Vernal Pool 4"
"128","ArthCOI","ESV_006674","AGGATTTGCTGGAGTTTTAGGGACGTGTTTTTCATTACTTATTCGTATGGAATTATCACACCCTGGAAACCAAATTTTAAACGGAAACCACCAACTGTATAATGTTATCATTACTGCACACGCATTTTTAATGATTTTTTTCATGGTAATGCCAGTATTAATG","Eukaryota, Mollusca, Bivalvia, Galeommatida, Montacutidae, Kurtiella, Kurtiella bidentata","Eukaryota","Mollusca","Bivalvia","Galeommatida","Montacutidae","Kurtiella","Kurtiella bidentata",84,1,"53CM7JPJ",0,"VP1",2022-01-14,"COPR","Vernal Pool 1"
"129","ArthCOI","ESV_006674","AGGATTTGCTGGAGTTTTAGGGACGTGTTTTTCATTACTTATTCGTATGGAATTATCACACCCTGGAAACCAAATTTTAAACGGAAACCACCAACTGTATAATGTTATCATTACTGCACACGCATTTTTAATGATTTTTTTCATGGTAATGCCAGTATTAATG","Eukaryota, Mollusca, Bivalvia, Galeommatida, Montacutidae, Kurtiella, Kurtiella bidentata","Eukaryota","Mollusca","Bivalvia","Galeommatida","Montacutidae","Kurtiella","Kurtiella bidentata",84,1,"17OXC1IX",0,"NVP2",2022-01-20,"NCOS","Vernal Pool 2"
"130","ArthCOI","ESV_000650","AGCATGGGCAGGGATAATTGGTACTGCTATAAGAGTATTAATTCGAATTGAACTAGGGCAGCCTGGATCTCTAATTGGAGATGACCAAATTTACAACGTAATTGTTACTGCTCACGCATTTGTAATAATTTTTTTTATAGTTATACCTATTATGATT","Eukaryota, Arthropoda, Insecta, Odonata, Libellulidae, Sympetrum, Sympetrum corruptum","Eukaryota","Arthropoda","Insecta","Odonata","Libellulidae","Sympetrum","Sympetrum corruptum",100,1,"5J7FNP4O",0,"NVP4",2022-01-20,"NCOS","Vernal Pool 4"
"131","ArthCOI","ESV_000650","AGCATGGGCAGGGATAATTGGTACTGCTATAAGAGTATTAATTCGAATTGAACTAGGGCAGCCTGGATCTCTAATTGGAGATGACCAAATTTACAACGTAATTGTTACTGCTCACGCATTTGTAATAATTTTTTTTATAGTTATACCTATTATGATT","Eukaryota, Arthropoda, Insecta, Odonata, Libellulidae, Sympetrum, Sympetrum corruptum","Eukaryota","Arthropoda","Insecta","Odonata","Libellulidae","Sympetrum","Sympetrum corruptum",100,1,"53CM7JPJ",0,"VP1",2022-01-14,"COPR","Vernal Pool 1"
"132","ArthCOI","ESV_000650","AGCATGGGCAGGGATAATTGGTACTGCTATAAGAGTATTAATTCGAATTGAACTAGGGCAGCCTGGATCTCTAATTGGAGATGACCAAATTTACAACGTAATTGTTACTGCTCACGCATTTGTAATAATTTTTTTTATAGTTATACCTATTATGATT","Eukaryota, Arthropoda, Insecta, Odonata, Libellulidae, Sympetrum, Sympetrum corruptum","Eukaryota","Arthropoda","Insecta","Odonata","Libellulidae","Sympetrum","Sympetrum corruptum",100,1,"17OXC1IX",14,"NVP2",2022-01-20,"NCOS","Vernal Pool 2"
"133","ArthCOI","ESV_027851","GGATCTGAGGGGGACTCGTAGGTACAACTATAAGAGTTCTTATTCGAGCTGAATTAGCTGTTCCTGGGTCTTTTTTAGGTGAGCAGGTTTACAACACTGTTGTTACTGCCCATGCATTCTTAATGATTTTCTTTTTAGTGATGCCTGTGTTCATG","Eukaryota, Annelida, Polychaeta, unk_order, Capitellidae, Capitella, Capitella teleta","Eukaryota","Annelida","Polychaeta","unk_order","Capitellidae","Capitella","Capitella teleta",83.2,1,"5J7FNP4O",0,"NVP4",2022-01-20,"NCOS","Vernal Pool 4"
"134","ArthCOI","ESV_027851","GGATCTGAGGGGGACTCGTAGGTACAACTATAAGAGTTCTTATTCGAGCTGAATTAGCTGTTCCTGGGTCTTTTTTAGGTGAGCAGGTTTACAACACTGTTGTTACTGCCCATGCATTCTTAATGATTTTCTTTTTAGTGATGCCTGTGTTCATG","Eukaryota, Annelida, Polychaeta, unk_order, Capitellidae, Capitella, Capitella teleta","Eukaryota","Annelida","Polychaeta","unk_order","Capitellidae","Capitella","Capitella teleta",83.2,1,"53CM7JPJ",0,"VP1",2022-01-14,"COPR","Vernal Pool 1"
"135","ArthCOI","ESV_027851","GGATCTGAGGGGGACTCGTAGGTACAACTATAAGAGTTCTTATTCGAGCTGAATTAGCTGTTCCTGGGTCTTTTTTAGGTGAGCAGGTTTACAACACTGTTGTTACTGCCCATGCATTCTTAATGATTTTCTTTTTAGTGATGCCTGTGTTCATG","Eukaryota, Annelida, Polychaeta, unk_order, Capitellidae, Capitella, Capitella teleta","Eukaryota","Annelida","Polychaeta","unk_order","Capitellidae","Capitella","Capitella teleta",83.2,1,"17OXC1IX",0,"NVP2",2022-01-20,"NCOS","Vernal Pool 2"
"136","ArthCOI","ESV_027873","GGATCTGAGGGGGACTCGTAGGTACAACTATAAGAGTTCTTATTCGAACTGAATTAGCTGCTCCTGGGTCTTTTTTAGGTGAGCAGGTTTATAACACTGTTGTTACTGCCCATGCATTCTTAATGATTTTCTTTTTAGTGATGCCTGTGTTCATG","Eukaryota, Annelida, Polychaeta, unk_order, Capitellidae, Capitella, Capitella teleta","Eukaryota","Annelida","Polychaeta","unk_order","Capitellidae","Capitella","Capitella teleta",83.9,1,"5J7FNP4O",0,"NVP4",2022-01-20,"NCOS","Vernal Pool 4"
"137","ArthCOI","ESV_027873","GGATCTGAGGGGGACTCGTAGGTACAACTATAAGAGTTCTTATTCGAACTGAATTAGCTGCTCCTGGGTCTTTTTTAGGTGAGCAGGTTTATAACACTGTTGTTACTGCCCATGCATTCTTAATGATTTTCTTTTTAGTGATGCCTGTGTTCATG","Eukaryota, Annelida, Polychaeta, unk_order, Capitellidae, Capitella, Capitella teleta","Eukaryota","Annelida","Polychaeta","unk_order","Capitellidae","Capitella","Capitella teleta",83.9,1,"53CM7JPJ",0,"VP1",2022-01-14,"COPR","Vernal Pool 1"
"138","ArthCOI","ESV_027873","GGATCTGAGGGGGACTCGTAGGTACAACTATAAGAGTTCTTATTCGAACTGAATTAGCTGCTCCTGGGTCTTTTTTAGGTGAGCAGGTTTATAACACTGTTGTTACTGCCCATGCATTCTTAATGATTTTCTTTTTAGTGATGCCTGTGTTCATG","Eukaryota, Annelida, Polychaeta, unk_order, Capitellidae, Capitella, Capitella teleta","Eukaryota","Annelida","Polychaeta","unk_order","Capitellidae","Capitella","Capitella teleta",83.9,1,"17OXC1IX",0,"NVP2",2022-01-20,"NCOS","Vernal Pool 2"
"139","ArthCOI","ESV_027766","GGATCTGAGGGGGACTCGTAGGTACAGCTATAAGAGTTCTTATTCGAACTGAATTAGCTGTTCCTGGGTCTTTTTTAGGTGAGCAGGTTTACAACACTGTTGTTACTGCCCATGCATTCTTAATGATTTTCTTTTTAGTGATGCCTGTGTTCATG","Eukaryota, Annelida, Polychaeta, unk_order, Capitellidae, Capitella, Capitella teleta","Eukaryota","Annelida","Polychaeta","unk_order","Capitellidae","Capitella","Capitella teleta",83.2,1,"5J7FNP4O",0,"NVP4",2022-01-20,"NCOS","Vernal Pool 4"
"140","ArthCOI","ESV_027766","GGATCTGAGGGGGACTCGTAGGTACAGCTATAAGAGTTCTTATTCGAACTGAATTAGCTGTTCCTGGGTCTTTTTTAGGTGAGCAGGTTTACAACACTGTTGTTACTGCCCATGCATTCTTAATGATTTTCTTTTTAGTGATGCCTGTGTTCATG","Eukaryota, Annelida, Polychaeta, unk_order, Capitellidae, Capitella, Capitella teleta","Eukaryota","Annelida","Polychaeta","unk_order","Capitellidae","Capitella","Capitella teleta",83.2,1,"53CM7JPJ",0,"VP1",2022-01-14,"COPR","Vernal Pool 1"
"141","ArthCOI","ESV_027766","GGATCTGAGGGGGACTCGTAGGTACAGCTATAAGAGTTCTTATTCGAACTGAATTAGCTGTTCCTGGGTCTTTTTTAGGTGAGCAGGTTTACAACACTGTTGTTACTGCCCATGCATTCTTAATGATTTTCTTTTTAGTGATGCCTGTGTTCATG","Eukaryota, Annelida, Polychaeta, unk_order, Capitellidae, Capitella, Capitella teleta","Eukaryota","Annelida","Polychaeta","unk_order","Capitellidae","Capitella","Capitella teleta",83.2,1,"17OXC1IX",0,"NVP2",2022-01-20,"NCOS","Vernal Pool 2"
"142","ArthCOI","ESV_027637","TGGTTTTGCTGGAGTTTTAGGGACGTGTTTTTCATTACTTATTCGTATGGAATTATCACACCCTGGAAGCCAAATTTTAAACGGAAACCACCAACTGTATAATGTTATCATTACTGCACACGCATTTTTAATGATTTTTTTCATGGTAATGCCAGTATTAATG","Eukaryota, Mollusca, Bivalvia, Galeommatida, Montacutidae, Kurtiella, Kurtiella bidentata","Eukaryota","Mollusca","Bivalvia","Galeommatida","Montacutidae","Kurtiella","Kurtiella bidentata",83.4,1,"5J7FNP4O",0,"NVP4",2022-01-20,"NCOS","Vernal Pool 4"
"143","ArthCOI","ESV_027637","TGGTTTTGCTGGAGTTTTAGGGACGTGTTTTTCATTACTTATTCGTATGGAATTATCACACCCTGGAAGCCAAATTTTAAACGGAAACCACCAACTGTATAATGTTATCATTACTGCACACGCATTTTTAATGATTTTTTTCATGGTAATGCCAGTATTAATG","Eukaryota, Mollusca, Bivalvia, Galeommatida, Montacutidae, Kurtiella, Kurtiella bidentata","Eukaryota","Mollusca","Bivalvia","Galeommatida","Montacutidae","Kurtiella","Kurtiella bidentata",83.4,1,"53CM7JPJ",0,"VP1",2022-01-14,"COPR","Vernal Pool 1"
"144","ArthCOI","ESV_027637","TGGTTTTGCTGGAGTTTTAGGGACGTGTTTTTCATTACTTATTCGTATGGAATTATCACACCCTGGAAGCCAAATTTTAAACGGAAACCACCAACTGTATAATGTTATCATTACTGCACACGCATTTTTAATGATTTTTTTCATGGTAATGCCAGTATTAATG","Eukaryota, Mollusca, Bivalvia, Galeommatida, Montacutidae, Kurtiella, Kurtiella bidentata","Eukaryota","Mollusca","Bivalvia","Galeommatida","Montacutidae","Kurtiella","Kurtiella bidentata",83.4,1,"17OXC1IX",0,"NVP2",2022-01-20,"NCOS","Vernal Pool 2"
"145","ArthCOI","ESV_027875","GGATCTGAGGGGGACTCGTAGGTACAACTATAAGAGTTCTTATTCGAACTGAATTAGCTGTTCCTGGGTCTTTTTTAGGTGAGCAGGTTTATAACACTGTTGTTACTGCCCATGCATTCTTAATGATTTTTTTTTTTGTAATGCCAGTACTTATT","Eukaryota, Annelida, Polychaeta, unk_order, Capitellidae, Capitella, Capitella teleta","Eukaryota","Annelida","Polychaeta","unk_order","Capitellidae","Capitella","Capitella teleta",82.6,1,"5J7FNP4O",0,"NVP4",2022-01-20,"NCOS","Vernal Pool 4"
"146","ArthCOI","ESV_027875","GGATCTGAGGGGGACTCGTAGGTACAACTATAAGAGTTCTTATTCGAACTGAATTAGCTGTTCCTGGGTCTTTTTTAGGTGAGCAGGTTTATAACACTGTTGTTACTGCCCATGCATTCTTAATGATTTTTTTTTTTGTAATGCCAGTACTTATT","Eukaryota, Annelida, Polychaeta, unk_order, Capitellidae, Capitella, Capitella teleta","Eukaryota","Annelida","Polychaeta","unk_order","Capitellidae","Capitella","Capitella teleta",82.6,1,"53CM7JPJ",0,"VP1",2022-01-14,"COPR","Vernal Pool 1"
"147","ArthCOI","ESV_027875","GGATCTGAGGGGGACTCGTAGGTACAACTATAAGAGTTCTTATTCGAACTGAATTAGCTGTTCCTGGGTCTTTTTTAGGTGAGCAGGTTTATAACACTGTTGTTACTGCCCATGCATTCTTAATGATTTTTTTTTTTGTAATGCCAGTACTTATT","Eukaryota, Annelida, Polychaeta, unk_order, Capitellidae, Capitella, Capitella teleta","Eukaryota","Annelida","Polychaeta","unk_order","Capitellidae","Capitella","Capitella teleta",82.6,1,"17OXC1IX",0,"NVP2",2022-01-20,"NCOS","Vernal Pool 2"
"148","ArthCOI","ESV_027768","GGATCTGAGGGGGACTCGTAGGTACAACTATAAGAGTTCTTATTCGAACTGAATTAGCTGTTCCTGGGTCTTTTTTAGGTGAGCAGGTTTATAACACTGTTGTTACTGCCCATGCGTTCTTAATGATTTTCTTTTTAGTGATGCCTGTATTTATG","Eukaryota, Annelida, Polychaeta, unk_order, Capitellidae, Capitella, Capitella teleta","Eukaryota","Annelida","Polychaeta","unk_order","Capitellidae","Capitella","Capitella teleta",85.2,1,"5J7FNP4O",0,"NVP4",2022-01-20,"NCOS","Vernal Pool 4"
"149","ArthCOI","ESV_027768","GGATCTGAGGGGGACTCGTAGGTACAACTATAAGAGTTCTTATTCGAACTGAATTAGCTGTTCCTGGGTCTTTTTTAGGTGAGCAGGTTTATAACACTGTTGTTACTGCCCATGCGTTCTTAATGATTTTCTTTTTAGTGATGCCTGTATTTATG","Eukaryota, Annelida, Polychaeta, unk_order, Capitellidae, Capitella, Capitella teleta","Eukaryota","Annelida","Polychaeta","unk_order","Capitellidae","Capitella","Capitella teleta",85.2,1,"53CM7JPJ",0,"VP1",2022-01-14,"COPR","Vernal Pool 1"
"150","ArthCOI","ESV_027768","GGATCTGAGGGGGACTCGTAGGTACAACTATAAGAGTTCTTATTCGAACTGAATTAGCTGTTCCTGGGTCTTTTTTAGGTGAGCAGGTTTATAACACTGTTGTTACTGCCCATGCGTTCTTAATGATTTTCTTTTTAGTGATGCCTGTATTTATG","Eukaryota, Annelida, Polychaeta, unk_order, Capitellidae, Capitella, Capitella teleta","Eukaryota","Annelida","Polychaeta","unk_order","Capitellidae","Capitella","Capitella teleta",85.2,1,"17OXC1IX",0,"NVP2",2022-01-20,"NCOS","Vernal Pool 2"
"151","ArthCOI","ESV_027738","AACATTTAGTGGAATGATTGGTACTTTATTATCAGTTTTAATACGTTTAGAACTGGCTTATCCTGGAAATCAATTTTTCCAAGGAAATCATCAATTATATAATGTTGTTGTTACAGCGCATGCATTATTAATGATCTTTTTTATGGTTATGCCTATTTTGTTA","Eukaryota, Arthropoda, Arachnida, Mesostigmata","Eukaryota","Arthropoda","Arachnida","Mesostigmata",NA,NA,NA,80.4,1,"5J7FNP4O",11,"NVP4",2022-01-20,"NCOS","Vernal Pool 4"
"152","ArthCOI","ESV_027738","AACATTTAGTGGAATGATTGGTACTTTATTATCAGTTTTAATACGTTTAGAACTGGCTTATCCTGGAAATCAATTTTTCCAAGGAAATCATCAATTATATAATGTTGTTGTTACAGCGCATGCATTATTAATGATCTTTTTTATGGTTATGCCTATTTTGTTA","Eukaryota, Arthropoda, Arachnida, Mesostigmata","Eukaryota","Arthropoda","Arachnida","Mesostigmata",NA,NA,NA,80.4,1,"53CM7JPJ",0,"VP1",2022-01-14,"COPR","Vernal Pool 1"
"153","ArthCOI","ESV_027738","AACATTTAGTGGAATGATTGGTACTTTATTATCAGTTTTAATACGTTTAGAACTGGCTTATCCTGGAAATCAATTTTTCCAAGGAAATCATCAATTATATAATGTTGTTGTTACAGCGCATGCATTATTAATGATCTTTTTTATGGTTATGCCTATTTTGTTA","Eukaryota, Arthropoda, Arachnida, Mesostigmata","Eukaryota","Arthropoda","Arachnida","Mesostigmata",NA,NA,NA,80.4,1,"17OXC1IX",0,"NVP2",2022-01-20,"NCOS","Vernal Pool 2"
"154","ArthCOI","ESV_027770","GGATCTGAGGGGGACTCGTAGGTACAACTATAAGAGTTCTTATTCGAACTGAATTAGCTGTTCCTGGGTCTCTTTTAGGTGAGCAGGTTTATAACACTGTTGTTACTGCTCATGCATTCTTAATGATTTTCTTTTTAGTGATGCCTGTGTTCATG","Eukaryota, Annelida, Polychaeta, unk_order, Capitellidae, Capitella, Capitella teleta","Eukaryota","Annelida","Polychaeta","unk_order","Capitellidae","Capitella","Capitella teleta",84.5,1,"5J7FNP4O",0,"NVP4",2022-01-20,"NCOS","Vernal Pool 4"
"155","ArthCOI","ESV_027770","GGATCTGAGGGGGACTCGTAGGTACAACTATAAGAGTTCTTATTCGAACTGAATTAGCTGTTCCTGGGTCTCTTTTAGGTGAGCAGGTTTATAACACTGTTGTTACTGCTCATGCATTCTTAATGATTTTCTTTTTAGTGATGCCTGTGTTCATG","Eukaryota, Annelida, Polychaeta, unk_order, Capitellidae, Capitella, Capitella teleta","Eukaryota","Annelida","Polychaeta","unk_order","Capitellidae","Capitella","Capitella teleta",84.5,1,"53CM7JPJ",0,"VP1",2022-01-14,"COPR","Vernal Pool 1"
"156","ArthCOI","ESV_027770","GGATCTGAGGGGGACTCGTAGGTACAACTATAAGAGTTCTTATTCGAACTGAATTAGCTGTTCCTGGGTCTCTTTTAGGTGAGCAGGTTTATAACACTGTTGTTACTGCTCATGCATTCTTAATGATTTTCTTTTTAGTGATGCCTGTGTTCATG","Eukaryota, Annelida, Polychaeta, unk_order, Capitellidae, Capitella, Capitella teleta","Eukaryota","Annelida","Polychaeta","unk_order","Capitellidae","Capitella","Capitella teleta",84.5,1,"17OXC1IX",0,"NVP2",2022-01-20,"NCOS","Vernal Pool 2"
"157","ArthCOI","ESV_027626","AGCATGGGCAGGGATAATTGGTACTGCTATAAGAGTATTAATTCGAATTGAACTAGGGCAGCCTGGATCCCTAATTGGAGATGACCAAATTTACAACGTAATTGTTACTGCTCACGCATTTGTAATAATTTTTTTTATAGTTATACCTATTATGATT","Eukaryota, Arthropoda, Insecta, Odonata, Libellulidae, Sympetrum, Sympetrum corruptum","Eukaryota","Arthropoda","Insecta","Odonata","Libellulidae","Sympetrum","Sympetrum corruptum",99.4,1,"5J7FNP4O",0,"NVP4",2022-01-20,"NCOS","Vernal Pool 4"
"158","ArthCOI","ESV_027626","AGCATGGGCAGGGATAATTGGTACTGCTATAAGAGTATTAATTCGAATTGAACTAGGGCAGCCTGGATCCCTAATTGGAGATGACCAAATTTACAACGTAATTGTTACTGCTCACGCATTTGTAATAATTTTTTTTATAGTTATACCTATTATGATT","Eukaryota, Arthropoda, Insecta, Odonata, Libellulidae, Sympetrum, Sympetrum corruptum","Eukaryota","Arthropoda","Insecta","Odonata","Libellulidae","Sympetrum","Sympetrum corruptum",99.4,1,"53CM7JPJ",0,"VP1",2022-01-14,"COPR","Vernal Pool 1"
"159","ArthCOI","ESV_027626","AGCATGGGCAGGGATAATTGGTACTGCTATAAGAGTATTAATTCGAATTGAACTAGGGCAGCCTGGATCCCTAATTGGAGATGACCAAATTTACAACGTAATTGTTACTGCTCACGCATTTGTAATAATTTTTTTTATAGTTATACCTATTATGATT","Eukaryota, Arthropoda, Insecta, Odonata, Libellulidae, Sympetrum, Sympetrum corruptum","Eukaryota","Arthropoda","Insecta","Odonata","Libellulidae","Sympetrum","Sympetrum corruptum",99.4,1,"17OXC1IX",11,"NVP2",2022-01-20,"NCOS","Vernal Pool 2"
"160","ArthCOI","ESV_027877","GGATCTGAGGGGGACTCGTAGGTACAACTATAAGAGTTCTTATTCGAACTGAATTAGCTGTTCCTGGGTCTTTTTTAGGTGAGCAGGTTTATAATACTGTTGTTACTGCCCGTGCATTCTTAATGATTTTCTTTTTAGTGATGCCTGTGTTTATG","Eukaryota, Annelida, Polychaeta, unk_order, Capitellidae, Capitella, Capitella teleta","Eukaryota","Annelida","Polychaeta","unk_order","Capitellidae","Capitella","Capitella teleta",83.9,1,"5J7FNP4O",0,"NVP4",2022-01-20,"NCOS","Vernal Pool 4"
"161","ArthCOI","ESV_027877","GGATCTGAGGGGGACTCGTAGGTACAACTATAAGAGTTCTTATTCGAACTGAATTAGCTGTTCCTGGGTCTTTTTTAGGTGAGCAGGTTTATAATACTGTTGTTACTGCCCGTGCATTCTTAATGATTTTCTTTTTAGTGATGCCTGTGTTTATG","Eukaryota, Annelida, Polychaeta, unk_order, Capitellidae, Capitella, Capitella teleta","Eukaryota","Annelida","Polychaeta","unk_order","Capitellidae","Capitella","Capitella teleta",83.9,1,"53CM7JPJ",0,"VP1",2022-01-14,"COPR","Vernal Pool 1"
"162","ArthCOI","ESV_027877","GGATCTGAGGGGGACTCGTAGGTACAACTATAAGAGTTCTTATTCGAACTGAATTAGCTGTTCCTGGGTCTTTTTTAGGTGAGCAGGTTTATAATACTGTTGTTACTGCCCGTGCATTCTTAATGATTTTCTTTTTAGTGATGCCTGTGTTTATG","Eukaryota, Annelida, Polychaeta, unk_order, Capitellidae, Capitella, Capitella teleta","Eukaryota","Annelida","Polychaeta","unk_order","Capitellidae","Capitella","Capitella teleta",83.9,1,"17OXC1IX",0,"NVP2",2022-01-20,"NCOS","Vernal Pool 2"
"163","ArthCOI","ESV_027781","AGTATGATCTGGTATAGTAGGAACAGCACTTAGTATATTAATTCGATTTGAGTTAGCTCAAGCAGGAAGTTTTATTGGGGACGACCAAATTTACAATGTTATTGTCACTGCCCATGCTTTTATTATAATTTTCTTTATAGTAATACCTATCTTAATT","Eukaryota, Arthropoda, Branchiopoda, Diplostraca, Moinidae, Moina","Eukaryota","Arthropoda","Branchiopoda","Diplostraca","Moinidae","Moina",NA,96.2,7,"5J7FNP4O",0,"NVP4",2022-01-20,"NCOS","Vernal Pool 4"
"164","ArthCOI","ESV_027781","AGTATGATCTGGTATAGTAGGAACAGCACTTAGTATATTAATTCGATTTGAGTTAGCTCAAGCAGGAAGTTTTATTGGGGACGACCAAATTTACAATGTTATTGTCACTGCCCATGCTTTTATTATAATTTTCTTTATAGTAATACCTATCTTAATT","Eukaryota, Arthropoda, Branchiopoda, Diplostraca, Moinidae, Moina","Eukaryota","Arthropoda","Branchiopoda","Diplostraca","Moinidae","Moina",NA,96.2,7,"53CM7JPJ",0,"VP1",2022-01-14,"COPR","Vernal Pool 1"
"165","ArthCOI","ESV_027781","AGTATGATCTGGTATAGTAGGAACAGCACTTAGTATATTAATTCGATTTGAGTTAGCTCAAGCAGGAAGTTTTATTGGGGACGACCAAATTTACAATGTTATTGTCACTGCCCATGCTTTTATTATAATTTTCTTTATAGTAATACCTATCTTAATT","Eukaryota, Arthropoda, Branchiopoda, Diplostraca, Moinidae, Moina","Eukaryota","Arthropoda","Branchiopoda","Diplostraca","Moinidae","Moina",NA,96.2,7,"17OXC1IX",0,"NVP2",2022-01-20,"NCOS","Vernal Pool 2"
"166","ArthCOI","ESV_027747","TGTATGAGCCGCTATAGTAGGAACTGCTTTTAGAGTTCTGATTCGACTTGAATTAGGACAACCCGGAAGTTTTATTGGTGATGATCAAATTTATAACGTCATAGTTACCGCACACGCTTTTATTATAATTTTCTTTATAGTTATACCAATTATGATT","Eukaryota, Arthropoda, Collembola, Entomobryomorpha, Entomobryidae","Eukaryota","Arthropoda","Collembola","Entomobryomorpha","Entomobryidae",NA,NA,89.8,3,"5J7FNP4O",10,"NVP4",2022-01-20,"NCOS","Vernal Pool 4"
"167","ArthCOI","ESV_027747","TGTATGAGCCGCTATAGTAGGAACTGCTTTTAGAGTTCTGATTCGACTTGAATTAGGACAACCCGGAAGTTTTATTGGTGATGATCAAATTTATAACGTCATAGTTACCGCACACGCTTTTATTATAATTTTCTTTATAGTTATACCAATTATGATT","Eukaryota, Arthropoda, Collembola, Entomobryomorpha, Entomobryidae","Eukaryota","Arthropoda","Collembola","Entomobryomorpha","Entomobryidae",NA,NA,89.8,3,"53CM7JPJ",0,"VP1",2022-01-14,"COPR","Vernal Pool 1"
"168","ArthCOI","ESV_027747","TGTATGAGCCGCTATAGTAGGAACTGCTTTTAGAGTTCTGATTCGACTTGAATTAGGACAACCCGGAAGTTTTATTGGTGATGATCAAATTTATAACGTCATAGTTACCGCACACGCTTTTATTATAATTTTCTTTATAGTTATACCAATTATGATT","Eukaryota, Arthropoda, Collembola, Entomobryomorpha, Entomobryidae","Eukaryota","Arthropoda","Collembola","Entomobryomorpha","Entomobryidae",NA,NA,89.8,3,"17OXC1IX",0,"NVP2",2022-01-20,"NCOS","Vernal Pool 2"
"169","ArthCOI","ESV_027639","GGATCTGAGGGGGACTCGTAGGTACAACTATAAGAGTTCTTATTCGAACTGAATTAGCTGTTCCTGGGTCTTTTTTAGGTGAGCAGGTTTATAACACTATTGTTACTGCCCATGCATTCTTAATGATTTTCTTTTTAGTGATGCCTGTGTTCATG","Eukaryota, Annelida, Polychaeta, unk_order, Capitellidae, Capitella, Capitella teleta","Eukaryota","Annelida","Polychaeta","unk_order","Capitellidae","Capitella","Capitella teleta",83.9,1,"5J7FNP4O",0,"NVP4",2022-01-20,"NCOS","Vernal Pool 4"
"170","ArthCOI","ESV_027639","GGATCTGAGGGGGACTCGTAGGTACAACTATAAGAGTTCTTATTCGAACTGAATTAGCTGTTCCTGGGTCTTTTTTAGGTGAGCAGGTTTATAACACTATTGTTACTGCCCATGCATTCTTAATGATTTTCTTTTTAGTGATGCCTGTGTTCATG","Eukaryota, Annelida, Polychaeta, unk_order, Capitellidae, Capitella, Capitella teleta","Eukaryota","Annelida","Polychaeta","unk_order","Capitellidae","Capitella","Capitella teleta",83.9,1,"53CM7JPJ",0,"VP1",2022-01-14,"COPR","Vernal Pool 1"
"171","ArthCOI","ESV_027639","GGATCTGAGGGGGACTCGTAGGTACAACTATAAGAGTTCTTATTCGAACTGAATTAGCTGTTCCTGGGTCTTTTTTAGGTGAGCAGGTTTATAACACTATTGTTACTGCCCATGCATTCTTAATGATTTTCTTTTTAGTGATGCCTGTGTTCATG","Eukaryota, Annelida, Polychaeta, unk_order, Capitellidae, Capitella, Capitella teleta","Eukaryota","Annelida","Polychaeta","unk_order","Capitellidae","Capitella","Capitella teleta",83.9,1,"17OXC1IX",0,"NVP2",2022-01-20,"NCOS","Vernal Pool 2"
"172","ArthCOI","ESV_027879","GGATCTGAGGGGGACTCGTAGGTACAACTATAAGAGTTCTTATTCGAACTGAATTAGCTGTTCCTGGGTCTGTTTTAGGTGAGCAGGTTTATAACACTGTTGTTACTGCCCATGCATTCTTAATGATTTTCTTTTTAGTGATGCCTGTGTTCATG","Eukaryota, Annelida, Polychaeta, unk_order, Capitellidae, Capitella, Capitella teleta","Eukaryota","Annelida","Polychaeta","unk_order","Capitellidae","Capitella","Capitella teleta",83.9,1,"5J7FNP4O",0,"NVP4",2022-01-20,"NCOS","Vernal Pool 4"
"173","ArthCOI","ESV_027879","GGATCTGAGGGGGACTCGTAGGTACAACTATAAGAGTTCTTATTCGAACTGAATTAGCTGTTCCTGGGTCTGTTTTAGGTGAGCAGGTTTATAACACTGTTGTTACTGCCCATGCATTCTTAATGATTTTCTTTTTAGTGATGCCTGTGTTCATG","Eukaryota, Annelida, Polychaeta, unk_order, Capitellidae, Capitella, Capitella teleta","Eukaryota","Annelida","Polychaeta","unk_order","Capitellidae","Capitella","Capitella teleta",83.9,1,"53CM7JPJ",0,"VP1",2022-01-14,"COPR","Vernal Pool 1"
"174","ArthCOI","ESV_027879","GGATCTGAGGGGGACTCGTAGGTACAACTATAAGAGTTCTTATTCGAACTGAATTAGCTGTTCCTGGGTCTGTTTTAGGTGAGCAGGTTTATAACACTGTTGTTACTGCCCATGCATTCTTAATGATTTTCTTTTTAGTGATGCCTGTGTTCATG","Eukaryota, Annelida, Polychaeta, unk_order, Capitellidae, Capitella, Capitella teleta","Eukaryota","Annelida","Polychaeta","unk_order","Capitellidae","Capitella","Capitella teleta",83.9,1,"17OXC1IX",0,"NVP2",2022-01-20,"NCOS","Vernal Pool 2"
"175","ArthCOI","ESV_027641","TGTGTGGGCCTCAATAGTAGGTACGGCTTTTAGAGTATTAATTCGTCTTGAATTAGGTCAACCAGGTAGATTCATTGGAGACGATCAAATTTATAACGTTATAGTAACAGCCCACGCTTTCATTATAATTTTTTTCATGGTATGCCTATTATAATT","Eukaryota, Arthropoda, Collembola, Entomobryomorpha, Isotomidae","Eukaryota","Arthropoda","Collembola","Entomobryomorpha","Isotomidae",NA,NA,89.8,2,"5J7FNP4O",0,"NVP4",2022-01-20,"NCOS","Vernal Pool 4"
"176","ArthCOI","ESV_027641","TGTGTGGGCCTCAATAGTAGGTACGGCTTTTAGAGTATTAATTCGTCTTGAATTAGGTCAACCAGGTAGATTCATTGGAGACGATCAAATTTATAACGTTATAGTAACAGCCCACGCTTTCATTATAATTTTTTTCATGGTATGCCTATTATAATT","Eukaryota, Arthropoda, Collembola, Entomobryomorpha, Isotomidae","Eukaryota","Arthropoda","Collembola","Entomobryomorpha","Isotomidae",NA,NA,89.8,2,"53CM7JPJ",0,"VP1",2022-01-14,"COPR","Vernal Pool 1"
"177","ArthCOI","ESV_027641","TGTGTGGGCCTCAATAGTAGGTACGGCTTTTAGAGTATTAATTCGTCTTGAATTAGGTCAACCAGGTAGATTCATTGGAGACGATCAAATTTATAACGTTATAGTAACAGCCCACGCTTTCATTATAATTTTTTTCATGGTATGCCTATTATAATT","Eukaryota, Arthropoda, Collembola, Entomobryomorpha, Isotomidae","Eukaryota","Arthropoda","Collembola","Entomobryomorpha","Isotomidae",NA,NA,89.8,2,"17OXC1IX",0,"NVP2",2022-01-20,"NCOS","Vernal Pool 2"
"178","ArthCOI","ESV_027882","GGATCTGAGGGGGACTCGTAGGTACAACTATAAGAGTTCTTATTCGAACTGAATTAGCTGTTCCTGGGTCTTTTTTAGGTGAGCAGGTTTATAATACTGTTGTTACTGCCCATGCATTCTTAATGATTTTCTTTTTAGTGATGCCTGTGTTTATT","Eukaryota, Annelida, Polychaeta, unk_order, Capitellidae, Capitella, Capitella teleta","Eukaryota","Annelida","Polychaeta","unk_order","Capitellidae","Capitella","Capitella teleta",84.5,1,"5J7FNP4O",0,"NVP4",2022-01-20,"NCOS","Vernal Pool 4"
"179","ArthCOI","ESV_027882","GGATCTGAGGGGGACTCGTAGGTACAACTATAAGAGTTCTTATTCGAACTGAATTAGCTGTTCCTGGGTCTTTTTTAGGTGAGCAGGTTTATAATACTGTTGTTACTGCCCATGCATTCTTAATGATTTTCTTTTTAGTGATGCCTGTGTTTATT","Eukaryota, Annelida, Polychaeta, unk_order, Capitellidae, Capitella, Capitella teleta","Eukaryota","Annelida","Polychaeta","unk_order","Capitellidae","Capitella","Capitella teleta",84.5,1,"53CM7JPJ",0,"VP1",2022-01-14,"COPR","Vernal Pool 1"
"180","ArthCOI","ESV_027882","GGATCTGAGGGGGACTCGTAGGTACAACTATAAGAGTTCTTATTCGAACTGAATTAGCTGTTCCTGGGTCTTTTTTAGGTGAGCAGGTTTATAATACTGTTGTTACTGCCCATGCATTCTTAATGATTTTCTTTTTAGTGATGCCTGTGTTTATT","Eukaryota, Annelida, Polychaeta, unk_order, Capitellidae, Capitella, Capitella teleta","Eukaryota","Annelida","Polychaeta","unk_order","Capitellidae","Capitella","Capitella teleta",84.5,1,"17OXC1IX",0,"NVP2",2022-01-20,"NCOS","Vernal Pool 2"
"181","ArthCOI","ESV_027750","AACATTTAGTGGAATGATTGGTACTTTATTATCCGTTCTAATACGTTTAGAACTTGCTTATCCCGGAAATCAATTTTTTCAAGGAAATCATCAATTATATAATGTCGTTGTTACAGCGCATGCATTATTAATGATTTTTTTTATGGTAATGCCAATTTTATTA","Eukaryota, Arthropoda, Arachnida, Mesostigmata","Eukaryota","Arthropoda","Arachnida","Mesostigmata",NA,NA,NA,81,1,"5J7FNP4O",8,"NVP4",2022-01-20,"NCOS","Vernal Pool 4"
"182","ArthCOI","ESV_027750","AACATTTAGTGGAATGATTGGTACTTTATTATCCGTTCTAATACGTTTAGAACTTGCTTATCCCGGAAATCAATTTTTTCAAGGAAATCATCAATTATATAATGTCGTTGTTACAGCGCATGCATTATTAATGATTTTTTTTATGGTAATGCCAATTTTATTA","Eukaryota, Arthropoda, Arachnida, Mesostigmata","Eukaryota","Arthropoda","Arachnida","Mesostigmata",NA,NA,NA,81,1,"53CM7JPJ",0,"VP1",2022-01-14,"COPR","Vernal Pool 1"
"183","ArthCOI","ESV_027750","AACATTTAGTGGAATGATTGGTACTTTATTATCCGTTCTAATACGTTTAGAACTTGCTTATCCCGGAAATCAATTTTTTCAAGGAAATCATCAATTATATAATGTCGTTGTTACAGCGCATGCATTATTAATGATTTTTTTTATGGTAATGCCAATTTTATTA","Eukaryota, Arthropoda, Arachnida, Mesostigmata","Eukaryota","Arthropoda","Arachnida","Mesostigmata",NA,NA,NA,81,1,"17OXC1IX",0,"NVP2",2022-01-20,"NCOS","Vernal Pool 2"
"184","ArthCOI","ESV_027592","GGATCTGAGGGGGACTCGTAGGTACAACTATAAGAGTTCTTATTCGAACTGAACTAGCTGTTCCTGGGTCTTTTTTAGGTGAGCAGGTTTATAACACTGTTGTTACTGCCCATGCATTCTTAATGATTTTCTTTTTAGTGATGCCTGTGTTCATG","Eukaryota, Annelida, Polychaeta, unk_order, Capitellidae, Capitella, Capitella teleta","Eukaryota","Annelida","Polychaeta","unk_order","Capitellidae","Capitella","Capitella teleta",83.9,1,"5J7FNP4O",0,"NVP4",2022-01-20,"NCOS","Vernal Pool 4"
"185","ArthCOI","ESV_027592","GGATCTGAGGGGGACTCGTAGGTACAACTATAAGAGTTCTTATTCGAACTGAACTAGCTGTTCCTGGGTCTTTTTTAGGTGAGCAGGTTTATAACACTGTTGTTACTGCCCATGCATTCTTAATGATTTTCTTTTTAGTGATGCCTGTGTTCATG","Eukaryota, Annelida, Polychaeta, unk_order, Capitellidae, Capitella, Capitella teleta","Eukaryota","Annelida","Polychaeta","unk_order","Capitellidae","Capitella","Capitella teleta",83.9,1,"53CM7JPJ",0,"VP1",2022-01-14,"COPR","Vernal Pool 1"
"186","ArthCOI","ESV_027592","GGATCTGAGGGGGACTCGTAGGTACAACTATAAGAGTTCTTATTCGAACTGAACTAGCTGTTCCTGGGTCTTTTTTAGGTGAGCAGGTTTATAACACTGTTGTTACTGCCCATGCATTCTTAATGATTTTCTTTTTAGTGATGCCTGTGTTCATG","Eukaryota, Annelida, Polychaeta, unk_order, Capitellidae, Capitella, Capitella teleta","Eukaryota","Annelida","Polychaeta","unk_order","Capitellidae","Capitella","Capitella teleta",83.9,1,"17OXC1IX",0,"NVP2",2022-01-20,"NCOS","Vernal Pool 2"
"187","ArthCOI","ESV_027524","GGATCTGAGGGGGACTCGTAGGTACAACTATAAGAGTTCTTATTCGAACTGAATTAGCTGTTCCTGGGTCTTTTTTAGGTGAGCAGGTTTACAACACTGTTGTTACTGCCCATGCATACTTAATGATTTTCTTTTTAGTGATGCCTGTGTTCATG","Eukaryota, Annelida, Polychaeta, unk_order, Capitellidae, Capitella, Capitella teleta","Eukaryota","Annelida","Polychaeta","unk_order","Capitellidae","Capitella","Capitella teleta",83.2,1,"5J7FNP4O",0,"NVP4",2022-01-20,"NCOS","Vernal Pool 4"
"188","ArthCOI","ESV_027524","GGATCTGAGGGGGACTCGTAGGTACAACTATAAGAGTTCTTATTCGAACTGAATTAGCTGTTCCTGGGTCTTTTTTAGGTGAGCAGGTTTACAACACTGTTGTTACTGCCCATGCATACTTAATGATTTTCTTTTTAGTGATGCCTGTGTTCATG","Eukaryota, Annelida, Polychaeta, unk_order, Capitellidae, Capitella, Capitella teleta","Eukaryota","Annelida","Polychaeta","unk_order","Capitellidae","Capitella","Capitella teleta",83.2,1,"53CM7JPJ",0,"VP1",2022-01-14,"COPR","Vernal Pool 1"
"189","ArthCOI","ESV_027524","GGATCTGAGGGGGACTCGTAGGTACAACTATAAGAGTTCTTATTCGAACTGAATTAGCTGTTCCTGGGTCTTTTTTAGGTGAGCAGGTTTACAACACTGTTGTTACTGCCCATGCATACTTAATGATTTTCTTTTTAGTGATGCCTGTGTTCATG","Eukaryota, Annelida, Polychaeta, unk_order, Capitellidae, Capitella, Capitella teleta","Eukaryota","Annelida","Polychaeta","unk_order","Capitellidae","Capitella","Capitella teleta",83.2,1,"17OXC1IX",0,"NVP2",2022-01-20,"NCOS","Vernal Pool 2"
"190","ArthCOI","ESV_027593","GGATCTGAGGGGGACTCGTAGGTACAACTATAAGAGTTCTTATTCGAACTGAATTAGCTGTTCCTGGGTCTTTTTTAGGTGAGCAGGTTTATAACACTGTTGTCACTGCCCATGCATTCTTAATGATTTTCTTTTTAGTGATGCCTGTGTTTATG","Eukaryota, Annelida, Polychaeta, unk_order, Capitellidae, Capitella, Capitella teleta","Eukaryota","Annelida","Polychaeta","unk_order","Capitellidae","Capitella","Capitella teleta",84.5,1,"5J7FNP4O",0,"NVP4",2022-01-20,"NCOS","Vernal Pool 4"
"191","ArthCOI","ESV_027593","GGATCTGAGGGGGACTCGTAGGTACAACTATAAGAGTTCTTATTCGAACTGAATTAGCTGTTCCTGGGTCTTTTTTAGGTGAGCAGGTTTATAACACTGTTGTCACTGCCCATGCATTCTTAATGATTTTCTTTTTAGTGATGCCTGTGTTTATG","Eukaryota, Annelida, Polychaeta, unk_order, Capitellidae, Capitella, Capitella teleta","Eukaryota","Annelida","Polychaeta","unk_order","Capitellidae","Capitella","Capitella teleta",84.5,1,"53CM7JPJ",0,"VP1",2022-01-14,"COPR","Vernal Pool 1"
"192","ArthCOI","ESV_027593","GGATCTGAGGGGGACTCGTAGGTACAACTATAAGAGTTCTTATTCGAACTGAATTAGCTGTTCCTGGGTCTTTTTTAGGTGAGCAGGTTTATAACACTGTTGTCACTGCCCATGCATTCTTAATGATTTTCTTTTTAGTGATGCCTGTGTTTATG","Eukaryota, Annelida, Polychaeta, unk_order, Capitellidae, Capitella, Capitella teleta","Eukaryota","Annelida","Polychaeta","unk_order","Capitellidae","Capitella","Capitella teleta",84.5,1,"17OXC1IX",0,"NVP2",2022-01-20,"NCOS","Vernal Pool 2"
